Frame#,Time,V.Sacral.x,V.Sacral.y,V.Sacral.z,R.ASIS.x,R.ASIS.y,R.ASIS.z,L.ASIS.x,L.ASIS.y,L.ASIS.z
1,0,-1357.51672,-110.65513,1130.26575,-1146.39514,-236.24498,1105.54199,-1185.64551,64.37856,1104.4281
2,0.008,-1351.8501,-111.76131,1130.35388,-1139.96252,-238.02921,1105.89417,-1178.61694,62.57243,1103.99255
3,0.017,-1344.3717,-113.81086,1129.72717,-1134.69189,-238.4841,1105.32581,-1172.58496,62.08279,1104.30127
4,0.025,-1337.98584,-115.10179,1130.05969,-1127.06226,-238.65735,1105.30554,-1165.00842,61.59222,1103.15979
5,0.033,-1331.45264,-116.214,1130.03491,-1124.30237,-239.88242,1103.47864,-1159.28857,62.0386,1103.27612
6,0.042,-1325.07764,-116.87746,1129.28845,-1113.78687,-242.41084,1103.60046,-1152.18481,59.85675,1102.65759
7,0.05,-1318.59827,-117.80531,1128.69861,-1111.70142,-241.56007,1102.97278,-1145.32483,59.83302,1102.93042
8,0.058,-1312.22327,-119.59081,1128.85107,-1102.1825,-242.98123,1103.34216,-1138.82129,57.84015,1101.39478
9,0.067,-1304.39172,-120.6933,1128.17957,-1096.65112,-244.00912,1104.03479,-1131.22058,58.54003,1101.9469
10,0.075,-1297.63281,-121.00478,1127.98267,-1090.23901,-245.63243,1102.76208,-1124.35583,56.57372,1100.9834
11,0.083,-1291.49377,-121.23898,1126.91931,-1087.30542,-245.82944,1102.55322,-1116.2417,54.67511,1100.60022
12,0.092,-1284.60144,-122.0594,1127.17737,-1078.33618,-247.19684,1102.29126,-1109.17749,53.42252,1100.45874
13,0.1,-1278.20203,-122.21236,1126.33044,-1073.47021,-248.51704,1101.48352,-1101.79871,52.41965,1099.78918
14,0.108,-1270.90881,-121.8812,1125.12769,-1067.2478,-249.34001,1100.68701,-1093.97583,51.66016,1099.64709
15,0.117,-1264.29346,-122.04059,1124.42114,-1061.08801,-250.92557,1099.48621,-1086.51611,49.72839,1097.77319
16,0.125,-1256.56165,-122.56701,1123.30762,-1051.95251,-253.28412,1098.96558,-1078.44421,50.0787,1097.53687
17,0.133,-1250.27173,-122.38778,1121.92285,-1048.60535,-254.11948,1099.00452,-1071.53198,49.27183,1096.25977
18,0.142,-1244.33557,-122.55041,1121.73523,-1042.01782,-255.29576,1097.99841,-1063.98511,47.27838,1095.16272
19,0.15,-1237.60901,-121.86701,1119.88293,-1033.53296,-257.19693,1096.63733,-1056.88171,46.0612,1093.974
20,0.158,-1228.65637,-122.65548,1118.90942,-1030.96301,-257.21567,1095.28784,-1047.45642,44.7055,1093.5614
21,0.167,-1222.04346,-122.38357,1117.31421,-1024.0918,-259.69238,1094.76733,-1040.06738,43.90551,1092.96277
22,0.175,-1215.73132,-122.67715,1116.82678,-1017.84613,-260.71307,1094.25488,-1032.45215,42.93048,1091.1676
23,0.183,-1208.86609,-122.64003,1115.00378,-1008.83392,-260.79346,1092.48303,-1024.85168,41.7646,1090.97339
24,0.192,-1200.77454,-123.10696,1113.48657,-1002.83691,-262.46646,1090.42529,-1017.64624,42.63193,1089.62524
25,0.2,-1193.28088,-122.91238,1112.26624,-994.72754,-263.41302,1090.70422,-1009.74103,39.70135,1089.1156
26,0.208,-1186.28687,-122.79459,1110.60132,-987.02844,-263.12381,1088.58813,-1002.60175,41.30564,1087.41284
27,0.217,-1177.90222,-123.57919,1109.37781,-979.32312,-262.45526,1086.18457,-995.46021,40.14384,1086.27698
28,0.225,-1170.17932,-125.1011,1107.66089,-970.16583,-262.93359,1085.44836,-987.93365,41.52991,1084.55688
29,0.233,-1163.52649,-125.5976,1106.33044,-962.78455,-261.96738,1084.49866,-981.16724,41.46775,1083.28235
30,0.242,-1155.27673,-126.772,1104.84558,-952.91437,-262.94394,1083.58594,-973.29504,41.06672,1081.75598
31,0.25,-1146.83386,-127.104,1103.59387,-944.35437,-261.93326,1081.35193,-966.61627,40.43675,1080.48474
32,0.258,-1139.9408,-127.99416,1101.97961,-936.68805,-261.4357,1080.73828,-958.9552,41.03154,1078.56311
33,0.267,-1130.1864,-129.68724,1101.20361,-928.42004,-260.65454,1079.75671,-951.85321,42.2319,1076.48853
34,0.275,-1123.35791,-129.21419,1100.23853,-919.98462,-261.63168,1079.11304,-944.40039,42.80611,1074.94055
35,0.283,-1113.20325,-130.82422,1098.94226,-909.36285,-260.56421,1077.26135,-936.91461,42.28611,1073.83899
36,0.292,-1106.54297,-130.90877,1098.96265,-903.76538,-260.289,1077.7406,-928.7691,43.31879,1072.44788
37,0.3,-1097.39709,-130.88286,1097.69177,-893.67084,-259.93661,1077.32922,-920.24585,44.49079,1071.24951
38,0.308,-1088.93762,-131.4698,1096.88257,-884.48669,-260.92093,1077.10449,-911.79877,44.56604,1070.59863
39,0.317,-1080.0459,-130.64244,1096.96155,-877.05627,-261.10977,1077.57605,-902.95508,43.95143,1070.59131
40,0.325,-1072.21802,-130.02888,1097.04944,-868.41449,-260.57657,1077.31763,-893.51031,44.36039,1070.53369
41,0.333,-1062.75464,-129.80208,1098.00281,-861.16425,-259.40579,1077.8429,-883.17706,42.79979,1070.71631
42,0.342,-1054.76636,-129.00974,1098.84045,-852.75342,-261.87906,1079.31384,-874.73383,43.50298,1071.95532
43,0.35,-1045.10571,-128.68301,1100.36426,-845.23364,-261.2598,1081.22144,-864.07605,42.16814,1074.16223
44,0.358,-1037.38037,-127.4537,1101.20154,-838.32758,-260.86176,1082.82471,-854.87738,42.23262,1075.20251
45,0.367,-1028.07874,-127.76892,1102.74243,-830.80737,-261.83585,1084.30164,-843.96887,42.18224,1078.60535
46,0.375,-1019.43951,-126.62122,1104.12024,-823.38141,-261.7236,1085.14978,-835.2785,40.29398,1080.88477
47,0.383,-1010.33014,-125.99184,1105.54358,-815.8869,-260.02875,1088.20862,-825.3877,40.23967,1083.08972
48,0.392,-1002.4707,-125.59316,1107.46167,-807.63586,-259.25549,1088.1698,-817.08405,40.29546,1085.30237
49,0.4,-993.40411,-124.16152,1108.71277,-795.4483,-261.53745,1089.37769,-807.17169,40.40097,1086.57947
50,0.408,-985.1322,-123.48494,1111.35535,-785.75208,-260.8252,1090.5387,-798.78168,40.93888,1088.62402
51,0.417,-976.6084,-122.35201,1112.2439,-780.08545,-261.20377,1092.64575,-790.15961,40.52036,1090.12939
52,0.425,-968.82074,-122.27914,1113.71545,-772.25549,-259.70129,1093.52185,-781.30231,41.55302,1091.12732
53,0.433,-960.06909,-121.80857,1114.93262,-763.87573,-259.98254,1094.5083,-773.13013,42.54797,1091.55249
54,0.442,-952.92987,-121.90637,1115.79285,-754.67944,-260.12674,1094.42773,-765.95001,42.73263,1091.84094
55,0.45,-943.78149,-122.54298,1116.91736,-748.53589,-258.22549,1094.70068,-758.25824,41.69307,1093.68652
56,0.458,-937.49518,-121.39882,1117.83691,-740.86798,-258.3407,1094.75854,-750.42841,42.99557,1092.34668
57,0.467,-929.80261,-122.29767,1118.36353,-732.55042,-257.25513,1094.93323,-743.35138,42.58137,1091.87549
58,0.475,-921.79901,-122.89684,1118.64819,-726.8866,-258.20786,1095.78857,-736.16571,43.44374,1091.44177
59,0.483,-914.82184,-122.84666,1119.78296,-717.09717,-256.87491,1095.73596,-729.74731,43.82841,1091.40637
60,0.492,-907.06152,-123.50404,1120.09473,-711.1264,-257.32013,1097.0166,-722.58112,44.34623,1090.33105
61,0.5,-900.54755,-123.78868,1120.57971,-701.80017,-256.25278,1097.21472,-717.08624,44.24659,1090.37231
62,0.508,-893.00238,-124.89828,1121.10364,-693.61511,-256.1153,1098.29834,-710.6283,44.79292,1090.59998
63,0.517,-885.51465,-124.77474,1122.21997,-686.47321,-256.59009,1099.14746,-704.37207,45.24525,1091.29932
64,0.525,-878.93738,-126.79866,1123.61694,-676.94934,-256.45184,1101.37451,-697.87817,47.6154,1091.54907
65,0.533,-870.74957,-127.57629,1123.7019,-671.90881,-255.60397,1101.3866,-691.80585,46.37103,1092.34973
66,0.542,-864.34033,-127.10615,1124.51404,-662.06287,-257.10373,1102.97021,-684.77417,47.68984,1093.68408
67,0.55,-856.94116,-127.99191,1125.96594,-654.82654,-257.82626,1104.96863,-676.96307,47.79629,1096.08398
68,0.558,-848.77344,-128.51349,1126.0791,-644.6438,-258.42691,1107.06421,-669.86072,48.46332,1096.5437
69,0.567,-842.13489,-128.7579,1127.79248,-639.17072,-259.1647,1107.26343,-663.55847,47.1985,1098.11047
70,0.575,-834.58997,-129.22133,1128.97083,-632.08527,-260.3215,1108.52588,-655.65137,47.43554,1098.88159
71,0.583,-827.0235,-128.98532,1129.47131,-625.37231,-259.198,1108.89124,-648.25311,45.52915,1099.87109
72,0.592,-819.66064,-129.29007,1130.41833,-619.60834,-260.55957,1110.7583,-640.36511,45.44728,1101.06934
73,0.6,-812.81256,-128.71771,1131.16565,-610.70837,-260.15833,1111.70862,-632.03107,43.65746,1101.87366
74,0.608,-804.71472,-129.01855,1131.6311,-605.53101,-261.30441,1112.2926,-624.27905,43.75756,1101.8374
75,0.617,-797.60162,-129.10017,1132.54199,-598.11816,-261.23596,1112.89941,-616.6778,41.93266,1101.74329
76,0.625,-789.69977,-129.75502,1132.44324,-590.46942,-263.20053,1113.98804,-608.85944,40.09337,1101.79614
77,0.633,-782.49695,-128.5723,1132.71338,-584.10455,-264.30905,1114.22095,-600.79407,39.28459,1102.22595
78,0.642,-774.84888,-129.19356,1133.33447,-576.76581,-263.77359,1114.77234,-591.81317,37.97608,1101.64648
79,0.65,-767.76422,-128.56458,1133.36523,-569.3382,-265.22415,1115.01685,-585.06757,37.0557,1101.41931
80,0.658,-759.87671,-129.43723,1133.56238,-562.19141,-265.05127,1114.78979,-577.02295,37.02904,1101.21716
81,0.667,-752.51007,-130.39021,1133.09302,-554.60925,-266.65405,1114.26086,-569.47583,35.17917,1100.91528
82,0.675,-744.75677,-130.21011,1132.90063,-547.02417,-266.73224,1114.06897,-561.42963,35.56912,1099.94092
83,0.683,-737.6283,-130.93283,1132.54504,-540.25378,-267.30188,1114.33362,-554.87061,34.54727,1099.92883
84,0.692,-729.80139,-132.28523,1132.12891,-532.76544,-268.23062,1113.72961,-547.15289,33.47764,1100.04272
85,0.7,-722.76868,-132.14407,1131.4021,-524.77417,-268.78738,1113.40967,-540.6333,32.96738,1099.81689
86,0.708,-715.85657,-132.77609,1131.75159,-516.62433,-268.74814,1112.54785,-532.83722,31.88253,1099.34143
87,0.717,-707.39777,-135.43886,1130.75391,-508.71292,-270.71985,1112.08679,-526.57501,31.63659,1098.43042
88,0.725,-700.74512,-136.53159,1130.38086,-500.74561,-269.88101,1111.36157,-519.87158,31.80305,1097.34094
89,0.733,-692.97766,-137.08948,1128.99609,-492.72699,-270.82602,1110.18274,-512.74774,31.37387,1096.69727
90,0.742,-684.74133,-139.46951,1128.41016,-484.68359,-271.64676,1109.53491,-506.37549,30.70638,1094.55444
91,0.75,-677.66016,-140.07542,1126.44446,-476.57471,-271.91434,1109.1145,-498.47842,31.68062,1094.41101
92,0.758,-670.67401,-141.88087,1126.20325,-468.72327,-272.65402,1107.5885,-492.61682,31.24946,1092.1969
93,0.767,-661.9079,-144.50987,1125.2251,-459.09039,-272.99783,1106.48877,-486.13028,29.0641,1091.35693
94,0.775,-654.18268,-145.08745,1123.7937,-451.0351,-274.09097,1105.21057,-478.59909,29.49849,1090.43433
95,0.783,-645.99139,-148.45155,1122.21729,-442.18787,-273.83997,1104.28796,-471.67538,28.51539,1088.50659
96,0.792,-637.11865,-149.40508,1121.84778,-434.36887,-275.78281,1102.60278,-464.57126,28.75872,1087.4281
97,0.8,-628.86237,-150.60051,1120.32788,-425.21362,-275.95248,1101.36938,-456.19846,27.70885,1086.5708
98,0.808,-621.62939,-151.70355,1119.65161,-417.18866,-277.25336,1100.65894,-448.22922,25.97683,1085.50793
99,0.817,-612.7085,-153.11278,1118.29565,-408.6644,-276.77817,1098.87903,-439.98804,25.65726,1084.48608
100,0.825,-604.60315,-153.90672,1117.12683,-399.63235,-277.95453,1097.42261,-431.85086,24.58833,1084.00562
101,0.833,-596.51178,-155.31184,1116.22839,-391.53189,-278.37363,1096.60107,-422.28177,24.02186,1084.00879
102,0.842,-588.59393,-156.078,1115.06812,-382.62454,-279.33829,1094.69055,-414.18185,22.39298,1081.84814
103,0.85,-580.06152,-158.20868,1114.99634,-374.63126,-281.09879,1093.79187,-406.92902,20.61499,1081.81775
104,0.858,-570.94299,-158.55173,1113.98889,-366.94379,-282.91479,1092.74023,-397.3287,18.80638,1080.7489
105,0.867,-563.63562,-158.43443,1113.06934,-358.63168,-284.60739,1091.60083,-390.00909,16.38142,1079.16296
106,0.875,-555.37891,-160.16797,1112.0802,-351.43753,-286.39957,1090.93127,-379.70404,14.66618,1078.53247
107,0.883,-547.14856,-161.30067,1111.69043,-342.50885,-288.79559,1090.23328,-371.17639,12.33824,1078.06567
108,0.892,-538.47418,-162.44011,1111.19141,-332.8855,-291.0585,1090.48254,-362.98056,11.31812,1077.52783
109,0.9,-530.28448,-163.58752,1111.43835,-325.83072,-293.77286,1090.40503,-353.65814,9.82121,1077.13293
110,0.908,-521.97308,-164.59627,1110.84143,-317.08527,-295.89178,1090.7124,-345.95728,7.90263,1077.00684
111,0.917,-513.07275,-166.84108,1111.02087,-307.35971,-298.6517,1090.88452,-337.16608,6.48836,1077.77136
112,0.925,-503.38174,-168.27252,1110.73999,-297.95322,-300.64493,1091.31079,-328.17084,3.7296,1077.9397
113,0.933,-495.6781,-170.43355,1110.69653,-288.59106,-301.32166,1091.63672,-322.50967,1.62538,1078.82849
114,0.942,-486.51065,-173.23827,1112.02625,-279.49454,-303.48642,1092.9895,-311.65036,0.2956,1079.28015
115,0.95,-477.97507,-175.42061,1112.51245,-270.22516,-304.42844,1093.76672,-304.29327,-1.26755,1080.3197
116,0.958,-469.77344,-178.53647,1113.70288,-261.38855,-306.77209,1094.19751,-295.9476,-2.14604,1081.27747
117,0.967,-460.82141,-180.94089,1114.60962,-252.80095,-307.08691,1095.70813,-287.4751,-5.10223,1082.79761
118,0.975,-452.25366,-183.52078,1115.76709,-243.92967,-308.79947,1096.63135,-278.76703,-7.9794,1083.41736
119,0.983,-444.19147,-185.48868,1116.71484,-234.56494,-310.61722,1098.37061,-270.47681,-9.24076,1084.72644
120,0.992,-434.87311,-188.38161,1117.16016,-225.7576,-312.2308,1099.42383,-261.34729,-12.20355,1084.94714
121,1,-426.33279,-190.85934,1118.23425,-216.45978,-314.63782,1101.18896,-253.77,-14.61512,1085.18481
122,1.008,-417.54544,-192.04018,1118.56897,-208.48279,-316.77225,1101.97205,-245.6002,-15.98207,1085.15942
123,1.017,-409.20953,-194.43123,1119.22583,-200.70364,-319.13147,1102.41943,-237.08698,-18.63282,1086.25891
124,1.025,-400.60876,-196.40446,1118.52527,-191.26028,-322.19412,1102.88098,-229.88007,-21.00287,1085.73608
125,1.033,-392.60754,-198.60449,1119.10559,-183.36707,-322.83731,1102.70178,-221.38885,-23.43874,1085.65283
126,1.042,-384.65637,-200.35867,1119.64136,-174.03789,-324.63034,1101.5918,-213.07108,-24.83385,1085.88672
127,1.05,-376.76685,-200.94029,1119.97986,-166.1391,-325.96542,1100.86328,-204.5654,-26.34517,1086.22009
128,1.058,-369.14786,-202.33609,1120.53455,-159.01741,-327.66266,1099.97302,-196.10402,-27.59788,1085.74023
129,1.067,-360.4715,-203.83655,1120.66699,-151.22592,-329.1965,1099.19812,-188.30998,-29.17161,1085.46362
130,1.075,-352.84705,-203.71312,1120.87561,-143.1329,-331.53543,1099.36304,-179.27226,-29.69855,1085.48572
131,1.083,-343.63815,-205.85789,1121.20764,-135.61461,-332.36151,1099.85657,-172.39256,-31.31698,1086.00659
132,1.092,-337.57751,-207.24066,1120.87927,-128.58723,-333.71603,1100.9436,-163.15045,-31.61787,1086.50305
133,1.1,-330.00372,-207.31685,1121.3092,-120.9182,-335.96851,1102.25269,-155.69786,-33.5406,1086.33911
134,1.108,-322.87897,-208.87288,1121.91614,-112.86823,-338.80038,1102.72974,-147.10246,-33.77346,1087.30383
135,1.117,-314.92737,-208.87059,1122.24109,-106.76008,-339.51859,1104.54907,-138.61478,-35.26416,1088.56067
136,1.125,-307.40872,-208.96872,1122.41333,-101.52308,-340.27353,1105.59033,-130.63892,-37.1246,1090.31653
137,1.133,-300.52798,-209.5419,1123.28406,-93.19581,-342.12265,1106.276,-122.53883,-38.10767,1091.88525
138,1.142,-292.38718,-210.7437,1124.11523,-86.13184,-342.37704,1107.56567,-115.8479,-40.17982,1092.57104
139,1.15,-284.63672,-211.14496,1124.68042,-78.35196,-343.08264,1108.22144,-107.59139,-40.21532,1094.55566
140,1.158,-277.90805,-211.89828,1125.07483,-71.11665,-343.80591,1107.88794,-99.35538,-40.73639,1095.69531
141,1.167,-270.49747,-212.09792,1125.14063,-63.58179,-343.69266,1107.57947,-92.96973,-41.59094,1097.46753
142,1.175,-262.44379,-212.80119,1124.28223,-55.07039,-344.19159,1108.05469,-84.96796,-42.21035,1097.66589
143,1.183,-254.81343,-213.46507,1125.05762,-48.32363,-342.6261,1107.89832,-78.76263,-42.46611,1098.02478
144,1.192,-247.31143,-214.28177,1124.89771,-40.32141,-342.78397,1108.09253,-70.80926,-41.93577,1098.72998
145,1.2,-239.83736,-214.77638,1126.15698,-31.40384,-343.94037,1108.13684,-63.68305,-42.5436,1099.5094
146,1.208,-232.83336,-215.56642,1126.69312,-23.6776,-343.56924,1108.15515,-56.22513,-40.97403,1098.71082
147,1.217,-225.79774,-216.85498,1126.20789,-14.66053,-344.78094,1108.12354,-50.18071,-42.07127,1099.06824
148,1.225,-219.21114,-217.22523,1126.67163,-9.11096,-343.95728,1107.20142,-42.59297,-41.74724,1099.13269
149,1.233,-210.88411,-218.09644,1126.67041,-2.21974,-344.07852,1107.41711,-34.58783,-41.38828,1098.83691
150,1.242,-203.216,-218.39644,1126.55884,5.41466,-344.69333,1107.28149,-27.5108,-43.23269,1098.83789
151,1.25,-195.76619,-219.68549,1126.46362,13.07946,-346.28833,1107.17261,-19.85663,-43.19427,1098.42749
152,1.258,-188.13564,-219.51161,1125.95935,18.9966,-345.41742,1106.61755,-12.16633,-42.74997,1098.84448
153,1.267,-180.15907,-219.61093,1125.40234,26.38935,-346.54562,1105.86877,-5.06356,-43.64485,1098.52246
154,1.275,-172.40211,-219.7843,1125.4491,33.57685,-346.9476,1106.31592,3.70871,-45.46654,1098.50513
155,1.283,-164.79683,-219.51836,1125.43359,40.53497,-347.24359,1105.59753,11.51931,-45.02821,1098.42419
156,1.292,-158.41193,-219.83536,1124.62378,47.3294,-347.80313,1104.79895,18.8938,-45.50736,1098.02966
157,1.3,-150.80051,-219.17847,1124.3667,54.10009,-349.21793,1104.21106,26.57271,-46.18476,1096.85559
158,1.308,-143.74805,-218.76009,1124.34473,61.89233,-350.37973,1103.80249,34.82204,-46.24896,1096.42078
159,1.317,-136.25803,-218.59682,1122.21729,67.37412,-349.4986,1102.50208,42.32031,-46.51474,1095.99927
160,1.325,-129.70576,-218.1633,1121.55029,72.9408,-349.7966,1101.62915,50.44579,-47.84815,1094.78613
161,1.333,-122.39428,-217.83902,1121.49658,80.46231,-350.41449,1100.25537,58.75351,-46.28103,1093.86719
162,1.342,-114.80067,-217.53632,1119.22473,87.53071,-351.29575,1098.80115,66.10396,-47.62467,1092.82703
163,1.35,-108.28465,-217.45694,1118.64612,94.46377,-352.15396,1097.93323,74.52739,-48.81038,1091.28235
164,1.358,-99.02511,-216.78691,1117.75012,102.18952,-353.24808,1097.17737,81.75449,-48.04189,1090.11218
165,1.367,-91.87373,-216.14886,1116.01025,109.33308,-353.52789,1096.67432,91.49814,-47.19275,1089.00562
166,1.375,-83.37326,-215.54976,1114.89221,116.75404,-354.3866,1095.50964,99.02298,-48.38231,1087.92542
167,1.383,-75.16741,-216.21199,1113.39612,124.57843,-354.25345,1094.86426,107.55485,-48.37308,1086.83276
168,1.392,-67.45691,-215.47723,1112.25049,131.66922,-353.60211,1092.92078,115.99873,-48.24433,1085.68994
169,1.4,-58.95655,-214.54723,1110.98535,140.87073,-354.21521,1092.83154,124.41362,-47.74282,1084.11975
170,1.408,-50.64807,-213.91617,1109.57019,149.3784,-352.92859,1092.16614,132.94981,-46.84232,1083.3009
171,1.417,-43.16122,-213.43349,1107.77808,157.31607,-352.1304,1090.42273,141.78841,-46.52134,1082.57397
172,1.425,-34.38876,-212.06531,1107.31543,165.76714,-351.32205,1089.43542,150.24527,-46.98576,1081.37207
173,1.433,-25.00597,-212.9494,1105.82922,175.16008,-350.47095,1088.22229,158.35767,-45.99556,1079.2478
174,1.442,-17.09948,-211.95866,1103.80286,183.42982,-349.49243,1087.38806,166.68271,-44.70179,1078.37085
175,1.45,-7.70513,-212.22183,1102.50452,193.53604,-347.95505,1086.32178,175.07733,-44.44296,1077.11401
176,1.458,-1.41611,-212.04765,1102.13623,202.8063,-346.91846,1086.07263,182.16382,-44.28946,1075.4104
177,1.467,7.92104,-211.68758,1101.18665,211.54134,-345.742,1084.67981,190.68965,-43.3925,1073.14563
178,1.475,15.68986,-211.39728,1099.77844,222.282,-343.65741,1083.95044,198.62057,-41.14539,1072.20422
179,1.483,25.47942,-211.61456,1098.86072,231.69794,-342.07196,1083.53882,206.6031,-39.24343,1070.99805
180,1.492,35.44274,-210.62495,1097.07593,240.24481,-340.43869,1082.41284,214.34204,-36.77957,1070.18591
181,1.5,44.10169,-209.66994,1097.25488,250.28592,-338.7529,1081.39172,223.67752,-34.09061,1069.95374
182,1.508,53.97762,-209.76445,1097.48706,259.94952,-337.34457,1081.61792,232.89903,-32.32266,1069.9895
183,1.517,62.78268,-208.3196,1097.33862,268.43021,-334.72296,1081.50195,241.73898,-28.98032,1069.68958
184,1.525,73.01952,-207.95345,1097.81628,278.03857,-334.6347,1083.08533,251.21178,-28.46958,1071.48682
185,1.533,81.98562,-207.42078,1098.82153,287.13358,-333.06039,1084.08435,260.84351,-28.24863,1071.38745
186,1.542,90.98476,-204.84819,1099.6532,296.11041,-331.58884,1085.16113,269.78998,-27.01085,1073.67981
187,1.55,99.94514,-203.05023,1101.19861,305.41455,-331.50558,1086.56506,280.05923,-25.92751,1076.10242
188,1.558,110.25716,-202.08725,1102.3623,313.99274,-329.51242,1088.59094,290.17914,-25.72758,1078.6283
189,1.567,119.47038,-199.91071,1103.55505,323.56564,-328.39291,1089.2406,300.25305,-25.32479,1080.7356
190,1.575,128.7412,-197.55266,1104.90283,331.944,-326.48022,1091.19373,310.04782,-24.46224,1083.10876
191,1.583,137.53096,-195.80443,1106.23975,341.2912,-324.75894,1092.27222,319.88806,-23.05244,1084.69104
192,1.592,147.13687,-194.15874,1108.28418,351.62256,-325.28891,1092.92822,329.10019,-22.41882,1086.42566
193,1.6,156.11276,-191.68037,1109.56213,361.242,-323.53244,1094.45605,339.22849,-22.13513,1087.10986
194,1.608,164.93233,-190.7845,1111.43115,368.96332,-322.1051,1094.79712,346.77435,-19.41759,1088.82825
195,1.617,173.01828,-189.763,1112.87134,377.38947,-319.98975,1095.65649,355.45923,-18.30939,1089.6626
196,1.625,181.49838,-188.95406,1113.97107,386.71994,-319.90387,1097.27197,364.00366,-17.20905,1090.37671
197,1.633,189.92314,-188.13332,1115.15833,394.7775,-317.51337,1097.53613,373.42606,-15.2014,1090.76538
198,1.642,198.18964,-186.67429,1115.90466,401.87592,-315.61288,1097.46973,381.18427,-13.49633,1090.92969
199,1.65,205.85197,-186.75336,1117.20605,409.53033,-314.02115,1098.21362,390.16818,-12.07519,1091.51331
200,1.658,214.48491,-186.5611,1117.15173,416.38797,-312.01108,1097.85815,396.63336,-11.04153,1091.04358
201,1.667,221.92569,-185.44823,1118.14526,425.54123,-311.19666,1098.86682,403.36536,-12.37954,1090.85046
202,1.675,229.78268,-185.18919,1118.60974,432.81891,-309.5455,1099.28931,409.77478,-11.29546,1090.68127
203,1.683,235.8627,-183.97333,1120.13135,440.58585,-308.06268,1100.12549,416.16437,-9.22247,1090.40308
204,1.692,243.38878,-184.44765,1121.43115,449.57611,-308.95288,1102.13208,424.69867,-8.59444,1090.34082
205,1.7,250.98213,-183.86674,1122.67957,457.42264,-307.58481,1102.96484,430.48071,-6.92911,1092.49585
206,1.708,258.81763,-183.18539,1123.73279,464.85059,-307.84515,1103.80994,437.672,-6.12301,1093.45093
207,1.717,266.40659,-182.66336,1124.27124,473.60825,-307.53796,1105.89587,444.14316,-4.51315,1094.89868
208,1.725,273.68973,-182.78905,1125.81824,481.27737,-306.65866,1106.84924,450.82034,-4.01969,1096.94788
209,1.733,281.59402,-182.33681,1127.23804,489.06473,-306.35275,1108.0918,459.21994,-3.29855,1098.41504
210,1.742,288.74979,-180.85785,1127.67615,496.7966,-306.66049,1110.24817,465.46628,-2.0476,1099.80188
211,1.75,297.04678,-181.13683,1128.43164,504.56363,-305.91479,1111.3728,473.29672,-1.69593,1100.52759
212,1.758,303.73718,-180.77992,1130.08142,512.86951,-305.63916,1112.85852,480.43341,-0.83594,1102.44604
213,1.767,311.95395,-180.01912,1130.68701,520.03864,-304.51587,1113.77734,489.19186,-1.22697,1103.35205
214,1.775,319.6781,-179.52213,1131.47754,526.3172,-304.09796,1114.43298,497.63007,-0.02643,1103.41455
215,1.783,327.2587,-179.75789,1132.2074,534.51953,-304.12119,1115.23267,505.59869,0.14491,1103.62646
216,1.792,335.6124,-178.90356,1132.90527,541.96069,-304.18863,1116.07605,513.60675,-0.32749,1104.19885
217,1.8,343.14383,-178.81531,1132.85913,549.72827,-303.75787,1116.94543,521.7688,-0.53124,1104.58472
218,1.808,350.45877,-176.85786,1132.65393,556.65979,-303.4675,1117.13782,530.67725,-0.91149,1104.55237
219,1.817,358.08588,-175.71115,1133.51843,564.19116,-303.50415,1116.84937,538.74054,-0.28371,1104.32324
220,1.825,366.49942,-174.78102,1133.26062,571.5481,-302.86942,1116.51685,547.08801,-1.59376,1104.06848
221,1.833,374.53,-173.63162,1133.53271,578.84442,-303.5011,1116.56982,554.85339,-0.27621,1103.59814
222,1.842,383.35907,-173.03571,1132.84351,585.86536,-302.92056,1116.4895,563.72327,-0.1419,1103.7467
223,1.85,391.06152,-171.55615,1132.84973,594.2215,-303.56781,1116.5575,570.39795,-1.86861,1103.16821
224,1.858,398.59088,-172.16998,1131.87146,601.7345,-303.09198,1116.27795,579.05701,-1.04561,1102.55164
225,1.867,406.0011,-172.19911,1132.28894,609.78186,-302.8367,1115.6626,586.06439,-0.72621,1101.56897
226,1.875,413.20169,-171.43614,1131.55713,617.24518,-302.48752,1114.81604,594.09869,-1.01383,1101.18311
227,1.883,421.64465,-171.55228,1131.28479,625.56525,-302.6297,1114.62048,601.10095,-1.03303,1100.21057
228,1.892,428.61713,-172.33037,1130.90137,633.1853,-302.00888,1113.9762,608.59021,-0.01904,1100.02124
229,1.9,437.23184,-172.16997,1130.82568,641.21558,-302.50833,1112.56897,615.72729,-0.35977,1099.30029
230,1.908,443.8797,-172.84892,1129.72168,649.39154,-301.75674,1112.18054,623.82404,-0.55355,1098.20996
231,1.917,452.86032,-174.29396,1128.76721,657.77271,-302.4072,1112.15906,630.59418,-0.03529,1096.5105
232,1.925,459.28381,-175.33185,1127.60229,665.78467,-301.67236,1110.55347,638.1734,-0.09367,1095.87842
233,1.933,468.39227,-175.80336,1126.72742,673.35645,-301.78357,1109.39197,644.89172,1.36628,1095.22363
234,1.942,476.56851,-176.85838,1125.5957,681.85052,-301.94662,1108.57434,653.20764,0.11345,1093.2395
235,1.95,485.28854,-177.82368,1124.62354,690.53192,-302.2926,1107.09546,659.87573,1.09835,1091.88513
236,1.958,492.53885,-178.13084,1123.15723,698.72302,-302.54047,1106.24023,668.40436,1.52212,1090.79065
237,1.967,501.58029,-179.31912,1122.22839,707.49469,-303.15945,1105.25818,675.66052,0.43824,1089.34546
238,1.975,511.19781,-180.54701,1121.02612,717.01019,-302.6488,1104.09302,684.48834,0.7888,1087.80945
239,1.983,519.83057,-180.24086,1118.65222,725.00085,-303.16455,1102.3866,693.11334,0.30556,1086.5791
240,1.992,529.11731,-179.74905,1117.62439,734.57013,-303.48932,1101.27454,701.80042,0.62675,1086.12256
241,2,539.59357,-180.43842,1117.25732,743.73419,-304.57297,1100.23865,711.02673,-0.37946,1084.11816
242,2.008,546.32214,-180.69318,1115.02625,752.35315,-304.67172,1098.67859,720.30615,-0.52026,1083.76331
243,2.017,555.61804,-181.3792,1113.56873,761.38641,-305.21527,1097.69458,730.15601,-1.47297,1082.46777
244,2.025,565.00763,-181.74493,1112.56665,770.92102,-305.16611,1096.43945,739.8858,-2.78212,1081.84692
245,2.033,575.20874,-180.6418,1111.86768,778.95923,-305.62143,1095.18652,749.72015,-4.22194,1080.297
246,2.042,583.35089,-182.70787,1110.57141,788.04309,-306.99521,1093.30334,757.88104,-4.88103,1079.06189
247,2.05,592.13287,-182.62827,1109.30127,797.24664,-307.82791,1091.9646,766.94269,-5.67302,1078.45203
248,2.058,600.6969,-183.12273,1108.58289,805.88458,-308.31049,1090.45288,776.27197,-6.6776,1076.91846
249,2.067,610.2016,-183.5932,1106.81799,814.32025,-308.92792,1089.53918,785.52356,-8.14689,1076.04163
250,2.075,619.36664,-183.28394,1106.67346,823.44281,-309.97253,1088.55493,795.34155,-8.89583,1075.4447
251,2.083,627.92358,-184.44016,1105.60242,832.61072,-310.6199,1087.71936,803.08014,-10.04569,1075.06274
252,2.092,637.92908,-185.18292,1104.67004,843.29773,-312.42264,1087.21924,812.22394,-9.99198,1074.03625
253,2.1,645.62091,-187.36288,1103.90356,853.53381,-313.51205,1086.93579,821.07208,-10.58421,1073.2168
254,2.108,655.72662,-187.62456,1104.25989,862.75757,-314.42422,1087.52576,828.58795,-11.56431,1073.5531
255,2.117,664.96625,-188.86739,1104.74573,873.61316,-315.55231,1087.41565,837.03973,-12.18894,1073.57129
256,2.125,672.61084,-191.6499,1105.74878,884.01086,-315.35959,1088.04395,844.82092,-12.73411,1075.6814
257,2.133,682.83575,-193.59036,1106.19153,893.95947,-315.6575,1088.87341,852.61926,-14.43705,1076.474
258,2.142,692.40082,-194.64201,1107.37512,903.90607,-316.43918,1090.5144,860.29401,-15.46485,1077.50073
259,2.15,699.75067,-197.57039,1109.00305,913.59991,-316.21811,1091.08679,868.67688,-16.64048,1078.29089
260,2.158,708.68933,-199.81213,1110.56396,922.61353,-317.06192,1093.15686,876.45563,-17.98877,1079.90076
261,2.167,718.48022,-201.64929,1111.36902,932.17822,-317.64517,1094.57556,884.83936,-18.46611,1080.27539
262,2.175,726.03613,-204.58818,1112.94434,941.62695,-318.40631,1095.90588,892.43427,-20.04035,1082.09326
263,2.183,735.72974,-206.64864,1113.96252,950.68488,-319.64792,1098.03772,900.98669,-21.19946,1082.6123
264,2.192,744.51099,-207.11415,1114.62817,959.49719,-320.34695,1098.58643,908.41742,-24.06786,1083.18823
265,2.2,753.26776,-210.05864,1116.2229,968.74896,-321.03198,1099.07544,916.45319,-25.20191,1083.61499
266,2.208,761.64447,-210.67867,1116.05164,977.84235,-322.44003,1099.61462,924.36908,-26.45069,1082.93359
267,2.217,770.80511,-212.26381,1116.84729,986.58142,-324.83295,1099.99902,932.77032,-27.84518,1083.53003
268,2.225,779.15613,-212.22694,1116.27356,995.5166,-325.23941,1098.71326,940.43799,-30.00903,1083.54907
269,2.233,787.2641,-213.82051,1117.26917,1003.76398,-325.97699,1098.27258,949.18646,-30.25835,1083.09741
270,2.242,795.23322,-212.62105,1116.77832,1011.50458,-327.59106,1097.3219,957.04065,-31.09103,1083.77917
271,2.25,803.73657,-214.34686,1117.22681,1019.29834,-328.67841,1097.37085,965.35822,-31.38724,1083.57581
272,2.258,811.71906,-214.90759,1117.87024,1027.0083,-329.65186,1096.90295,974.16925,-31.75898,1084.4043
273,2.267,819.81354,-215.91116,1119.05249,1034.74524,-330.38309,1097.51477,982.71844,-31.45219,1083.77075
274,2.275,828.09143,-215.95352,1118.66248,1041.87866,-332.10083,1098.58386,991.78552,-32.09011,1084.56384
275,2.283,835.487,-216.67139,1119.38538,1048.84985,-333.47052,1100.14893,1000.53467,-32.2041,1085.47583
276,2.292,843.67505,-216.50475,1119.20935,1056.0874,-334.49948,1101.75476,1009.05658,-33.44225,1086.21204
277,2.3,851.28699,-216.54602,1120.16174,1062.57056,-335.77768,1103.08313,1018.11005,-34.95432,1087.26917
278,2.308,858.62341,-215.57849,1120.43359,1069.73315,-337.01578,1104.07874,1026.60242,-36.25996,1088.86304
279,2.317,866.07239,-217.08687,1120.96582,1077.09314,-337.41409,1105.01318,1035.19678,-37.68865,1090.05945
280,2.325,874.88251,-216.58217,1121.43311,1084.78699,-338.33398,1105.99609,1042.63757,-38.724,1091.69397
281,2.333,882.10938,-215.89099,1121.73376,1092.26208,-338.72247,1106.55591,1051.94714,-38.67246,1092.83313
282,2.342,890.20685,-214.29855,1122.323,1099.84631,-339.0032,1107.23914,1060.90906,-37.94439,1094.46936
283,2.35,897.33209,-216.79358,1123.0719,1107.62671,-338.3573,1107.47327,1067.1488,-38.9664,1094.86597
284,2.358,904.78583,-215.26707,1123.61206,1115.9585,-338.1246,1107.29248,1074.36304,-39.56371,1095.69873
285,2.367,912.99536,-215.3743,1124.08667,1123.68994,-338.25504,1107.77112,1082.63538,-38.73764,1096.53076
286,2.375,921.25488,-216.04349,1124.71545,1130.64954,-336.5574,1107.63306,1089.11951,-37.65605,1096.82654
287,2.383,928.39685,-215.92363,1124.53442,1139.44336,-336.72382,1107.79163,1096.65784,-37.15603,1097.53784
288,2.392,936.18298,-215.6823,1125.20984,1147.07068,-336.44409,1107.77637,1104.42932,-37.65434,1097.18738
289,2.4,943.30493,-216.73561,1125.60681,1154.16296,-335.89224,1107.33167,1111.29895,-36.2433,1097.52588
290,2.408,950.99042,-216.94064,1126.13745,1162.52466,-334.99179,1106.42249,1118.81091,-35.25966,1097.26477
291,2.417,959.38049,-216.56004,1125.4104,1170.04639,-334.64838,1106.39661,1126.40613,-35.71839,1096.62732
292,2.425,967.04309,-216.34154,1125.60181,1176.87793,-334.72119,1106.38879,1134.57495,-34.42297,1096.5741
293,2.433,974.47131,-217.4519,1125.45337,1184.95581,-334.90524,1106.56934,1142.61108,-34.79497,1095.71973
294,2.442,982.39044,-216.7507,1125.37891,1191.46191,-333.75415,1106.17761,1150.50854,-35.06815,1096.06262
295,2.45,990.41339,-215.8812,1124.1908,1199.63269,-334.17007,1104.79871,1158.69885,-33.92367,1096.32825
296,2.458,998.57556,-214.99109,1124.35327,1206.95471,-333.74423,1105.39575,1166.95752,-34.75114,1095.76013
297,2.467,1005.46881,-215.21349,1124.2312,1214.0321,-333.89722,1105.18811,1174.99121,-33.65761,1094.83167
298,2.475,1012.77728,-213.49976,1123.53992,1220.75671,-334.15329,1105.09546,1183.50073,-34.20461,1094.87
299,2.483,1019.89459,-211.49799,1121.75208,1229.09875,-334.57956,1104.63147,1192.79663,-32.45976,1094.37061
300,2.492,1028.92212,-210.74394,1122.20508,1236.18262,-334.25439,1102.78125,1201.14551,-32.09614,1093.64478
301,2.5,1035.52869,-210.61752,1120.86462,1242.72107,-333.27399,1101.66101,1209.55896,-32.09757,1092.93127
302,2.508,1042.40381,-208.47148,1120.03821,1248.32507,-334.39047,1100.39697,1217.82178,-32.09481,1092.19299
303,2.517,1050.8147,-207.80891,1118.70239,1256.22754,-335.72894,1100.26367,1226.34106,-32.84625,1091.04626
304,2.525,1058.01147,-205.51563,1118.39844,1262.12842,-334.53854,1097.7074,1235.21814,-32.48994,1089.9917
305,2.533,1066.45715,-204.2538,1117.38074,1268.5824,-334.45663,1096.99805,1243.31555,-32.03682,1088.43066
306,2.542,1073.44678,-203.1031,1115.36487,1275.80115,-334.90961,1095.72217,1251.81592,-31.81401,1087.22144
307,2.55,1081.34375,-202.82478,1114.44678,1284.85938,-335.90765,1094.63623,1259.87488,-30.63828,1085.62292
308,2.558,1089.63916,-202.06192,1113.1416,1290.91162,-335.37778,1092.9093,1268.99646,-30.9767,1084.16052
309,2.567,1097.66016,-200.22845,1111.93506,1298.69702,-335.10074,1092.31189,1277.08325,-30.82898,1082.7334
310,2.575,1105.94568,-197.99904,1109.39355,1307.32947,-334.62299,1090.43884,1286.82764,-29.51259,1081.02661
311,2.583,1113.88916,-196.46997,1107.67383,1314.77966,-333.3609,1089.44556,1293.95471,-28.31283,1080.20264
312,2.592,1122.85571,-195.91669,1107.88806,1322.75073,-332.54562,1088.48291,1303.18762,-27.50755,1079.14941
313,2.6,1131.03406,-197.55844,1106.4635,1331.48486,-330.88776,1087.86072,1310.34607,-26.5984,1077.26807
314,2.608,1139.13037,-195.55881,1104.09607,1340.8175,-330.22571,1085.5498,1319.17737,-23.66429,1075.48999
315,2.617,1147.13208,-194.06941,1103.41052,1348.47241,-328.19775,1084.9303,1326.57764,-24.07884,1074.61487
316,2.625,1156.29822,-193.12842,1101.05115,1358.12891,-327.56091,1084.29797,1334.73669,-22.29227,1072.9032
317,2.633,1164.51147,-191.77734,1099.66504,1367.39563,-324.98727,1082.47083,1343.00183,-20.47233,1071.50037
318,2.642,1172.86804,-191.80356,1099.41138,1376.81921,-323.72604,1081.37231,1351.11108,-18.99248,1069.31812
319,2.65,1181.73645,-191.18033,1098.14294,1385.19421,-321.10345,1080.86597,1358.22559,-17.24725,1067.61169
320,2.658,1191.5238,-189.3959,1096.52136,1394.33215,-319.14795,1079.48071,1365.77991,-15.18377,1066.3114
321,2.667,1200.15503,-188.23727,1096.46619,1404.86121,-317.59705,1079.10718,1374.34167,-12.05888,1065.27759
322,2.675,1209.3877,-188.09132,1096.55347,1413.57837,-315.00928,1078.11084,1383.63684,-9.55191,1064.31396
323,2.683,1218.77502,-184.63785,1095.98682,1423.02209,-312.23059,1078.7998,1391.61853,-7.63989,1063.23547
324,2.692,1226.99731,-183.95427,1096.29761,1433.29822,-310.87546,1078.24036,1400.56213,-5.6756,1063.5636
325,2.7,1237.47583,-182.87825,1096.56201,1442.8429,-308.85425,1079.66479,1410.80823,-4.32045,1064.35828
326,2.708,1247.00183,-180.72784,1097.58276,1451.17651,-307.23517,1080.55701,1418.51074,-2.88615,1065.57251
327,2.717,1256.11475,-180.41838,1099.2196,1460.29297,-304.77081,1081.7135,1429.22107,-0.82623,1066.94446
328,2.725,1264.81506,-177.82396,1099.60205,1468.95593,-302.66766,1082.98828,1439.80811,1.10835,1070.00708
329,2.733,1273.86182,-176.24477,1102.17029,1477.6311,-299.61661,1085.01978,1447.97888,1.76568,1072.16602
330,2.742,1283.30774,-173.60802,1102.91272,1487.28027,-298.8071,1086.11365,1458.41699,4.68838,1073.94397
331,2.75,1292.46912,-170.07251,1104.35925,1494.9209,-296.4823,1087.79883,1468.34534,6.77266,1075.73547
332,2.758,1300.13184,-166.98648,1105.67676,1504.89648,-295.1553,1089.19873,1477.31909,7.82684,1077.77112
333,2.767,1310.30676,-165.73969,1107.86304,1513.57605,-292.95679,1089.84412,1486.97791,9.79887,1080.00964
334,2.775,1318.30652,-163.7123,1110.03442,1522.41248,-290.63403,1090.90747,1496.78748,11.46354,1081.94971
335,2.783,1327.73022,-161.39412,1111.59473,1530.98401,-288.59671,1091.70056,1505.02844,12.8217,1083.74707
336,2.792,1335.56323,-159.17694,1113.27808,1537.89136,-286.02844,1093.28247,1514.35864,15.20696,1085.4115
337,2.8,1344.37219,-158.28391,1114.07581,1546.56458,-285.33014,1093.49878,1522.35962,16.17563,1086.32043
338,2.808,1352.10852,-154.88261,1113.4585,1555.37463,-282.89822,1094.50269,1532.26807,18.84183,1087.38342
339,2.817,1361.74695,-154.30559,1115.24927,1562.28284,-281.37485,1094.79187,1538.95862,19.42695,1087.10645
340,2.825,1368.31238,-151.07877,1115.02173,1570.48389,-279.17047,1095.43933,1547.09558,21.9509,1087.60022
341,2.833,1375.71948,-150.93219,1115.87122,1578.67786,-276.82184,1094.93311,1554.96179,23.21157,1087.55969
342,2.842,1383.76038,-150.39334,1117.62219,1586.55945,-275.76517,1095.53821,1561.10461,23.76914,1087.53894
343,2.85,1391.97046,-149.38985,1117.6532,1594.79797,-274.25262,1095.30188,1567.5874,25.46361,1086.81897
344,2.858,1398.66052,-149.8098,1117.99487,1603.66455,-272.61176,1096.17175,1573.64355,26.67022,1086.20947
345,2.867,1405.57678,-148.83577,1119.2594,1611.0332,-272.07797,1096.77954,1579.84216,28.25296,1085.86133
346,2.875,1414.43152,-147.93564,1119.96375,1619.49902,-270.78729,1098.10291,1585.52698,30.32709,1086.59021
347,2.883,1421.16223,-147.07263,1120.79504,1628.46765,-269.72147,1098.75281,1592.32825,32.37123,1086.53125
348,2.892,1428.75891,-148.14334,1121.52295,1635.65173,-268.78503,1100.1272,1598.60071,33.65702,1087.4696
349,2.9,1435.27954,-146.98,1122.22693,1643.92688,-266.8269,1100.89954,1605.55688,37.22334,1088.58801
350,2.908,1443.58179,-148.30188,1123.18994,1652.02478,-265.7814,1102.495,1612.02429,38.61886,1090.10449
351,2.917,1450.36597,-146.03352,1123.11804,1659.53479,-265.00397,1103.05664,1619.01563,39.41357,1091.17798
352,2.925,1459.05188,-147.18196,1124.1416,1667.11243,-263.1795,1103.85388,1625.38196,40.30127,1093.05737
353,2.933,1464.57605,-144.6382,1125.94714,1674.25134,-262.40515,1105.05139,1631.53455,40.9351,1094.01929
354,2.942,1472.85071,-146.09372,1126.87195,1681.82971,-260.65927,1106.29858,1638.3949,41.36694,1095.80627
355,2.95,1479.5802,-143.27592,1127.96704,1688.83191,-259.97684,1106.12708,1645.49817,42.97083,1096.34302
356,2.958,1487.86047,-144.18869,1128.23938,1696.06982,-259.5358,1107.34058,1654.43323,43.35888,1097.04419
357,2.967,1494.28772,-141.45477,1128.82617,1703.24988,-258.75485,1107.97668,1661.97095,43.42644,1097.5166
358,2.975,1503.00586,-142.36038,1129.43079,1709.77673,-258.58728,1108.81775,1668.99377,44.25876,1097.64709
359,2.983,1508.71741,-140.21754,1129.42029,1718.25122,-258.03098,1109.37476,1677.16211,44.46696,1097.69946
360,2.992,1517.05786,-140.77255,1130.58313,1724.53638,-258.53574,1109.18689,1685.19702,43.98969,1097.67761
361,3,1524.0979,-138.41882,1131.3114,1731.8241,-258.49283,1109.74841,1693.60913,44.20019,1097.17603
362,3.008,1532.00708,-137.7415,1130.82922,1739.40051,-258.48508,1109.35327,1701.4613,43.57175,1097.18604
363,3.017,1539.11938,-136.48312,1131.44556,1746.37195,-258.16052,1109.33582,1709.25708,43.5439,1096.2948
364,3.025,1546.59119,-136.29327,1130.69739,1753.75195,-257.77255,1108.57385,1716.74756,43.71952,1096.29419
365,3.033,1554.34766,-134.25957,1129.89673,1760.2262,-258.00284,1108.14404,1724.83508,44.06061,1095.76294
366,3.042,1560.9176,-132.66373,1129.91443,1768.30701,-257.42703,1106.98718,1732.41711,44.52419,1095.73254
367,3.05,1569.53711,-133.06935,1129.34253,1775.44202,-257.27472,1106.67493,1740.37878,44.41918,1095.14246
368,3.058,1575.29944,-130.95688,1129.43481,1783.44568,-256.68576,1105.89063,1747.08325,44.94147,1094.43323
369,3.067,1583.15503,-132.3757,1127.66235,1790.2655,-256.71786,1104.77026,1754.12988,44.73962,1093.85327
370,3.075,1591.00208,-131.31723,1127.09717,1798.37,-256.19168,1104.1969,1761.01636,45.52894,1093.0011
371,3.083,1598.7207,-132.23015,1126.65308,1805.97546,-255.42764,1103.73218,1767.97095,46.06446,1092.98071
372,3.092,1604.65784,-131.37349,1125.58948,1813.37036,-255.16061,1102.6239,1775.44312,46.34795,1092.45374
373,3.1,1613.79175,-132.68121,1124.9856,1821.63123,-254.51227,1102.33167,1781.65991,46.98662,1091.9071
374,3.108,1620.78394,-132.09583,1124.37976,1829.89709,-254.46005,1101.12048,1788.19604,47.76115,1091.51514
375,3.117,1628.70081,-132.79999,1123.43738,1837.12634,-254.77339,1100.32617,1795.99438,48.09602,1089.70313
376,3.125,1636.76611,-133.79547,1121.50061,1846.00732,-254.10298,1099.51245,1804.08142,48.74358,1089.06812
377,3.133,1643.41077,-133.91034,1120.09497,1854.60693,-253.40564,1098.38354,1810.94714,49.24494,1088.55835
378,3.142,1652.46277,-136.17033,1118.5592,1862.94006,-253.37347,1097.62732,1818.01086,49.18929,1086.16235
379,3.15,1662.11621,-137.54298,1117.98169,1870.98328,-253.18684,1096.39246,1825.94849,50.11176,1085.66345
380,3.158,1668.19543,-136.05307,1116.79626,1880.16992,-253.08446,1095.41553,1833.72949,51.00058,1084.86084
381,3.167,1678.0686,-138.04193,1114.44421,1888.9978,-253.0666,1094.15967,1842.09229,50.56031,1084.05945
382,3.175,1686.27893,-136.88219,1114.45007,1897.60889,-252.97467,1092.76001,1849.45374,50.41753,1083.49524
383,3.183,1694.57019,-136.82062,1112.84106,1906.51917,-252.24704,1092.08423,1858.37793,50.16443,1081.34338
384,3.192,1704.20947,-138.63104,1113.12476,1914.85144,-252.27692,1090.79602,1865.82202,49.45624,1080.91687
385,3.2,1710.11169,-137.48221,1111.66626,1922.54724,-253.02208,1089.62061,1874.59839,48.27441,1081.10852
386,3.208,1720.2699,-137.55272,1111.30823,1931.54187,-253.54736,1089.55554,1884.98328,47.31548,1080.72241
387,3.217,1728.35559,-139.01872,1110.47583,1939.96619,-253.64932,1088.14587,1892.82556,45.77067,1079.61133
388,3.225,1735.98206,-138.64223,1110.11963,1947.26599,-254.53322,1088.51526,1903.33826,45.75289,1078.50562
389,3.233,1744.36963,-139.63777,1108.61475,1956.65796,-255.87135,1087.88196,1911.21558,44.88815,1078.41638
390,3.242,1751.89941,-138.5654,1109.6123,1965.36035,-256.82193,1087.92981,1919.61108,43.3306,1078.71155
391,3.25,1761.29773,-140.61076,1110.66614,1973.38062,-259.09354,1087.74023,1927.4751,41.29742,1078.3877
392,3.258,1769.21912,-140.65141,1110.21631,1982.61108,-259.92981,1088.29504,1935.74866,40.16648,1077.99451
393,3.267,1777.16797,-142.02554,1110.33862,1990.8103,-262.01932,1089.2467,1944.09607,38.99915,1078.57227
394,3.275,1787.92151,-143.81517,1110.92847,1998.87622,-263.23254,1090.97571,1951.80603,38.4122,1078.8584
395,3.283,1795.6366,-145.50575,1111.5144,2007.66626,-264.97299,1091.75098,1959.12659,37.09531,1080.20337
396,3.292,1803.57764,-147.29131,1113.53979,2016.12024,-266.32385,1093.11389,1966.94482,34.73122,1082.08704
397,3.3,1811.72852,-148.15739,1113.62476,2025.07153,-266.70142,1094.979,1975.36377,34.76639,1083.65808
398,3.308,1819.32776,-148.54004,1116.08643,2033.85242,-267.55368,1096.98059,1983.1438,33.69983,1085.16821
399,3.317,1827.43958,-149.62242,1116.75647,2042.12939,-268.08746,1098.31873,1990.16687,32.80014,1086.22571
400,3.325,1833.92163,-151.26042,1117.13672,2051.7229,-268.2933,1099.36145,1996.68481,30.69538,1087.68054
