Frame#,Time,R.Wrist.x,R.Wrist.y,R.Wrist.z,R.Thumb.M1.x,R.Thumb.M1.y,R.Thumb.M1.z,R.Thumb.M2.x,R.Thumb.M2.y,R.Thumb.M2.z,R.Thumb.M3.x,R.Thumb.M3.y,R.Thumb.M3.z,R.Finger3.M1.x,R.Finger3.M1.y,R.Finger3.M1.z,R.Finger3.M2.x,R.Finger3.M2.y,R.Finger3.M2.z,R.Finger3.M3.x,R.Finger3.M3.y,R.Finger3.M3.z
1,0,-1157.22412,-429.72327,906.27539,-1110.62244,-409.9668,889.23108,-1086.32251,-401.91013,856.20587,-1065.26636,-393.69537,813.83075,-1141.57813,-443.56253,802.52795,-1132.40613,-436.60828,758.29956,-1130.26379,-417.83029,716.47119
2,0.008,-1145.67249,-432.70526,906.61829,-1101.41284,-414.00943,889.83051,-1073.88635,-402.29843,857.16272,-1051.97144,-394.48843,814.71741,-1127.34326,-443.55316,801.14496,-1122.0874,-437.33789,758.63812,-1117.9198,-416.62982,717.11212
3,0.017,-1136.65918,-433.75946,909.97583,-1087.88843,-409.93369,891.4906,-1063.75806,-401.73199,858.57532,-1041.36206,-391.65344,816.51532,-1116.05872,-445.58887,803.51288,-1109.82019,-438.49121,758.98944,-1106.90027,-417.9877,718.65918
4,0.025,-1124.87085,-436.04129,910.5553,-1077.80054,-411.88318,892.34125,-1051.90283,-402.19785,859.4455,-1029.96143,-393.31186,817.71167,-1104.80762,-443.73102,803.42114,-1097.97351,-436.01276,761.33508,-1094.27429,-419.42542,718.67889
5,0.033,-1113.3252,-435.51553,910.05902,-1066.65723,-413.76074,892.2998,-1040.85803,-400.72314,859.88373,-1019.1886,-393.09012,818.65668,-1092.29956,-443.5408,804.2702,-1084.63879,-438.18362,760.7746,-1080.88074,-416.48651,719.64819
6,0.042,-1101.37952,-436.74615,910.54266,-1056.57788,-411.84293,892.87769,-1030.40991,-402.39166,861.84717,-1007.72174,-390.81143,819.81909,-1081.94287,-444.0437,805.19318,-1073.80737,-436.30673,761.71783,-1070.23865,-412.95889,720.35461
7,0.05,-1091.02734,-437.36081,911.5481,-1046.8877,-414.21692,895.48499,-1019.43481,-400.98395,862.58575,-996.91528,-391.19656,821.13849,-1069.14001,-442.88812,807.05231,-1061.32056,-435.83511,762.83405,-1058.21411,-416.30249,720.71149
8,0.058,-1079.97986,-438.98041,911.66235,-1034.72607,-413.13803,896.35986,-1008.992,-399.46017,863.46948,-986.88031,-389.4541,821.69629,-1057.89929,-445.77045,806.12634,-1050.47546,-435.63358,763.6521,-1047.52661,-414.88849,722.08423
9,0.067,-1069.80957,-438.95142,912.53534,-1024.4314,-413.80127,896.12988,-997.54443,-402.18869,864.72815,-974.90375,-389.34702,823.10791,-1046.79883,-444.41379,806.84247,-1038.72925,-436.40839,764.32355,-1036.80334,-416.61224,722.65662
10,0.075,-1059.0968,-438.7868,912.8761,-1013.27222,-413.76434,899.07745,-987.54871,-400.50134,865.65179,-964.09192,-388.90964,825.82562,-1034.68762,-445.21289,806.96515,-1027.12842,-435.23157,763.44604,-1023.76196,-415.65976,721.91223
11,0.083,-1047.13318,-441.15118,913.7843,-1002.70923,-413.42712,898.87091,-975.8501,-398.77933,866.50854,-953.44641,-388.30722,826.37,-1023.86554,-445.40381,807.93225,-1015.8609,-437.59058,763.96429,-1011.68225,-414.31543,722.83862
12,0.092,-1036.55432,-441.16565,913.94623,-991.93549,-416.96555,898.69586,-966.07568,-401.52014,868.20514,-942.93781,-388.45221,827.61548,-1011.78088,-443.81546,808.20532,-1002.88159,-436.05692,765.32849,-1000.29224,-416.28128,726.44446
13,0.1,-1026.54602,-440.2648,914.76349,-981.75598,-414.6731,899.41138,-954.99426,-399.90796,869.64386,-931.20782,-388.69763,828.3429,-1000.58716,-446.17911,809.35272,-992.99249,-439.45062,765.32782,-987.01184,-414.35794,726.31281
14,0.108,-1016.43762,-442.51224,915.49603,-970.09125,-412.54758,900.76324,-944.75568,-401.45837,869.01019,-920.64203,-387.98508,828.0752,-989.16626,-445.05383,809.27161,-980.56732,-438.49045,767.24646,-976.9292,-414.95822,726.67102
15,0.117,-1007.57104,-442.03662,915.45935,-961.01599,-416.25525,900.87427,-935.04272,-402.7132,869.81317,-910.79193,-388.4584,830.51117,-977.93372,-445.81525,809.47064,-969.05493,-438.30966,765.55548,-963.4325,-416.72803,726.8396
16,0.125,-996.34949,-442.6879,914.58142,-950.62842,-414.51086,901.59045,-923.08221,-400.17075,872.06451,-898.3855,-389.41489,831.96021,-966.84833,-446.46085,810.95984,-960.25598,-441.28091,766.04419,-952.52295,-417.58606,726.41174
17,0.133,-987.26947,-442.62204,915.2774,-940.94147,-417.22595,901.60236,-912.95557,-403.50128,871.93011,-887.25458,-388.35516,832.27606,-955.64758,-445.81671,810.65698,-945.69965,-438.72934,768.97723,-940.58575,-419.0863,727.91693
18,0.142,-975.86945,-442.49103,914.41205,-930.97534,-416.51294,901.81799,-901.76263,-402.26788,872.85754,-877.86487,-389.88489,834.08331,-945.96112,-448.14648,811.16779,-934.50903,-439.37592,769.35956,-929.0351,-415.65775,728.1106
19,0.15,-967.12128,-444.68076,914.26538,-922.50696,-416.93164,902.56256,-892.90869,-403.1846,873.68817,-866.13995,-390.25064,834.45697,-936.15405,-448.26926,811.83496,-925.53168,-440.48514,769.18433,-916.65503,-419.50464,727.63293
20,0.158,-957.70691,-442.52515,913.71027,-911.35779,-417.91626,902.14429,-882.15845,-403.112,874.185,-856.62915,-391.06326,834.677,-924.91608,-448.62125,811.69208,-913.79486,-440.5018,768.84888,-906.37225,-417.72116,728.97668
21,0.167,-948.0993,-443.44891,913.90735,-901.94012,-417.37939,902.38959,-872.53345,-404.08792,874.14923,-845.60309,-392.60938,833.93951,-914.05646,-448.82791,811.18176,-901.23932,-440.46408,768.30237,-893.46228,-417.1962,728.35803
22,0.175,-939.00897,-441.26608,913.54974,-893.36255,-419.49231,901.36011,-863.88678,-405.36646,873.62042,-836.99243,-391.77716,835.55054,-904.65436,-448.69049,810.65723,-892.90955,-440.73325,768.67938,-886.02368,-420.92978,727.86462
23,0.183,-930.13434,-444.08643,913.01819,-883.52039,-418.07175,900.56525,-854.15216,-403.616,874.00958,-827.36298,-391.49579,835.45959,-894.68243,-448.24142,810.37451,-881.32159,-440.89142,768.11206,-876.62683,-418.32257,726.48627
24,0.192,-920.77979,-443.77298,912.08838,-874.75623,-418.6507,901.66309,-844.62256,-404.54935,873.33362,-816.79114,-392.73215,835.21606,-884.9751,-448.87949,811.01306,-870.69977,-439.6001,768.26343,-864.55688,-416.46698,728.83575
25,0.2,-912.37067,-444.22342,910.66095,-865.10724,-418.02844,902.25165,-836.29926,-405.24677,873.83643,-807.53668,-392.06653,835.29211,-876.96893,-448.37134,809.59485,-863.61011,-440.2254,768.39636,-855.07416,-419.84402,728.12256
26,0.208,-903.75195,-443.96298,909.77252,-857.92334,-419.41681,900.84973,-826.48285,-402.65756,873.7547,-799.70233,-391.50134,834.91113,-867.30225,-448.26019,807.88342,-851.3042,-440.5994,765.96106,-845.12579,-417.95618,727.09283
27,0.217,-894.04773,-443.88159,909.1416,-849.26361,-419.02606,900.13727,-819.91052,-404.75925,872.77692,-790.16486,-391.34833,833.77252,-857.96069,-447.92999,808.5592,-845.15979,-439.87106,766.01459,-833.96289,-414.98193,724.93457
28,0.225,-888.39655,-442.92474,907.8678,-840.23572,-417.30435,898.89862,-809.15363,-401.53433,870.49292,-782.66119,-391.4967,832.80774,-848.14789,-447.04449,805.26172,-835.58252,-438.91476,764.70959,-825.74475,-414.8389,723.86395
29,0.233,-878.72772,-442.06393,906.75836,-831.91541,-417.21619,897.87915,-802.54675,-405.02042,868.90485,-775.07867,-391.42352,832.15405,-842.10229,-447.00024,804.22601,-826.47723,-437.34415,763.35712,-819.65234,-416.74741,722.88062
30,0.242,-871.74445,-443.96579,905.83258,-823.68329,-416.76044,896.35315,-794.13513,-403.03,868.59747,-765.70282,-388.79599,830.69965,-832.56158,-445.40259,803.67444,-821.08453,-438.70792,762.43274,-812.53052,-416.52173,721.77942
31,0.25,-862.72137,-442.65198,903.72711,-817.05682,-419.23859,895.32721,-786.86523,-401.66769,866.82959,-759.15802,-390.29123,829.45618,-826.95911,-448.46622,803.13428,-810.67896,-438.62161,760.45313,-803.03674,-413.66565,720.79633
32,0.258,-855.67285,-444.23013,903.10681,-808.39008,-418.2352,893.9776,-780.27203,-402.47379,866.06158,-752.40857,-388.23312,827.70398,-817.42133,-446.28363,801.16626,-805.97314,-438.45297,760.71411,-797.33704,-413.27914,719.61786
33,0.267,-848.3653,-441.4462,901.72644,-801.86279,-415.90161,891.84473,-772.55823,-399.99442,863.54584,-746.19458,-389.6611,826.05701,-812.32849,-446.35977,800.78455,-799.80743,-437.31259,758.10675,-790.83545,-413.57288,717.61255
34,0.275,-840.45026,-443.40363,900.94122,-793.81287,-415.78802,890.82855,-765.60236,-401.92685,862.16418,-738.57635,-387.22601,825.02258,-803.43359,-444.24136,798.32794,-792.23047,-436.52496,756.58081,-783.29224,-414.30453,717.59357
35,0.283,-833.73193,-442.11063,900.70209,-787.53906,-416.08807,889.68091,-758.27246,-400.57773,860.96997,-733.29236,-386.86371,823.33899,-798.02234,-444.80997,796.41638,-785.47894,-437.59314,754.21417,-778.94629,-414.4631,716.01538
36,0.292,-826.8161,-444.09222,899.96497,-780.66272,-415.44531,888.62677,-753.32001,-400.00327,860.00134,-726.45691,-385.77719,821.27582,-791.39978,-446.09097,795.77826,-779.17444,-437.35129,753.79065,-774.30811,-415.55438,713.65363
37,0.3,-820.21423,-442.74872,898.2782,-775.85406,-416.16953,887.16553,-747.8559,-401.02747,857.87299,-720.78351,-386.10229,820.09186,-785.79895,-445.54886,795.70654,-775.04785,-438.67526,753.0271,-767.74133,-412.84058,712.06085
38,0.308,-813.0813,-443.08362,897.42395,-768.85461,-413.8165,885.52167,-740.92688,-397.84912,856.25085,-714.50818,-385.78702,817.7594,-781.04987,-445.38712,794.54205,-769.69843,-438.03635,752.31268,-763.65601,-415.72641,711.77338
39,0.317,-806.35913,-441.67206,896.45111,-763.30212,-416.91818,884.84686,-735.37726,-400.25259,855.3634,-709.38562,-386.79062,816.8819,-775.70569,-445.02615,792.89154,-765.02167,-437.30655,751.87823,-757.8512,-416.89377,711.15234
40,0.325,-800.79828,-443.18033,896.09399,-755.7298,-415.52142,884.19031,-728.21515,-399.86047,855.10315,-704.21362,-386.48758,816.3573,-769.63824,-444.12625,792.99652,-759.59906,-439.1499,751.86835,-752.66394,-416.42526,711.01917
41,0.333,-796.77008,-444.09662,896.30084,-750.3205,-414.97879,883.57074,-722.86047,-399.56958,854.40558,-699.02161,-386.01956,815.37921,-764.81769,-446.91867,793.61945,-754.00195,-439.71454,750.64758,-747.71112,-415.79987,710.99597
42,0.342,-790.47742,-443.03998,896.6593,-745.6427,-416.00714,883.24347,-718.33545,-400.75873,853.89453,-694.44745,-388.6261,814.78845,-759.89813,-446.39905,793.92017,-749.97064,-439.86795,750.94275,-743.41211,-416.94431,709.17725
43,0.35,-784.4538,-442.63553,896.48016,-738.56079,-413.15308,884.15228,-713.71173,-401.51352,854.06317,-688.23181,-386.66324,814.03638,-755.64264,-446.96884,794.17395,-744.61072,-438.67184,751.00482,-740.15527,-420.52112,710.56134
44,0.358,-781.81708,-443.13046,897.68799,-734.57526,-415.30893,884.3844,-707.0946,-400.03964,854.48621,-684.47675,-388.42108,814.64893,-751.99988,-447.48453,794.35107,-740.87781,-440.63831,751.18823,-736.64911,-420.46069,710.70081
45,0.367,-776.21515,-443.81894,899.87891,-730.45325,-415.76874,885.36322,-703.56323,-402.07199,854.21411,-678.14276,-388.66064,815.53534,-746.98309,-449.47256,794.46832,-736.25763,-440.5401,752.41748,-732.80072,-418.63089,711.05792
46,0.375,-771.5119,-443.89307,900.43933,-724.935,-416.96991,886.3551,-698.72632,-402.73575,854.72626,-674.44897,-391.04221,815.1059,-742.2243,-449.25082,795.45081,-733.45264,-440.76132,752.33441,-728.4325,-420.13708,711.23199
47,0.383,-766.73682,-442.92627,900.95282,-721.37195,-414.96344,887.36896,-694.86267,-403.6478,855.8089,-669.3822,-390.94131,816.12402,-739.79358,-449.69351,796.11774,-730.3382,-441.2778,754.01459,-723.83136,-421.80838,711.76544
48,0.392,-763.42932,-443.92145,902.06714,-716.15033,-416.88718,887.70221,-689.43109,-405.34726,856.33563,-665.2738,-392.19855,817.19543,-736.02734,-448.68448,798.26056,-725.72699,-442.06403,754.74023,-721.69604,-423.07861,712.03595
49,0.4,-756.62152,-442.77151,903.6377,-712.44128,-417.44168,888.80396,-683.92249,-404.73813,858.00281,-661.62628,-393.31403,817.61011,-732.36108,-449.55963,798.51782,-722.98096,-442.27664,755.23547,-718.73431,-422.7446,716.17401
50,0.408,-754.79926,-443.19324,904.15002,-708.30408,-419.35336,890.31427,-682.16608,-404.80533,858.31189,-657.31586,-394.90695,818.43726,-728.67249,-449.31125,799.64105,-720.09021,-443.4566,756.26074,-715.63605,-422.76041,715.96399
51,0.417,-750.4826,-442.1618,905.32434,-704.64111,-418.8447,889.87012,-676.68011,-405.73035,860.22986,-654.23267,-395.10242,818.69336,-723.5918,-449.95337,800.10724,-715.19147,-442.36908,757.29565,-711.62079,-420.87271,716.60028
52,0.425,-745.80701,-442.4357,905.49951,-699.04675,-417.35315,891.2113,-672.39893,-406.28653,860.6048,-649.37183,-395.54663,819.01343,-721.78241,-450.6344,801.09332,-713.65027,-442.35202,757.28662,-708.3913,-419.75113,717.41986
53,0.433,-741.16302,-442.04984,905.31915,-694.65167,-419.97897,892.61548,-669.03021,-408.36664,860.91125,-644.50385,-394.95471,819.43988,-718.13989,-449.26355,801.39886,-710.7951,-442.71457,758.49219,-706.68512,-420.24573,717.57684
54,0.442,-737.49097,-443.77927,906.48145,-692.6225,-420.74234,891.52734,-664.72076,-407.44623,860.8067,-641.12122,-395.63916,820.08215,-713.5379,-449.51666,800.96564,-705.25305,-441.45868,758.76416,-704.3042,-420.17935,717.42877
55,0.45,-735.02722,-444.17578,906.70227,-687.99335,-420.00214,891.57245,-661.11176,-407.25146,860.70294,-637.703,-397.5983,819.28363,-711.40118,-448.40817,800.88531,-703.69489,-440.58569,758.4151,-699.08453,-417.8942,717.45465
56,0.458,-730.61414,-443.21417,907.27283,-683.31195,-420.39297,891.19037,-657.59656,-407.04117,860.0188,-634.4624,-397.42474,818.46796,-707.07184,-449.17551,801.43768,-700.24829,-440.27957,758.61487,-697.55463,-417.99594,717.2973
57,0.467,-726.22968,-444.30505,907.12946,-678.83185,-419.77567,890.62195,-652.68884,-409.75775,859.22906,-629.83807,-396.26611,818.04926,-703.96368,-447.88046,800.47485,-696.70929,-439.50226,757.55054,-694.20618,-418.04819,717.21533
58,0.475,-721.55707,-443.96631,906.67175,-676.50653,-420.6405,889.96869,-650.40985,-409.60376,857.99561,-627.50323,-397.29904,816.87476,-701.02222,-449.37021,800.52203,-695.08948,-439.88971,757.24493,-689.97662,-418.41803,716.29626
59,0.483,-717.63562,-444.92328,906.90198,-672.05786,-422.62418,890.16797,-645.88287,-409.22327,857.91797,-624.31647,-397.43265,816.27887,-699.00452,-449.86938,800.88806,-690.25848,-441.4241,757.47565,-687.38458,-419.73135,714.69153
60,0.492,-715.76453,-445.11078,906.78394,-668.92297,-421.1824,889.07227,-643.71277,-408.18909,856.50165,-620.93164,-397.51859,814.90405,-696.1084,-449.91281,800.5874,-687.57074,-441.29947,755.65881,-686.37164,-419.99625,714.698
61,0.5,-711.04688,-444.53082,906.24408,-664.83575,-422.17413,888.39551,-638.70343,-409.14227,855.71191,-618.33691,-398.51334,813.50665,-692.57495,-448.79416,799.63879,-685.04425,-441.89236,756.29517,-685.22205,-419.94901,714.1629
62,0.508,-706.7052,-443.90701,905.43005,-662.79169,-421.38522,887.97583,-636.737,-408.54245,854.71503,-615.58844,-398.62491,813.07904,-689.96393,-449.17252,799.17737,-684.28046,-442.04214,756.76257,-682.93146,-420.43784,714.22076
63,0.517,-704.53406,-445.16391,905.66095,-656.98456,-421.10468,887.80176,-632.79364,-409.75769,854.45099,-612.65308,-398.43631,812.67664,-687.73108,-450.30508,799.29785,-681.93585,-442.27832,756.46362,-681.6087,-420.73712,714.40784
64,0.525,-699.25873,-444.44666,905.71991,-654.7688,-421.57391,887.56158,-630.29736,-409.60931,854.38055,-610.8902,-397.71149,811.77277,-684.74481,-451.19275,799.46509,-679.28943,-441.69897,756.82837,-680.78815,-421.14005,713.63019
65,0.533,-696.19293,-445.18619,905.39319,-651.19147,-422.10611,887.08575,-627.9129,-409.56876,853.99805,-608.6488,-398.65982,810.99054,-683.02307,-451.45456,800.25598,-678.289,-442.25336,755.97253,-679.1925,-422.67316,714.31024
66,0.542,-691.07465,-445.052,906.62909,-649.24664,-422.39767,887.16199,-624.52277,-410.1543,854.21649,-604.7428,-399.46014,810.64233,-679.909,-452.49274,799.94348,-674.48145,-444.99207,756.31696,-677.19684,-424.22141,714.56659
67,0.55,-689.44843,-445.28058,907.92047,-643.15546,-421.53165,887.75665,-621.50513,-410.20682,853.27661,-603.19562,-399.16693,810.64996,-677.93744,-453.578,800.31305,-674.40009,-445.41464,757.2959,-674.04156,-424.02823,715.23602
68,0.558,-686.14679,-445.71561,908.69684,-640.92316,-422.33792,888.04126,-618.00482,-410.66211,854.02606,-599.78009,-399.12485,810.16962,-674.78943,-453.65054,800.62036,-671.37878,-446.20676,757.30481,-673.26135,-424.50699,714.9646
69,0.567,-683.2301,-446.41269,909.26245,-638.23804,-422.93317,888.02435,-615.66815,-410.22577,853.08313,-597.3988,-399.61786,809.95978,-671.66406,-451.49469,802.4809,-670.80188,-446.22961,757.7608,-671.52252,-425.52542,716.2934
70,0.575,-679.43488,-445.98376,910.04468,-634.57581,-422.31897,888.21155,-611.1402,-410.44373,853.4635,-593.78473,-401.02069,809.95203,-668.61249,-452.64365,802.83783,-667.08478,-446.66971,758.62604,-670.67511,-425.45676,718.02734
71,0.583,-675.6911,-445.93491,909.91547,-630.25269,-422.93018,887.94531,-608.8147,-412.47058,853.62628,-590.672,-402.12253,809.88123,-667.2829,-453.66003,803.29749,-665.07678,-445.86053,759.49298,-666.56726,-425.82837,717.83594
72,0.592,-671.07794,-446.74039,910.33691,-625.99536,-424.63208,888.5155,-605.39862,-413.14346,853.21466,-587.20905,-402.40857,810.28674,-663.2489,-454.27493,803.70038,-661.34924,-445.67194,759.4342,-665.36841,-426.71515,718.75427
73,0.6,-669.65643,-446.69812,911.27637,-623.75531,-424.66159,889.10004,-600.6355,-413.298,853.81689,-583.20288,-403.62262,809.71265,-662.23169,-453.86264,804.06891,-659.43713,-447.72,759.79071,-659.94,-425.88837,717.82556
74,0.608,-666.16443,-447.69748,911.61102,-619.4751,-425.9498,889.35754,-596.29047,-415.5452,854.133,-579.22528,-404.84073,810.06812,-659.20227,-455.20148,804.03723,-655.52332,-447.21021,760.8136,-658.10504,-426.26111,718.64105
75,0.617,-661.54053,-447.16168,911.78973,-616.54572,-425.45486,889.0755,-594.17511,-416.33914,853.82764,-576.21069,-405.47723,810.34174,-655.31726,-454.09021,803.88721,-652.67328,-447.48734,760.61572,-655.40491,-427.08832,718.53882
76,0.625,-660.06299,-446.74203,912.03375,-612.58997,-428.00439,889.57751,-590.76697,-416.82504,853.86261,-572.51208,-406.78067,809.93231,-651.69403,-453.20285,803.91132,-650.81543,-447.70377,761.20721,-652.28168,-426.88297,719.08978
77,0.633,-655.04559,-446.96738,911.98041,-609.54486,-427.79739,889.86426,-586.60992,-417.66083,854.104,-569.34601,-407.2005,810.69122,-648.12836,-454.61044,804.37781,-646.43378,-447.39154,761.34961,-648.61011,-425.78973,719.0752
78,0.642,-650.72046,-448.89102,911.82373,-605.30261,-428.37936,890.39008,-582.28564,-417.35165,855.29163,-565.1886,-408.97397,810.22595,-646.21393,-453.91696,804.0683,-644.10443,-445.63202,761.14624,-645.02502,-424.64743,719.1001
79,0.65,-645.87683,-448.25336,912.35492,-601.24164,-428.01297,890.01471,-579.21436,-418.39154,854.21545,-561.11383,-410.08517,810.58502,-642.68982,-454.9805,804.18213,-640.08099,-446.6864,760.91968,-641.99695,-425.2934,719.43439
80,0.658,-645.08722,-448.0166,913.35382,-597.15594,-429.43143,890.88763,-574.01025,-419.79138,854.44159,-558.56445,-410.35068,811.09839,-638.38013,-454.24387,805.35553,-636.80475,-448.02307,761.34277,-639.06439,-425.93964,719.7428
81,0.667,-640.06433,-447.3949,912.79395,-592.0119,-428.34833,891.04993,-571.31708,-419.4971,854.28009,-553.47784,-410.05481,810.54181,-635.62451,-453.67566,805.17798,-633.68066,-446.76389,760.75232,-633.73627,-425.32077,720.28925
82,0.675,-636.19183,-448.04352,913.29083,-589.35608,-428.86581,889.89575,-567.03442,-418.66699,854.1001,-549.63489,-410.83417,810.1026,-631.35022,-454.43964,804.67828,-629.62238,-447.21176,760.60504,-630.8941,-425.21902,720.07001
83,0.683,-630.79834,-449.9342,912.33112,-585.75073,-430.41629,888.80292,-561.94482,-420.32715,852.89404,-546.74976,-410.72305,809.27875,-627.45844,-454.29041,805.38605,-624.88708,-446.90344,760.11572,-626.76349,-425.51761,720.28137
84,0.692,-625.91492,-449.36954,911.56445,-581.3598,-429.47168,888.45917,-558.72412,-419.90613,852.78522,-541.95496,-411.39529,808.18219,-624.45032,-454.76492,805.02032,-623.78925,-447.49933,759.53674,-624.03137,-425.90945,719.8822
85,0.7,-622.02301,-448.65436,911.18207,-576.81671,-428.8479,888.24493,-555.16473,-421.48907,851.79718,-537.95929,-410.99615,808.66187,-621.17303,-454.92105,804.20734,-619.19287,-446.7583,759.25952,-621.34222,-425.90018,719.96222
86,0.708,-619.19983,-449.15161,911.34088,-571.42279,-430.78415,887.90979,-549.7428,-420.67862,851.36334,-535.02789,-411.36752,807.69733,-616.78796,-454.72403,803.01105,-614.45538,-447.25723,758.8877,-617.22662,-424.67065,718.16583
87,0.717,-613.39111,-449.84439,911.17749,-566.76532,-431.63693,887.21472,-545.45123,-421.14276,850.54523,-530.99506,-410.76996,805.62976,-611.26666,-454.74429,802.24542,-611.7326,-446.9567,758.23792,-614.0376,-424.80103,717.26062
88,0.725,-608.53125,-449.31955,909.81781,-562.11603,-430.28378,885.71356,-541.3739,-421.58005,849.7121,-527.29877,-411.64493,803.75372,-607.93237,-455.13004,802.56079,-607.4762,-447.26279,756.97162,-610.28101,-425.71512,716.00684
89,0.733,-603.82404,-450.76779,908.97729,-557.62488,-431.23468,885.1745,-536.24176,-422.54773,848.28595,-521.67047,-411.44177,803.0672,-604.94385,-455.0571,800.15649,-603.86102,-447.55029,756.83899,-606.4115,-425.95712,715.612
90,0.742,-598.52826,-450.54129,908.36334,-552.29694,-431.57196,883.45044,-532.69745,-420.84827,846.24286,-517.40259,-413.09033,801.19385,-599.6416,-456.37637,799.36877,-599.35388,-447.64642,756.49585,-602.15405,-426.52988,715.02106
91,0.75,-592.55878,-449.96292,907.64886,-548.02228,-431.10205,881.39154,-527.83698,-421.96463,844.69763,-512.67358,-411.07523,799.69061,-594.55835,-455.18033,798.76172,-595.37085,-447.75702,755.43707,-599.11292,-426.30737,714.23364
92,0.758,-587.23108,-451.79324,906.74768,-543.36322,-432.8714,880.22107,-522.29968,-421.53528,843.92078,-509.46255,-412.96542,798.56927,-590.32245,-456.4838,797.39948,-591.22406,-447.76566,753.68042,-595.16974,-426.49176,712.64673
93,0.767,-582.57599,-452.94757,904.93323,-537.74048,-432.62503,878.98065,-516.23682,-422.58115,842.11652,-504.16397,-412.40555,797.38855,-585.10498,-457.40167,796.87292,-586.67126,-447.85522,753.35455,-590.78802,-427.41779,711.98639
94,0.775,-575.80768,-452.80551,903.83472,-532.98242,-433.56857,877.74921,-511.88364,-424.46683,841.47235,-497.70032,-412.30582,795.49927,-579.91632,-456.58356,795.74817,-581.75232,-449.47763,753.32324,-585.83716,-428.18005,711.77209
95,0.783,-568.11908,-454.92538,902.53357,-525.54053,-435.0285,877.11072,-506.38373,-423.96851,839.10559,-494.9668,-413.81915,793.5083,-574.67407,-458.0802,795.10742,-576.37109,-449.59634,750.82764,-581.80725,-428.69455,710.57819
96,0.792,-563.28943,-455.13144,901.94794,-519.29016,-434.88116,875.84253,-501.37344,-423.5531,836.95142,-487.67093,-414.62454,792.91071,-569.16016,-459.5676,794.20026,-571.46985,-450.95032,749.84137,-576.60925,-429.50922,710.62817
97,0.8,-557.08752,-456.38055,900.43359,-513.53882,-436.75018,873.70996,-495.15274,-425.92422,836.71857,-482.8349,-414.2933,790.38397,-564.59796,-461.17575,793.72858,-566.6795,-451.97607,749.63007,-571.17664,-431.38763,708.12842
98,0.808,-550.0155,-457.85056,899.92822,-507.32007,-438.11044,872.87866,-488.81943,-426.836,835.00049,-477.47424,-416.64877,790.66724,-555.58441,-461.18616,792.31256,-560.25049,-453.28265,748.10138,-566.18274,-431.79507,708.20587
99,0.817,-544.2179,-458.17795,898.82935,-502.45334,-439.12997,870.85486,-481.42636,-428.83966,834.08661,-470.70099,-417.80853,788.16113,-550.56268,-463.53992,791.30652,-553.43823,-454.22104,746.81744,-560.97833,-433.0209,705.99133
100,0.825,-537.05444,-459.91345,897.9328,-494.20709,-440.47372,869.86597,-476.27307,-429.99973,832.41248,-463.70782,-418.09198,786.76935,-544.69299,-464.58893,790.56812,-547.99506,-456.47723,747.18787,-553.82446,-434.93979,705.62042
101,0.833,-529.95453,-462.03162,897.15283,-486.96851,-441.48279,869.27734,-468.74359,-432.00439,831.8017,-457.13126,-420.19067,786.44403,-536.39099,-465.29065,789.39288,-542.04462,-458.08502,744.85803,-547.5152,-435.87686,703.78217
102,0.842,-522.86102,-463.49884,895.40308,-479.42288,-444.1189,868.30176,-462.10788,-433.99805,830.85834,-450.18759,-423.33276,784.43372,-531.37836,-467.77338,788.35034,-534.67975,-460.65625,744.28876,-541.19354,-439.04575,703.45184
103,0.85,-515.88184,-464.82983,895.18658,-472.2507,-445.67639,867.57953,-453.61011,-435.6539,829.31897,-442.68912,-425.08264,784.5705,-523.62122,-469.62097,787.55469,-527.88654,-460.54907,743.29602,-533.06384,-439.57388,702.86145
104,0.858,-509.24457,-466.23663,894.07153,-464.56885,-447.37274,866.62598,-446.39966,-436.89447,827.89093,-435.03299,-427.25766,783.78973,-515.63806,-470.5318,786.73395,-519.0506,-463.59674,741.7926,-525.75043,-442.30603,701.42719
105,0.867,-501.95712,-467.43832,893.47266,-456.7905,-448.80338,865.375,-439.90652,-438.7887,827.66412,-428.13644,-428.60864,782.01074,-508.81262,-472.89908,785.46478,-513.24133,-466.87561,742.21899,-518.24512,-444.12048,700.43903
106,0.875,-492.73444,-470.80606,892.69623,-449.3584,-451.34177,865.3161,-431.46881,-441.00439,826.55438,-418.82748,-431.40295,782.17157,-500.5585,-476.3692,786.21295,-504.20532,-466.81659,741.22614,-510.45126,-446.70895,699.65527
107,0.883,-485.6532,-471.60422,892.07635,-442.13501,-453.44565,864.21326,-422.90225,-443.58917,826.24414,-411.77322,-433.21954,781.00995,-492.76401,-476.99039,784.67389,-495.7207,-470.0217,740.00391,-501.56198,-449.81125,699.065
108,0.892,-477.25598,-474.40265,891.06439,-432.91675,-455.09222,863.73309,-414.31424,-446.48386,826.19318,-402.47318,-435.42465,779.99127,-484.10611,-479.2338,783.90845,-488.23251,-472.9628,740.20923,-493.44061,-450.74609,699.10046
109,0.9,-468.65433,-474.16281,890.71454,-424.9628,-456.88156,863.4245,-405.42249,-448.12747,825.5213,-393.47815,-438.78348,780.09174,-475.85806,-481.40326,784.04932,-478.86588,-473.70471,739.21619,-484.11224,-454.14658,698.75031
110,0.908,-460.19284,-477.26053,891.0957,-414.52216,-458.18814,864.12164,-396.47684,-450.57745,826.44391,-384.76266,-440.3392,779.81598,-466.96228,-483.87152,783.65411,-470.82242,-476.68805,739.43542,-474.33014,-455.97879,698.39154
111,0.917,-451.1955,-478.44742,890.40393,-407.87888,-461.03323,862.53906,-388.10138,-451.84024,826.04919,-375.80286,-442.57034,779.72968,-457.71487,-484.69839,783.34235,-461.00949,-477.58734,740.0556,-465.75507,-457.83286,698.27875
112,0.925,-442.61169,-479.91284,890.46838,-398.37906,-462.43851,863.23718,-378.88635,-453.97949,825.86572,-366.78757,-445.4679,779.63635,-449.13211,-486.77948,783.38916,-451.47327,-480.52188,739.59937,-455.55777,-460.43878,698.42279
113,0.933,-431.02695,-481.1947,891.03918,-388.91486,-464.26849,863.56488,-370.94748,-456.61078,826.0968,-357.54095,-446.41327,779.7265,-439.88077,-488.75208,783.62311,-441.95889,-482.09265,739.7818,-446.5199,-462.9541,698.57861
114,0.942,-424.29568,-483.30362,891.52728,-379.41391,-465.21078,864.11035,-360.78159,-457.68756,826.32733,-347.53885,-448.92493,781.23401,-429.76987,-490.16663,783.88611,-432.03384,-483.25455,740.02856,-436.67001,-463.59723,699.31952
115,0.95,-413.85474,-485.99625,892.65619,-369.70776,-467.71002,864.70343,-350.40811,-459.13416,827.19312,-337.68442,-450.41492,782.20667,-420.71301,-492.97586,786.05579,-422.56461,-485.79913,741.23724,-426.431,-465.77209,699.68188
116,0.958,-403.36859,-486.89551,893.70776,-359.96579,-469.96997,866.77997,-340.5849,-460.93958,828.57526,-329.14661,-451.08643,782.72479,-409.70776,-493.73038,786.14618,-412.07993,-487.27866,742.46228,-418.3439,-467.12515,700.48511
117,0.967,-394.60464,-489.01822,895.0614,-348.96719,-471.71567,868.06561,-330.75665,-462.06104,829.63251,-318.29678,-452.99173,784.36133,-399.71219,-496.90958,787.06378,-401.42575,-489.22275,743.46466,-407.35986,-469.11182,701.51746
118,0.975,-382.93686,-491.12756,896.02997,-339.29605,-472.54593,868.79578,-320.12314,-464.61292,830.8623,-308.47202,-455.02136,784.6178,-389.54324,-497.41071,788.76007,-392.26913,-491.09009,744.18958,-396.60397,-471.13568,702.87323
119,0.983,-373.17978,-494.64099,897.02258,-329.13217,-474.10901,869.74127,-309.5358,-465.74805,832.82263,-297.7254,-455.75357,785.8114,-378.94113,-499.33197,789.30859,-381.45334,-492.43341,744.73114,-386.70905,-471.78732,703.88898
120,0.992,-363.47345,-496.04208,897.89325,-317.92242,-476.04984,872.02368,-299.37415,-467.24002,833.14349,-287.51596,-458.15753,788.10327,-368.57977,-500.45709,789.97473,-371.55127,-495.36554,746.32172,-375.64139,-474.54248,705.04895
121,1,-352.57352,-497.24994,898.88672,-307.95096,-478.77124,872.1861,-287.93707,-469.52954,834.87317,-276.03171,-459.40692,789.62012,-357.59723,-503.0976,792.18225,-359.79916,-495.18439,747.45416,-363.6095,-475.64331,705.82104
122,1.008,-341.84,-500.2272,899.90137,-296.79633,-480.69522,874.01605,-276.28165,-470.91183,836.02661,-264.50513,-460.66919,791.0517,-346.46307,-505.24142,791.79987,-348.42746,-496.22977,747.93298,-352.45609,-477.52472,706.82654
123,1.017,-330.31689,-501.93607,901.34198,-286.98315,-482.81427,874.53748,-266.14676,-472.98135,838.12933,-252.2896,-462.6044,792.70972,-333.94028,-507.87039,792.2749,-336.48053,-500.83643,748.78906,-340.90201,-477.85361,706.89075
124,1.025,-319.1553,-504.6759,900.84607,-274.82074,-485.93378,874.57849,-255.11053,-474.92365,838.33405,-240.90538,-464.96359,793.9317,-322.35117,-509.00739,792.2149,-324.4747,-501.31198,749.27185,-328.07086,-481.24072,707.91626
125,1.033,-307.55301,-506.62418,901.81421,-263.52267,-487.10867,875.95996,-243.45865,-477.6972,839.28436,-228.17825,-467.4122,795.38867,-311.07782,-511.51779,793.02252,-311.43304,-504.20016,750.17615,-315.59164,-484.02783,708.00244
126,1.042,-297.2746,-509.30197,901.75238,-252.42078,-490.33789,876.60553,-230.08832,-479.63748,841.50922,-215.94659,-470.10181,796.68622,-297.44119,-514.4408,793.84332,-299.23734,-506.40875,750.7052,-302.09604,-486.69379,709.01752
127,1.05,-285.40149,-511.29874,902.73444,-239.92838,-492.18478,877.92822,-218.72897,-482.14691,841.7229,-204.44844,-472.6008,797.73236,-285.21051,-517.02917,793.45575,-285.65045,-508.35483,750.84558,-288.65387,-489.07468,709.10565
128,1.058,-273.03381,-515.14929,903.65582,-227.94807,-494.98044,879.23065,-207.40346,-484.95209,841.75348,-192.03485,-474.46176,798.29803,-273.43979,-520.04968,795.0307,-273.01788,-511.21671,750.94904,-276.11627,-492.46671,709.33533
129,1.067,-261.03674,-517.66229,903.62506,-216.07961,-497.58231,879.61224,-194.67392,-487.70517,843.11066,-179.05437,-477.35788,799.10577,-259.76996,-521.99823,795.8631,-259.11661,-515.80402,752.78479,-262.73447,-495.38861,709.7442
130,1.075,-249.22636,-519.97424,903.76166,-204.65335,-499.21875,879.98938,-183.36528,-489.51193,843.71497,-166.31972,-479.02609,800.06073,-247.37746,-524.44476,796.60992,-247.34727,-517.84393,752.45795,-249.27979,-498.15845,711.22131
131,1.083,-238.61343,-522.34094,904.77655,-192.80823,-502.62827,880.50647,-170.45961,-491.42432,845.3045,-153.57477,-482.56808,801.17871,-234.70941,-527.65338,796.83154,-232.75781,-520.77551,753.05109,-235.50166,-502.27527,711.32684
132,1.092,-224.84586,-524.55774,905.7373,-179.55649,-504.71759,882.96899,-157.89763,-495.02823,846.69427,-140.15601,-484.99414,802.85028,-221.42654,-532.32904,798.57739,-220.189,-524.74091,753.65344,-222.2377,-505.11163,711.75165
133,1.1,-212.92377,-526.13275,906.08966,-167.13734,-507.12411,883.83856,-145.2141,-496.61771,847.93658,-128.50589,-487.08234,803.94733,-208.28038,-533.53143,798.4776,-206.22472,-527.43884,755.24792,-208.09538,-508.08325,712.85773
134,1.108,-201.198,-529.2951,907.90417,-154.1841,-508.67059,884.03217,-132.70543,-499.23572,848.96893,-116.00261,-489.41409,804.51544,-195.09181,-537.50793,799.85291,-192.86295,-530.78705,756.33966,-195.01874,-512.11957,713.22821
135,1.117,-188.76059,-531.27533,908.29785,-142.87524,-511.53076,886.05707,-119.94024,-501.24454,850.66077,-102.16272,-492.41589,805.72345,-182.67537,-540.0647,800.96478,-180.2498,-533.49524,756.23901,-181.38493,-515.03333,713.85938
136,1.125,-175.58789,-532.45032,908.71515,-130.0688,-513.19836,886.39496,-106.84216,-504.31082,851.39679,-89.34217,-495.03293,806.95331,-167.96758,-542.40826,801.58435,-165.77667,-537.39966,758.00867,-166.64574,-518.63757,715.22748
137,1.133,-164.04951,-535.54449,909.45898,-117.70029,-514.20923,888.01935,-94.74496,-505.87442,853.04297,-76.67881,-497.11243,809.65369,-155.67563,-545.43158,802.39392,-151.91734,-539.40033,758.09058,-152.3394,-522.00098,716.18823
138,1.142,-150.76114,-536.94263,909.80719,-106.06389,-516.8894,889.00781,-81.92199,-507.71002,854.11591,-63.41839,-499.38791,810.32831,-142.52986,-548.49091,803.45129,-139.02243,-542.81439,759.83527,-138.86588,-525.1283,717.06061
139,1.15,-138.75475,-538.85492,911.47882,-92.50458,-517.53711,890.16418,-68.7412,-508.78027,855.12189,-49.98774,-501.31885,811.53271,-128.6398,-549.61145,804.61798,-124.68327,-545.84106,760.30865,-124.45954,-527.15527,717.35791
140,1.158,-125.36217,-540.06555,911.73456,-80.25773,-519.31903,891.07263,-56.21156,-510.41171,856.82996,-36.91965,-502.70245,812.72327,-115.35673,-552.36169,806.07935,-110.74746,-548.22382,761.54053,-111.64785,-529.75659,719.39288
141,1.167,-114.13418,-540.39044,911.61108,-67.43036,-520.3924,892.31708,-43.56277,-512.26312,857.89362,-24.11815,-505.31964,814.46704,-101.95425,-553.56372,806.67932,-97.94836,-548.84216,762.1236,-96.9501,-530.75555,719.41718
142,1.175,-101.56306,-542.33295,913.59393,-54.54329,-522.12823,894.57129,-30.27149,-513.14575,859.6441,-11.15853,-506.06357,816.29877,-88.6459,-554.83276,808.02094,-83.35993,-550.3551,762.81177,-82.03281,-532.4173,720.6568
143,1.183,-89.37344,-543.24921,914.26508,-41.6999,-523.76636,895.64032,-17.09799,-513.84747,860.64661,1.27014,-506.81653,817.65625,-75.5108,-556.85321,808.59192,-70.16068,-552.00958,764.9201,-69.39,-534.0188,722.0979
144,1.192,-76.62944,-544.71851,915.09198,-29.63608,-524.92993,896.12366,-5.22333,-515.41425,861.36597,15.86883,-506.38425,818.80286,-61.67263,-557.23041,808.45959,-56.02086,-553.1557,765.09082,-55.52063,-534.52332,722.44653
145,1.2,-64.37809,-546.49371,915.58795,-17.2076,-525.56885,897.53894,7.22332,-515.92426,862.83838,27.79171,-508.00247,820.97156,-49.05153,-558.65088,809.61176,-42.00752,-554.07288,765.75006,-40.28128,-535.92303,723.57361
146,1.208,-51.86637,-547.539,917.20325,-5.11004,-525.94269,898.43756,20.59896,-516.8548,865.039,41.42251,-508.49707,822.27063,-35.03989,-558.99091,811.0614,-28.96796,-554.1416,767.36633,-28.26986,-536.09106,724.35785
147,1.217,-38.58886,-549.26947,916.52747,7.69752,-526.35077,899.81396,32.95898,-516.99219,866.02759,54.33995,-507.16531,823.03424,-22.36501,-558.83887,812.21399,-15.37428,-553.7514,767.34155,-15.21205,-536.57849,724.99542
148,1.225,-24.98135,-549.75604,918.27344,19.71617,-526.44757,899.68396,45.98758,-517.1452,866.98688,66.58424,-507.78098,824.74371,-9.28082,-560.16534,812.62006,-2.51321,-554.37366,768.50226,-0.82622,-535.73425,726.10138
149,1.233,-13.68154,-551.15393,919.49475,32.10455,-527.30377,901.3407,57.95677,-516.82581,868.1944,79.35818,-507.27756,826.20886,4.39186,-560.9873,812.38373,11.17066,-554.18567,769.31989,13.16886,-537.04816,726.97833
150,1.242,-0.15455,-552.50305,920.47247,44.70538,-527.37878,902.0932,70.87675,-516.59906,869.35736,92.15654,-506.93362,827.79156,17.40122,-561.14252,813.45544,24.4245,-554.38025,770.43701,25.48291,-536.86267,728.39594
151,1.25,11.36138,-553.34595,920.75525,57.00285,-527.80103,902.93762,82.6146,-516.51599,871.00739,104.97206,-507.26306,828.80066,30.43959,-560.86194,815.06653,37.69741,-554.5614,771.39478,40.19741,-536.3064,728.66687
152,1.258,23.59652,-552.97021,921.13495,69.41146,-528.94641,903.95892,94.95382,-515.95355,871.9826,118.25939,-507.38614,830.31586,44.16031,-561.90094,815.5965,50.92659,-554.92346,771.81641,52.47952,-536.10083,730.00739
153,1.267,36.21978,-553.66882,922.409,81.43948,-528.44617,905.3421,107.60567,-517.5,873.2569,131.11739,-506.64581,832.02393,57.01696,-562.04572,815.92859,64.3472,-555.15906,772.5484,66.05398,-535.32379,730.39087
154,1.275,48.96935,-554.45447,922.52008,94.27992,-529.38745,906.17194,121.15443,-517.21436,874.54346,143.60284,-506.54141,833.4859,69.47359,-561.61456,817.22156,77.7481,-554.08063,772.96606,80.60316,-536.42981,730.84967
155,1.283,61.05341,-555.03131,923.01605,105.90449,-528.82526,906.91541,132.96725,-516.88934,874.82312,155.89238,-506.51047,834.30231,82.26002,-562.03516,816.72595,91.15115,-555.16779,774.46771,94.23689,-536.28406,731.6275
156,1.292,72.84617,-555.01636,923.28894,118.62053,-529.81915,908.25146,145.38873,-517.21063,875.78339,168.67067,-506.58566,835.91101,95.92031,-561.98376,817.62744,104.24894,-555.32446,774.92169,107.55112,-536.12341,732.56714
157,1.3,85.01377,-555.77118,923.5459,131.12119,-530.1438,909.66034,157.19337,-517.71338,876.37335,181.43568,-506.47543,836.65161,109.215,-562.33673,818.54877,117.52223,-555.7666,775.58966,121.25731,-537.02972,734.40649
158,1.308,96.06146,-555.39246,924.00647,142.68544,-528.79358,909.42322,170.74222,-517.01263,878.73615,193.95872,-506.2749,838.01849,122.2746,-562.73285,818.75629,131.88116,-556.08539,775.90875,135.04375,-537.69727,733.14349
159,1.317,107.8167,-555.45807,924.63373,154.25845,-529.82855,910.16272,182.15997,-516.42712,879.21393,206.41905,-507.18359,838.79614,134.66978,-562.76593,819.60626,144.77596,-556.50092,776.38293,148.23048,-537.1181,734.37872
160,1.325,120.25436,-555.49957,924.7641,165.30281,-529.81317,910.93164,194.43431,-516.09363,879.85461,218.5347,-506.11972,840.17584,148.05829,-564.02344,820.16241,157.65096,-556.61896,777.05145,161.6631,-537.80872,735.29584
161,1.333,130.36755,-555.87006,924.18958,177.14833,-528.7663,911.42493,205.42628,-516.36847,880.55115,229.99535,-505.68399,840.64233,159.85043,-563.1731,820.87494,170.31766,-555.99011,778.01392,175.38124,-537.74518,736.14014
162,1.342,141.95966,-555.19446,925.31915,189.22055,-529.73358,912.57098,217.42136,-516.1875,881.86743,242.44557,-506.17191,841.94855,172.03897,-562.11432,821.75519,183.52534,-555.92401,778.39288,188.83075,-537.40649,736.86957
163,1.35,154.0764,-555.71704,925.60492,200.26466,-529.47211,912.75159,228.77631,-516.58502,882.18494,253.4957,-504.37378,842.97351,184.35226,-562.98016,821.35938,195.34067,-556.19165,778.67603,201.28151,-537.55475,737.3147
164,1.358,163.76704,-554.01727,925.42328,212.09767,-529.10413,913.18683,239.4462,-515.41681,882.98492,265.95343,-504.45428,844.16516,196.7661,-562.19031,821.75616,207.83694,-555.80597,779.4823,214.27766,-536.85205,737.69885
165,1.367,175.70255,-554.93719,925.14124,222.57663,-528.50214,913.39801,251.39432,-515.55426,883.47034,276.79312,-503.7027,844.64594,208.82111,-562.34009,822.10229,220.48993,-555.47119,779.77173,226.52066,-535.69312,738.32983
166,1.375,186.51183,-554.64282,925.06726,233.15627,-528.24561,913.41162,262.50433,-514.21112,884.14539,287.67416,-503.53143,845.0744,219.81233,-561.40393,821.13062,232.14958,-555.14886,779.47131,238.31911,-535.83289,738.62061
167,1.383,196.71448,-554.35382,923.75433,243.39601,-527.6792,913.7475,272.46301,-514.06433,884.80176,298.40973,-502.15036,845.70447,231.28984,-560.84973,822.30695,243.19595,-554.38867,780.26178,250.69664,-535.01575,738.09558
168,1.392,207.38336,-554.65112,923.98834,253.64975,-526.73468,913.71924,283.05945,-513.34479,884.453,310.36374,-501.33295,846.20129,241.84929,-561.24969,821.88635,255.38478,-553.9892,780.02777,263.99097,-534.22137,738.74902
169,1.4,216.83565,-553.16046,923.6424,263.12173,-525.66528,912.68176,292.69095,-512.53693,884.03253,320.08102,-501.49109,846.995,253.0844,-560.27386,821.77411,266.40637,-552.17212,780.3241,274.25031,-533.31323,738.72125
170,1.408,226.99857,-552.37463,924.07098,274.01434,-526.3739,913.23334,302.66821,-511.47751,884.1214,330.31274,-499.93146,847.32465,262.97821,-559.39911,820.77924,278.34921,-551.75635,779.95569,284.89941,-532.0929,738.776
171,1.417,237.14255,-552.91986,922.64734,283.82819,-525.4906,912.77527,312.4986,-511.30923,884.1731,339.70477,-499.83868,847.35846,274.41199,-559.19855,821.62469,287.7027,-551.13672,778.70007,295.28052,-531.3172,738.6048
172,1.425,245.98718,-551.81824,921.82849,291.85138,-524.21381,912.67041,322.20575,-510.4494,883.83185,350.23587,-498.38449,846.68317,283.05392,-558.06903,821.58447,297.01978,-551.1543,779.34271,305.52667,-530.33923,738.8017
173,1.433,255.73959,-551.91467,921.17706,301.05914,-524.26959,912.61414,331.59454,-509.67725,883.69843,358.63568,-498.72339,846.27399,292.87766,-558.16614,819.66925,306.73419,-549.513,778.83771,314.83231,-530.05585,738.02087
174,1.442,263.57614,-550.98804,919.94965,309.77866,-523.21521,911.4317,339.84677,-509.42941,882.69666,367.51379,-497.20105,845.80219,301.87344,-557.33313,819.39185,316.17926,-549.14221,778.742,323.67398,-529.43146,736.90411
175,1.45,273.03177,-549.36908,919.90875,319.13965,-522.41272,911.12354,348.28262,-508.80524,882.14355,375.89737,-496.89532,845.24084,310.29959,-556.36725,818.52087,324.34045,-548.39172,777.44305,332.28094,-527.87091,736.04462
176,1.458,280.48724,-547.35706,918.33105,327.1311,-520.92499,910.15527,356.42126,-507.5943,881.703,384.34418,-497.14828,844.84186,317.90253,-555.83826,817.9845,332.61133,-548.13196,776.54852,340.57028,-527.77002,735.48206
177,1.467,288.39697,-547.67358,917.56213,335.66055,-520.27228,908.89508,365.02869,-506.95895,880.57904,392.68393,-494.70273,843.37274,325.54788,-554.59161,817.11719,339.2944,-547.11194,775.15375,348.71671,-527.40814,735.14478
178,1.475,295.9147,-546.61768,917.09332,343.12842,-519.78699,908.99927,373.39145,-507.33224,880.05225,399.95114,-494.99084,842.78424,333.77542,-554.96075,816.06,347.3822,-546.55853,775.18726,356.37503,-526.71643,733.66333
179,1.483,304.11798,-547.64203,916.65308,351.18094,-520.70331,907.66046,380.61661,-506.08905,878.74115,407.93411,-494.2471,840.95624,341.18872,-553.7251,815.38788,355.80554,-546.3526,773.34656,361.89172,-526.23218,732.48987
180,1.492,312.36807,-547.09161,916.34491,358.4931,-519.72009,906.47693,387.57428,-505.64243,877.42603,415.70663,-493.39691,839.99268,348.09268,-553.55823,814.85864,360.98273,-544.52911,773.03644,369.15588,-526.05414,732.01318
181,1.5,317.95935,-545.04779,915.71338,366.43414,-518.37146,906.12445,394.36322,-504.05429,876.46381,422.22284,-493.5863,839.27527,355.83994,-553.06024,814.41248,367.99051,-545.46967,772.25098,375.88202,-525.26459,730.04236
182,1.508,326.01221,-545.11102,914.4007,372.55795,-518.04401,904.87024,401.4458,-504.3093,875.79108,428.48285,-492.65604,837.60278,361.82922,-552.06854,813.34546,374.52206,-545.02197,771.68671,381.68628,-524.98224,728.79645
183,1.517,332.51962,-544.07202,914.32898,379.30832,-517.41577,903.99213,408.26736,-503.61154,875.25757,433.90253,-492.87097,836.38245,367.01837,-550.54761,812.09503,379.28439,-544.19897,769.96002,387.00769,-525.51135,728.64258
184,1.525,339.19647,-544.14459,914.00763,385.80313,-516.3031,903.62408,414.26385,-503.25906,873.93048,440.13934,-492.3678,835.33948,372.6987,-550.52094,812.65179,385.39563,-543.69751,770.0199,392.54776,-525.05554,728.24683
185,1.533,345.29251,-541.40997,913.78528,391.05002,-514.51129,903.14514,420.349,-502.64377,872.39435,446.38171,-491.48312,834.76849,377.35004,-548.89288,811.8175,390.07474,-543.19165,769.74249,397.6922,-525.30341,727.87006
186,1.542,349.87424,-539.20087,912.66547,396.66916,-513.66266,901.86871,425.23196,-501.44083,871.55615,451.84448,-491.56274,833.70282,382.94363,-549.51245,811.84088,395.00714,-542.6922,768.76825,401.13223,-523.7663,728.02496
187,1.55,356.66803,-540.1178,914.33466,403.27045,-514.07123,902.03485,430.98996,-501.20261,871.26691,456.7597,-490.65442,833.14996,386.96851,-547.88519,811.01978,399.06357,-542.16986,768.32361,405.14581,-524.33972,727.84326
188,1.558,360.57681,-537.7207,913.47089,408.04312,-512.07483,901.85492,436.20001,-500.31836,871.04034,461.15311,-489.88998,832.40491,391.76254,-546.073,809.52991,403.55283,-540.92657,769.02838,409.62283,-523.35382,727.29565
189,1.567,366.60208,-536.97247,913.66144,413.24664,-511.97272,901.91168,440.85403,-499.29303,871.16534,466.31415,-489.08817,831.93933,396.55228,-545.90125,810.52228,406.58032,-540.5163,769.24908,413.00052,-522.22131,726.47467
190,1.575,370.80789,-535.38287,914.88556,417.20859,-510.17206,901.67767,446.2894,-498.58255,870.50635,470.35663,-488.86359,830.96753,399.22379,-543.87469,810.56964,410.45245,-538.1051,768.49988,415.33832,-520.6264,726.30872
191,1.583,376.05014,-534.77155,915.61487,422.10492,-508.69009,901.30566,449.98459,-496.4379,869.81,474.88516,-487.71161,830.56366,403.33994,-543.26178,810.89178,414.55939,-537.19092,767.88812,418.69498,-519.88007,726.40076
192,1.592,381.49225,-534.12292,915.24438,427.84924,-509.0213,901.84216,454.26532,-496.40811,869.8078,478.59052,-485.90695,829.91473,406.98264,-542.28149,810.97797,416.41,-537.08203,767.6925,420.98138,-518.44275,725.33356
193,1.6,387.06165,-532.98364,915.68048,432.0347,-507.16898,901.52386,458.92709,-494.38159,869.44348,482.09732,-485.03171,828.73993,410.24396,-540.56946,810.99792,419.69739,-534.82483,767.68988,423.927,-516.45673,725.41736
194,1.608,389.99979,-532.25757,915.95123,436.58804,-506.5498,901.28638,462.75995,-493.3627,868.50629,486.76743,-483.45041,828.30554,413.66547,-539.61481,810.79889,421.65756,-533.69391,767.07007,425.32202,-514.88257,725.25226
195,1.617,395.1785,-530.7417,916.87402,439.98227,-504.03998,899.46765,468.11719,-493.54514,868.60376,489.54935,-482.2085,827.13794,417.41574,-538.22705,810.88031,425.11426,-532.81873,766.7818,428.08698,-513.70166,725.01404
196,1.625,399.66168,-529.70013,916.58276,445.38577,-502.89966,900.24121,471.30048,-491.88419,867.77283,493.46945,-481.1882,826.85095,420.24463,-537.40405,811.03973,427.88538,-530.7901,766.9917,429.22379,-513.35883,725.43042
197,1.633,403.86215,-529.03912,916.16016,449.48752,-501.66003,899.04376,475.5437,-489.81924,867.62561,497.22479,-479.62286,825.31665,423.45837,-535.80518,811.09875,429.93735,-528.72736,766.83234,432.5495,-510.38297,724.8468
198,1.642,408.80096,-528.31531,916.0932,453.73587,-500.49667,899.1106,479.34235,-489.32587,865.84784,500.75125,-478.33041,824.97314,427.25998,-533.83441,809.97052,433.89957,-527.71204,766.80566,434.66867,-509.19974,724.42908
199,1.65,412.42963,-524.85931,916.38361,459.06735,-499.67413,898.87024,483.20905,-487.09808,865.46143,504.29297,-477.23898,823.24316,430.29346,-533.49457,809.68054,436.93246,-525.77087,765.8847,437.99408,-507.68866,723.43787
200,1.658,417.87299,-525.9259,915.87537,459.05981,-498.80035,898.76257,487.59634,-485.9884,865.17462,508.18109,-476.05023,823.15326,434.08517,-531.37823,808.53491,438.95004,-524.92902,765.97534,439.52594,-506.27893,723.79004
201,1.667,420.75812,-522.98633,916.43408,463.79355,-497.55075,897.34686,490.4425,-486.13751,864.09332,510.77258,-475.25037,822.26361,436.58951,-530.74274,808.47333,442.47888,-524.02429,766.04474,443.56772,-504.74826,722.29865
202,1.675,424.92862,-521.8244,916.64288,468.57117,-496.505,895.13837,495.40558,-484.86731,863.81635,515.30756,-474.17484,821.2934,441.03568,-529.58911,808.98517,445.55637,-523.25897,766.02264,446.18802,-504.59387,723.04211
203,1.683,430.59525,-521.9129,915.44507,474.2468,-495.12918,895.90247,498.07449,-483.54144,863.64618,517.7135,-473.46957,821.10437,444.34967,-528.46301,809.18549,448.0795,-521.87433,766.00519,447.64157,-503.82391,723.20795
204,1.692,433.06598,-519.06195,915.92328,477.12479,-494.78412,893.59448,502.32065,-482.95337,863.14508,522.46173,-472.42526,821.07269,446.48273,-527.7301,809.58606,451.50241,-521.27734,766.18573,451.89676,-502.65909,723.34277
205,1.7,438.68158,-518.76923,917.27686,482.06564,-493.28906,893.47009,507.27817,-482.5578,863.10815,525.65869,-471.30945,820.36975,449.80518,-526.34857,809.67847,455.09424,-520.04169,766.66498,453.99973,-502.1084,723.76727
206,1.708,442.58389,-518.3949,917.14709,484.92575,-492.48819,895.72223,510.20303,-481.7597,862.75238,528.71533,-471.3847,820.45081,454.84949,-525.88635,809.72852,458.55673,-519.77594,766.76349,457.69556,-500.41064,722.91479
207,1.717,445.64722,-516.35797,918.19519,489.29889,-492.37085,896.52911,514.26111,-480.42416,862.95062,533.32849,-470.02603,820.38214,457.38651,-525.41406,810.44531,461.04709,-518.77966,767.54675,460.88873,-501.37558,724.95209
208,1.725,449.45255,-516.05518,918.15497,492.9169,-491.39496,897.30389,517.25543,-479.90726,863.27844,536.18781,-470.55661,820.23108,460.89819,-524.77228,811.56287,464.74881,-519.28259,767.95447,462.86246,-501.3378,726.51843
209,1.733,453.39932,-513.70215,919.6424,496.29153,-490.93069,897.07068,520.95459,-477.99112,863.39966,539.56433,-469.09479,820.29944,465.58386,-524.1123,812.07971,468.32785,-517.93439,768.47217,467.0802,-499.88174,726.6297
210,1.742,458.10709,-513.79236,920.25916,501.66086,-489.93314,897.85699,525.72937,-478.53168,864.05884,543.11011,-469.13052,820.8797,468.082,-522.79877,811.99152,471.01431,-517.51459,769.28259,470.56494,-499.47583,727.50153
211,1.75,461.1391,-512.85223,920.66241,504.50421,-489.0097,898.05548,529.95331,-478.50116,864.65662,547.69763,-468.70413,821.44604,471.49405,-521.80542,812.78296,475.50482,-516.2052,769.99066,474.97617,-498.06985,727.65814
212,1.758,464.70267,-510.95248,921.49982,510.23453,-489.85474,901.21838,533.04736,-478.22632,864.82068,551.79456,-469.20584,821.82098,474.55399,-520.573,814.41321,478.72797,-515.65686,770.08185,476.78561,-496.99371,727.92572
213,1.767,468.71445,-510.74173,922.35449,514.09235,-487.88141,901.16339,536.4848,-477.40506,865.55859,556.02905,-468.87839,822.78607,477.93942,-520.12036,815.43982,481.63052,-513.30347,770.69006,481.05096,-494.58206,727.96301
214,1.775,472.27167,-510.08942,923.39386,516.64081,-487.16891,900.74219,540.25916,-475.46628,865.56763,559.15863,-468.11777,822.67426,481.46457,-518.69806,815.45795,485.70319,-513.01709,770.59851,484.9335,-493.92047,728.17383
215,1.783,475.5145,-508.25839,922.93774,520.5965,-487.97198,900.57349,544.10223,-475.95673,866.18188,563.88953,-467.80124,823.74084,485.31171,-517.94452,815.20306,488.61331,-511.56393,771.01703,488.09085,-492.19205,728.95551
216,1.792,478.1673,-506.58224,923.14594,524.16583,-486.78015,900.83887,548.68536,-474.73853,866.7749,567.13892,-467.47379,823.99628,488.92499,-517.40247,815.57788,492.81458,-510.30807,771.67773,491.53754,-490.54578,729.18225
217,1.8,482.29849,-506.93567,923.66174,527.38446,-484.62448,900.33917,551.82843,-475.02231,866.24579,571.63544,-467.46777,824.74121,491.57281,-514.82654,816.79895,494.9574,-508.57108,771.4765,495.31564,-489.16022,731.07452
218,1.808,486.08865,-504.74124,923.18549,534.33478,-485.06732,901.31836,555.95605,-473.4386,866.72687,574.68146,-466.51083,824.13574,494.8147,-512.93719,815.50513,499.37436,-506.92221,772.47998,499.11615,-488.3678,730.0072
219,1.817,489.65125,-504.10422,923.39233,535.12817,-482.84619,900.48755,559.00818,-473.82996,867.5426,577.74463,-464.9433,822.78143,498.34897,-513.38129,816.00635,502.07266,-506.08359,772.28467,501.61694,-486.75983,730.5177
220,1.825,494.0675,-504.05624,922.2514,537.18854,-482.20053,900.47363,563.05902,-473.18799,866.54028,581.44623,-465.8028,822.95856,502.24878,-512.0993,815.06427,505.39484,-505.30945,771.86853,504.24881,-485.00467,730.13184
221,1.833,496.99805,-502.52301,923.14166,543.896,-481.34717,901.42175,565.14404,-472.52997,866.23645,584.29358,-464.24243,822.32129,505.25989,-510.86752,814.88995,507.59415,-503.91718,772.24994,507.04422,-483.52048,729.70795
222,1.842,500.56949,-501.29092,922.42499,545.18762,-481.55402,900.47632,568.20886,-471.28461,865.1264,587.72833,-463.3425,821.99182,506.6593,-509.79645,814.19916,509.95721,-502.32962,771.75739,509.73251,-482.20197,729.16754
223,1.85,504.14709,-500.97733,922.19147,549.0036,-479.97742,898.40741,572.55359,-470.70563,864.67944,590.38196,-461.8125,820.28223,509.14523,-508.06372,814.19678,511.89514,-500.52335,770.97168,511.78329,-480.8472,729.09027
224,1.858,508.06519,-500.327,922.35077,553.93597,-480.58197,899.797,575.41443,-468.82541,863.07306,592.763,-460.16522,819.15546,513.11096,-508.25638,814.33234,514.30945,-499.5741,769.94745,513.42096,-480.29474,728.1524
225,1.867,511.01083,-499.23795,922.08832,556.45917,-479.72821,898.96753,579.51971,-469.51288,862.8194,596.46234,-460.8114,818.01495,516.28351,-506.70041,814.39581,517.48846,-499.04822,768.60132,515.65289,-478.2525,727.86835
226,1.875,515.5329,-498.01074,921.49866,559.63568,-477.99231,896.00256,582.64948,-468.91147,860.82245,599.23083,-459.71649,816.99054,518.6062,-505.72162,813.60468,519.52521,-498.22659,768.35498,518.5307,-477.82782,726.48553
227,1.883,519.10767,-498.3627,920.58313,562.45898,-477.61453,894.35834,585.38855,-468.01199,859.58667,601.95099,-458.86218,814.9552,520.53864,-503.95038,811.17828,522.33539,-498.08981,768.05334,519.2533,-477.6929,726.24445
228,1.892,523.49146,-496.66675,919.45251,567.1413,-476.41092,893.31305,588.85773,-467.47928,858.00507,603.99414,-457.9039,813.63904,523.4668,-503.60605,810.83203,524.33008,-496.39096,767.5033,521.00867,-477.01691,725.94965
229,1.9,527.73224,-497.18167,918.97589,570.53741,-475.82571,893.36163,592.34192,-466.02106,856.30841,607.55157,-457.32098,812.30548,526.47894,-503.38727,810.75476,525.97711,-496.14624,767.04974,522.98102,-476.31192,724.87885
230,1.908,531.02106,-495.84323,918.0849,574.29846,-475.09805,892.05878,595.35065,-465.54172,855.30273,611.16284,-457.4285,811.56403,530.7937,-503.72159,809.96698,527.88745,-495.61414,765.94543,524.04913,-475.41998,724.28088
231,1.917,536.16815,-496.07953,917.33325,579.99243,-475.37073,891.08105,599.43317,-464.94409,853.35004,613.39716,-455.92776,808.42694,532.17419,-503.24146,809.37097,532.05237,-495.8461,764.32672,526.9964,-474.63275,723.76898
232,1.925,539.59412,-495.28574,915.77209,583.40393,-474.52313,889.05579,602.83795,-464.19009,851.59619,616.06824,-455.11615,806.29382,535.22772,-501.19504,807.86835,534.00439,-495.4747,763.77094,529.69415,-475.31049,722.42883
233,1.933,545.10828,-494.59763,914.42145,587.70892,-473.55661,888.57465,606.72046,-465.05615,850.0921,620.83807,-456.31677,805.71515,540.07086,-501.97903,806.62231,536.9389,-494.38171,763.42657,532.49481,-474.63211,721.21173
234,1.942,549.1825,-495.11908,913.91235,591.77832,-474.19388,887.28601,611.4726,-464.6091,849.30414,623.87195,-455.62076,803.82214,543.10291,-501.28839,806.22821,540.37561,-494.13388,762.94012,534.64069,-474.44632,720.32892
235,1.95,552.58362,-494.46368,913.06622,597.45105,-475.38828,885.21704,614.8927,-464.14545,847.79895,628.17743,-456.16788,802.04095,546.80597,-501.11755,804.79242,544.21313,-494.43893,762.06152,539.70886,-475.25238,720.28766
236,1.958,558.79169,-494.86481,911.69263,601.05676,-473.08359,883.9978,620.07196,-464.19769,845.11249,632.89917,-455.51785,800.84436,551.19067,-501.56967,804.11591,546.81036,-494.0672,759.83356,542.3692,-474.98413,719.00616
237,1.967,564.62787,-495.2189,910.67883,606.00861,-473.7319,883.26569,625.18701,-464.98019,844.28693,635.82513,-455.54349,797.60779,555.19128,-501.23734,802.22607,552.20105,-493.94342,758.99365,544.9024,-474.51508,718.33173
238,1.975,569.02258,-494.95963,910.06207,611.81104,-474.09982,880.85785,629.10229,-465.00726,843.15265,642.10388,-456.63232,797.11255,559.34003,-501.36829,801.50549,556.1322,-495.35849,758.65179,550.6972,-475.07361,716.97144
239,1.983,575.625,-495.50125,908.59949,617.00262,-473.82706,879.77771,635.15527,-466.15732,841.64783,646.34924,-456.72501,795.70355,565.63171,-502.035,800.99249,561.13477,-494.63812,757.77887,554.1452,-475.06235,715.46051
240,1.992,580.23651,-495.39297,907.23798,623.89618,-476.89911,878.93994,639.76837,-466.7576,839.88281,651.51892,-457.21973,794.72083,569.70319,-501.07959,799.78052,566.16595,-495.26492,756.80194,559.17334,-475.20697,714.92249
241,2,585.67627,-495.77896,906.21918,628.94745,-477.2244,876.96387,646.02826,-467.51483,838.19202,657.89319,-458.54626,793.1629,575.1853,-502.30365,798.80609,570.86096,-495.19458,754.67157,564.76038,-476.28152,714.71765
242,2.008,592.41833,-496.62799,905.78979,635.55573,-477.1362,875.5791,651.78693,-467.74945,837.09161,663.44934,-459.4592,791.7926,582.7641,-504.0155,797.80615,576.83661,-496.44843,753.48022,570.29333,-476.49921,712.86566
243,2.017,599.29346,-497.3461,904.09937,641.38507,-478.65253,875.33673,658.78473,-469.14484,836.4986,669.97821,-460.66559,790.94843,587.64624,-504.35873,797.04053,582.74915,-496.41354,753.09607,575.828,-477.10541,711.73999
244,2.025,605.61554,-498.46533,902.41864,648.63873,-478.81665,872.2818,664.6615,-470.57352,834.76129,675.49493,-460.85623,788.93573,593.23401,-504.68436,795.62897,589.12372,-498.14633,752.33539,582.93835,-477.93195,710.15912
245,2.033,611.8042,-498.44189,902.63928,655.16498,-480.69424,872.31641,671.90295,-470.49197,833.87286,682.79236,-462.43588,787.68848,600.19452,-505.49866,794.3158,595.91455,-497.67841,750.43079,588.95874,-479.56766,710.27045
246,2.042,619.5448,-499.46649,899.94983,661.53888,-479.43304,871.58521,678.9624,-471.72705,831.44147,690.15448,-463.95505,787.07788,607.90497,-506.2677,793.33295,603.20514,-499.19016,750.0611,596.133,-478.94598,708.57971
247,2.05,627.11096,-499.52814,899.03174,669.77197,-481.70544,870.0697,686.52112,-473.4577,831.19482,696.87097,-465.66428,784.97766,614.92975,-507.58829,792.98401,609.2392,-499.95105,749.02667,603.53943,-480.91974,707.55939
248,2.058,633.65375,-501.08258,898.59143,675.82257,-482.59192,868.31702,693.57709,-473.43051,829.7561,704.77667,-466.6781,784.48712,622.69629,-508.87811,792.08954,616.87354,-501.56683,748.49304,610.13147,-481.70316,706.73041
249,2.067,642.11823,-501.93182,897.90277,684.31366,-482.99011,867.74036,701.58765,-475.34976,828.99512,711.72955,-466.82062,782.94556,628.99628,-508.70065,790.41278,624.64056,-502.83304,747.34558,617.52399,-482.81543,705.42407
250,2.075,650.54547,-503.19894,896.4281,692.33173,-484.31372,867.0741,708.64069,-475.77954,828.06299,719.96039,-468.29498,782.1217,638.43713,-511.29535,789.7782,632.9776,-503.8493,746.60083,625.08655,-482.40469,704.04742
251,2.083,658.41125,-503.59695,895.37732,700.10748,-484.37686,865.85071,717.5968,-476.64459,826.56177,728.45856,-469.96634,781.99493,645.55078,-511.72595,788.90637,640.78955,-505.10211,745.20349,633.94006,-484.81189,703.31836
252,2.092,666.66498,-504.3855,895.8894,708.70483,-486.65973,864.49219,726.00684,-478.52777,825.8562,736.8432,-470.64215,779.81097,654.69446,-512.73425,788.15924,648.95544,-505.55453,744.97772,642.83521,-486.45395,703.24005
253,2.1,674.92273,-505.20651,895.26215,717.31335,-485.94431,864.6358,734.37421,-478.77283,825.30811,745.34381,-471.73135,779.97937,662.69745,-512.74249,786.54572,657.30994,-505.60141,743.24738,650.63715,-487.86969,702.78339
254,2.108,684.94757,-505.53516,893.18335,726.46008,-486.83475,863.89758,744.1972,-480.01462,824.48785,753.94067,-472.65671,779.4422,671.76282,-514.32367,786.59863,666.76587,-506.48215,742.73267,659.62561,-488.05481,702.62671
255,2.117,693.90204,-506.64499,893.2475,735.82373,-488.44391,863.95374,752.71704,-481.05145,824.28015,763.85529,-473.7467,778.65686,680.70483,-515.36267,786.52441,674.64948,-507.78287,742.94476,668.99744,-488.30121,701.11902
256,2.125,703.90558,-506.49509,893.52747,745.8363,-489.97137,862.06482,762.63446,-481.28638,823.28174,772.62079,-474.31253,777.92206,690.25476,-516.33856,786.75537,684.83661,-508.20529,743.0257,676.97198,-490.58435,701.55463
257,2.133,713.08917,-507.76846,893.61603,756.04358,-490.64081,863.45367,771.86212,-482.09869,823.76709,781.88934,-474.86115,778.05884,699.84906,-516.62732,787.26276,694.44196,-509.92627,743.23016,686.53625,-491.18228,702.38086
258,2.142,724.59943,-510.07172,894.7359,765.62042,-491.52875,862.89362,781.87219,-482.43576,823.43762,792.40222,-474.87021,777.39319,709.06091,-516.39124,787.77094,704.76459,-510.36877,744.38684,696.03064,-491.64624,702.79718
259,2.15,735.42615,-510.32797,894.7453,777.35645,-491.2204,863.03009,792.31561,-482.87207,824.32324,802.04749,-474.87912,777.86945,720.60693,-518.53735,788.19086,715.12506,-511.50159,744.56519,705.81,-492.51822,703.04102
260,2.158,745.81677,-511.42728,895.40411,786.88763,-491.56027,865.06757,802.84259,-483.69748,825.16119,812.52686,-475.57538,778.94586,731.85913,-520.04132,789.1076,725.46429,-513.19696,745.53815,715.80792,-493.87634,703.88446
261,2.167,758.0119,-513.78363,896.59198,798.79089,-492.1149,865.7876,814.10077,-483.80646,825.39099,823.14923,-475.0567,779.18866,742.64734,-520.32294,789.9353,735.04218,-512.82495,746.27716,726.50989,-494.21585,704.72003
262,2.175,769.65839,-515.19849,897.95612,810.27277,-492.85944,866.50458,826.47772,-485.2103,827.23865,833.7948,-475.26199,780.78326,754.12085,-520.23962,790.41174,746.61713,-514.86707,747.19629,737.75806,-495.37003,705.05615
263,2.183,781.35626,-515.33105,898.89923,822.76581,-495.53769,867.32941,837.63495,-485.42822,827.4751,845.33636,-476.20779,781.41077,766.4212,-522.50421,791.36121,759.30328,-516.77661,748.56958,749.41248,-496.55188,707.01379
264,2.192,793.95203,-517.54974,898.6181,834.86346,-495.49414,868.5788,849.44556,-485.89255,828.10675,858.2533,-475.9093,782.28864,779.16034,-523.16522,792.2019,770.98193,-516.6474,748.72272,762.03015,-497.31104,707.59503
265,2.2,806.19147,-517.84113,898.65607,846.66736,-496.72644,869.26691,863.086,-486.96567,829.46204,872.00476,-477.03729,783.67316,790.39081,-524.28931,791.4928,785.07623,-518.9859,749.33502,774.17334,-497.94357,707.65796
266,2.208,819.99194,-520.30304,899.8866,859.56763,-499.35822,869.66815,875.29596,-487.40414,830.00977,884.50012,-479.15799,784.35712,805.04053,-525.78156,793.13495,796.961,-520.18347,749.35095,789.26038,-500.58655,708.86462
267,2.217,832.33508,-521.93207,900.23187,872.66718,-500.05884,870.99915,888.69922,-490.20276,830.8031,898.12482,-479.79782,785.75659,819.17334,-528.49658,793.74017,811.5835,-522.18365,749.73267,802.28467,-501.03232,708.2309
268,2.225,844.62335,-523.22601,900.60846,885.8515,-500.83041,871.32684,902.20319,-491.25824,831.73248,912.11139,-480.28336,785.97821,831.94055,-529.77063,792.89691,826.23486,-522.5354,750.25867,818.09717,-502.27689,708.79114
269,2.233,858.24048,-524.96893,901.16699,900.08105,-502.31567,872.41138,916.4812,-492.35275,832.77222,926.9317,-482.9183,787.60815,847.08203,-531.51782,793.49219,841.53595,-524.82806,751.1369,833.3761,-504.28113,708.71301
270,2.242,872.57397,-526.64764,901.2674,913.409,-504.31442,873.08105,930.10803,-494.43881,834.17365,941.21765,-483.8027,788.50952,862.62189,-535.07556,792.96942,857.57605,-526.51355,749.48932,849.48352,-505.74503,708.36761
271,2.25,885.61145,-528.20709,901.63928,927.64044,-505.75635,873.5188,944.79871,-495.67429,835.42542,955.79596,-484.71152,789.56525,877.23004,-534.61823,793.92743,873.05817,-528.14618,750.81244,865.7619,-508.72345,709.65228
272,2.258,900.05902,-529.76501,902.60175,941.95038,-507.02448,875.03345,959.46198,-496.57352,836.59961,970.98669,-486.28439,790.57574,893.42932,-537.56879,794.71484,889.2218,-530.15527,750.99573,881.51605,-511.71713,708.87183
273,2.267,914.24725,-531.47925,902.42963,956.62262,-507.69293,875.83405,974.78033,-498.41522,837.70209,986.22382,-487.43155,792.59674,909.4519,-539.71033,795.48358,905.51703,-531.23157,751.22382,897.94897,-513.14203,710.39404
274,2.275,929.67188,-532.59924,903.86865,971.62048,-509.41635,877.50452,989.25659,-498.14267,838.92737,1001.79413,-488.92288,793.9361,925.08936,-541.12799,795.70239,922.19189,-533.55518,751.98364,915.38611,-514.93176,710.90381
275,2.283,943.69672,-534.28271,904.24268,986.12085,-510.74796,878.84418,1004.86578,-499.83597,840.45581,1017.14655,-489.99219,796.23004,941.54279,-542.71881,797.04504,939.01758,-536.05847,753.29517,932.50165,-518.52075,711.85797
276,2.292,959.42267,-536.5589,906.06494,1000.85883,-511.61905,880.26752,1019.86621,-500.90012,842.79785,1032.92224,-491.24142,797.83264,957.25366,-544.3833,798.54156,955.99402,-538.12775,754.66644,949.7597,-520.1676,712.06866
277,2.3,973.74487,-536.62006,906.88501,1015.7323,-512.18475,882.0946,1035.79236,-501.24191,844.44543,1049.01648,-491.65399,801.49994,973.86487,-546.26196,799.91699,973.17615,-539.5705,755.91852,967.2879,-521.04462,713.06512
278,2.308,989.00507,-537.88007,907.46564,1030.84607,-512.79749,883.8548,1050.68347,-503.19589,847.4726,1065.10657,-493.02969,802.09875,991.0506,-548.51605,801.53943,989.61804,-542.14911,755.71802,984.08862,-522.69568,714.5025
279,2.317,1003.72284,-538.9046,909.57471,1046.09094,-514.35669,885.48877,1066.22217,-503.61142,848.71576,1080.73279,-493.56415,805.26782,1007.73193,-548.875,801.66083,1007.52148,-545.20941,757.68457,1002.68311,-525.23633,715.66675
280,2.325,1018.9411,-540.49689,910.82495,1060.55737,-514.9101,887.85156,1082.25391,-503.65842,851.14435,1097.6178,-494.77896,807.40533,1023.72577,-550.31689,803.59656,1025.75073,-546.48419,760.11615,1020.81445,-525.66302,717.59607
281,2.333,1033.58594,-540.84369,912.59375,1076.51196,-515.80652,889.12677,1097.57874,-504.79736,852.94299,1113.84888,-495.59616,809.18286,1040.6344,-552.12915,805.2149,1041.82129,-546.58923,761.00128,1039.20313,-528.17151,718.73676
282,2.342,1048.08997,-542.383,913.88275,1090.88062,-516.18988,891.32745,1113.13562,-505.30957,855.77924,1130.06909,-495.04657,812.14307,1057.20105,-552.76324,806.65057,1060.18213,-547.02698,763.3548,1058.0094,-527.86145,720.72656
283,2.35,1062.53357,-543.32495,915.44781,1105.198,-516.26221,893.23718,1128.3877,-505.4238,858.65424,1145.85571,-495.76294,814.38031,1074.5708,-554.14142,808.0863,1077.97937,-548.06555,764.74146,1075.07837,-530.80115,722.06537
284,2.358,1077.76099,-542.79871,916.41315,1120.5177,-516.66394,895.3288,1143.84888,-505.73651,860.49554,1162.15356,-496.14084,817.12097,1090.4978,-553.64862,808.67444,1093.65051,-547.8869,765.74005,1094.2417,-530.18073,723.00006
285,2.367,1093.08167,-545.3736,917.90033,1136.54407,-517.76343,897.58649,1159.15173,-506.0918,863.31073,1178.06531,-496.27835,819.62024,1105.66943,-554.98871,810.53784,1112.4032,-549.73151,767.43976,1109.75293,-530.76373,724.58911
286,2.375,1106.30811,-544.02734,918.229,1149.57495,-517.71747,898.8291,1174.53125,-506.13617,865.00983,1194.64661,-496.44696,822.65344,1123.72241,-556.22186,812.23669,1127.42834,-547.97357,769.06891,1128.03052,-530.23187,726.12384
287,2.383,1121.98865,-542.89557,920.64746,1165.35852,-517.69489,902.50574,1189.9917,-505.68329,867.59229,1210.55164,-496.07761,823.35803,1136.08923,-552.59875,813.79187,1145.26526,-549.43604,770.89301,1145.67236,-529.22382,727.85974
288,2.392,1136.42725,-544.42639,921.24646,1179.50037,-517.91473,903.52338,1204.68347,-506.17877,870.30756,1225.66443,-495.79813,828.0658,1154.25317,-553.43536,815.01843,1161.13293,-548.46497,772.62762,1161.97852,-527.83252,730.034
289,2.4,1150.82886,-544.92224,922.69189,1194.45911,-517.86383,906.21118,1219.15112,-505.21335,873.22919,1241.16211,-494.60983,830.31464,1170.19128,-553.31354,817.39459,1177.3822,-546.99426,773.08838,1178.91516,-527.38458,731.42944
290,2.408,1165.70947,-544.93616,924.62665,1208.69617,-517.96466,907.56976,1234.36206,-505.02963,874.65576,1256.19971,-494.14777,833.38373,1186.50635,-553.17981,818.60742,1193.74219,-546.07202,775.27344,1194.93054,-527.25836,733.87451
291,2.417,1179.401,-545.03516,926.02765,1223.27686,-517.23132,909.98242,1248.97742,-503.22394,877.01508,1271.32129,-493.04138,835.79346,1201.19543,-550.92017,820.79694,1209.84399,-545.79688,776.95929,1211.0918,-526.39105,734.99542
292,2.425,1194.6665,-545.72284,926.3952,1238.29199,-516.7121,912.24615,1263.09729,-503.49692,879.18903,1286.51831,-492.30283,838.14288,1217.84607,-551.94025,822.18866,1225.32471,-545.48138,779.25104,1227.5437,-524.87054,736.83234
293,2.433,1209.83057,-546.75861,929.13202,1251.95862,-515.15942,912.50092,1278.56995,-501.40744,880.94702,1299.92517,-489.76648,840.62842,1232.85095,-550.43561,823.9223,1240.63953,-544.11145,780.40607,1242.54102,-523.88947,738.93402
294,2.442,1224.08154,-546.47668,929.05969,1266.14575,-515.27826,915.34094,1292.3822,-501.75488,883.66162,1314.71118,-489.16769,842.90985,1248.44312,-550.27222,825.73547,1255.70544,-542.08136,781.84784,1258.32996,-522.78302,740.07202
295,2.45,1236.94275,-543.42853,931.34979,1280.2533,-514.763,917.37097,1306.11584,-500.02582,885.77844,1329.93481,-487.57187,846.38654,1262.36755,-548.99078,826.42535,1271.43958,-541.67957,783.13373,1274.10474,-521.35406,742.04419
296,2.458,1251.08484,-543.35199,932.84412,1293.72693,-513.4101,918.43732,1320.21667,-497.6636,887.67157,1343.57141,-486.19434,848.33765,1278.29919,-548.78241,828.55023,1287.09436,-540.13202,785.40802,1289.51538,-519.6358,743.73334
297,2.467,1264.52307,-543.78107,933.75922,1308.27502,-512.94012,922.16406,1333.93152,-497.79788,889.81763,1358.08459,-484.2395,850.28857,1292.6853,-545.77954,829.59869,1301.66785,-538.37024,786.45276,1304.66553,-518.81799,745.47162
298,2.475,1277.35779,-543.16168,935.80273,1321.85962,-512.94183,922.92993,1348.00403,-495.95575,891.95996,1372.13513,-482.92813,852.67163,1307.0509,-546.0365,830.7345,1317.05762,-538.59064,788.52374,1320.26367,-517.98901,746.35675
299,2.483,1290.81677,-542.89984,935.68311,1334.83276,-511.4975,924.29529,1361.94202,-495.20166,893.8252,1386.07581,-481.76941,854.87097,1324.36169,-546.89185,831.89148,1332.3468,-537.75134,790.29773,1336.26404,-517.52795,747.90149
300,2.492,1303.84424,-541.27911,937.52985,1347.02734,-510.5253,925.17987,1375.14685,-493.88135,895.94421,1399.94275,-480.3201,856.79834,1337.43494,-544.45105,834.52496,1347.51038,-535.8598,791.43579,1352.40369,-515.04279,749.72424
301,2.5,1316.88843,-540.45416,938.32568,1361.07678,-509.69077,927.37274,1388.36475,-493.29614,897.88629,1413.75488,-479.0148,859.35596,1351.24585,-544.2063,834.30695,1361.76367,-534.56317,793.0144,1369.28687,-513.58392,752.1781
302,2.508,1330.14783,-539.94751,939.1485,1373.80823,-508.71027,928.12152,1402.10547,-491.93289,900.03613,1427.3197,-477.94894,860.83539,1364.64429,-541.54413,836.57092,1376.72839,-534.10046,794.12164,1381.2948,-513.76105,752.85162
303,2.517,1341.33154,-539.32709,939.62579,1385.71057,-507.15714,929.44885,1415.01904,-491.50275,901.07416,1441.11536,-477.20261,863.47125,1377.53064,-541.18378,836.25647,1390.2085,-532.95557,795.64374,1397.17188,-512.1499,754.7384
304,2.525,1354.53503,-539.34106,941.0509,1397.82605,-505.90414,930.88367,1428.10522,-489.63983,902.9184,1454.96912,-476.39584,865.35919,1391.45105,-541.11853,838.63129,1403.71252,-531.29877,796.82507,1411.04175,-511.85251,756.9425
305,2.533,1365.5946,-535.53821,940.60077,1409.9469,-505.09006,931.79163,1439.86682,-489.33551,905.01263,1466.27258,-475.2067,867.60205,1406.12842,-540.08459,839.59589,1418.76599,-530.70654,798.44141,1424.90332,-509.0994,756.69714
306,2.542,1378.34131,-535.11615,941.1817,1421.87573,-504.83038,933.2204,1451.7688,-487.59866,906.38196,1479.10107,-474.63675,868.36047,1417.5365,-537.3811,840.71259,1431.58411,-529.6546,799.33539,1439.7395,-508.66821,758.71002
307,2.55,1390.5022,-535.52277,941.6073,1433.84009,-502.70248,934.08887,1464.00513,-486.30093,907.19507,1493.13477,-472.2153,870.22998,1431.17126,-537.08514,841.47467,1445.06445,-528.41229,800.74573,1452.79468,-507.06317,759.67096
308,2.558,1401.37097,-534.10986,941.21716,1445.08838,-502.30798,934.76007,1475.23669,-484.67691,908.63348,1503.08826,-471.88736,872.12006,1443.69641,-536.64227,842.10345,1457.646,-526.55078,801.51508,1466.12549,-506.32178,761.04138
309,2.567,1413.13989,-534.09717,942.18384,1455.96497,-500.44931,934.98389,1486.20007,-484.46985,909.07581,1509.87891,-471.35849,873.2663,1456.20459,-536.12372,842.54791,1469.75134,-525.17181,802.08459,1476.02039,-505.65823,761.46039
310,2.575,1423.53699,-531.33423,942.54303,1465.67395,-498.25113,935.44067,1497.16101,-482.09756,909.83478,1522.49854,-469.60349,873.39636,1466.06335,-532.68616,843.27545,1481.95801,-523.77478,802.45844,1484.51965,-505.71713,760.87329
311,2.583,1433.14795,-529.89417,941.93488,1476.54126,-497.61435,935.89392,1508.09534,-480.98248,910.40094,1532.10779,-468.67938,873.19836,1478.55762,-532.12146,843.9375,1493.65234,-522.37073,802.75146,1494.97241,-505.48343,760.87939
312,2.592,1443.46887,-529.00183,942.39874,1487.57642,-495.90308,935.95569,1517.9198,-479.60077,911.11017,1547.43445,-464.20166,875.72614,1488.31482,-529.37286,843.57953,1505.354,-520.48486,804.48779,1512.98181,-500.50928,763.21393
313,2.6,1453.60034,-528.34033,941.5683,1497.28589,-494.46979,935.87976,1528.03723,-477.46069,910.66388,1556.77942,-462.2308,876.39276,1499.92175,-529.83398,843.60596,1515.53271,-519.33148,803.80273,1520.61292,-499.52975,762.49402
314,2.608,1462.96265,-526.33655,941.34973,1505.9458,-492.35236,935.64624,1538.04333,-476.32544,911.0672,1567.66455,-461.33789,876.74939,1509.64734,-525.83362,843.60382,1525.52454,-516.55194,804.12695,1532.1438,-497.53506,762.0744
315,2.617,1472.16345,-524.78485,940.98077,1514.97107,-490.77362,935.38232,1546.60583,-474.48807,910.6424,1575.51318,-459.85355,875.5531,1518.60913,-524.70831,842.72046,1536.01636,-515.06183,803.04498,1546.1665,-494.33521,763.32739
316,2.625,1480.86133,-522.90765,939.79114,1523.91711,-489.36111,934.84729,1555.79199,-472.48224,910.38727,1585.72632,-457.03732,875.38434,1528.16272,-522.5722,842.1864,1545.62012,-513.612,803.02771,1555.78821,-491.76501,762.88031
317,2.633,1489.92554,-522.45575,939.42792,1532.66064,-488.63828,933.51007,1564.17896,-471.35425,909.29419,1594.0697,-456.24872,874.81702,1536.66052,-522.52155,842.2323,1553.92273,-511.75842,802.41821,1564.32532,-490.24261,762.43933
318,2.642,1497.12012,-519.96991,938.55365,1540.11694,-487.45032,933.02094,1571.50061,-470.05917,908.20929,1601.23975,-453.77679,874.36273,1544.7041,-519.60596,840.96777,1561.88867,-509.84079,801.19092,1572.27563,-488.48215,760.94177
319,2.65,1506.16272,-518.0058,937.3017,1548.50342,-485.6116,932.12463,1579.98206,-467.76208,907.10291,1609.08582,-452.96896,873.40729,1552.28882,-518.04156,839.44543,1569.35498,-508.2475,800.3454,1579.40942,-486.26868,760.5451
320,2.658,1511.39087,-515.61749,936.40887,1555.84216,-483.29269,931.57562,1587.61719,-466.33249,906.91852,1615.56128,-452.05441,872.66742,1559.46875,-517.37299,838.38739,1575.86377,-506.52722,798.20282,1586.41724,-484.89404,758.85974
321,2.667,1519.87036,-516.0896,934.99805,1563.2605,-482.43585,929.5683,1594.13489,-464.86487,905.45862,1623.07507,-450.82498,870.06482,1565.52112,-514.45361,837.95557,1583.06897,-504.91837,797.42719,1592.69336,-483.54562,757.37341
322,2.675,1527.21741,-512.92236,934.46667,1569.86133,-480.94888,929.44446,1601.13086,-464.68344,903.83508,1630.93054,-448.37537,869.02319,1572.84631,-513.67291,835.85284,1587.66016,-503.2301,796.36011,1598.32117,-482.38815,756.3009
323,2.683,1533.23669,-512.64716,932.8598,1578.2533,-478.47342,930.00409,1605.75854,-461.63193,901.46698,1634.55005,-446.95972,867.41888,1576.1864,-511.58228,834.09039,1594.64575,-502.90207,794.66412,1603.29126,-480.63925,755.04749
324,2.692,1539.33496,-510.80725,932.82062,1582.677,-478.50299,925.79395,1612.10083,-460.7002,900.15717,1640.94507,-446.4761,865.57593,1582.5979,-510.01331,833.8692,1599.58484,-501.60205,793.18762,1608.42041,-480.7392,753.21826
325,2.7,1545.20691,-509.306,931.49615,1588.36938,-476.08725,924.56799,1617.56128,-459.34799,898.84039,1646.91504,-444.67084,863.10065,1587.48535,-509.17938,831.79779,1603.6676,-500.71158,792.84253,1612.55444,-479.5939,752.24329
326,2.708,1550.21399,-507.9718,931.30219,1593.19543,-475.23312,924.08276,1622.96533,-459.43533,897.13904,1651.20972,-443.89597,861.28821,1592.90247,-508.98785,831.45972,1608.51733,-500.1481,791.1955,1615.36511,-478.17581,750.81506
327,2.717,1555.6228,-506.69266,930.758,1598.03552,-473.99112,922.1308,1627.52271,-456.92947,895.69958,1655.25964,-443.07864,859.69208,1596.82288,-507.99695,829.96924,1611.24866,-499.05826,789.75958,1619.505,-478.73618,748.71582
328,2.725,1561.00781,-505.43417,930.45685,1602.77759,-472.81406,921.5235,1632.17725,-456.42413,894.24933,1661.55774,-441.89517,859.16913,1600.5343,-507.02359,829.6723,1614.7605,-497.78659,788.81836,1621.92285,-477.54132,747.92261
329,2.733,1564.22974,-502.44162,929.32166,1607.19531,-471.16064,920.24341,1636.67456,-455.19168,892.94751,1662.90063,-441.01996,856.33954,1603.41516,-506.01334,828.64966,1617.60388,-497.41675,787.91339,1625.10669,-476.74728,746.1488
330,2.742,1567.76489,-501.17828,928.86279,1610.82703,-469.7724,918.91418,1640.79688,-454.30649,891.59662,1667.23694,-441.21194,854.23541,1605.92017,-504.68091,827.22449,1619.81238,-496.75342,786.56683,1626.89771,-475.74811,745.01978
331,2.75,1571.03833,-499.53165,927.64697,1614.66382,-468.2493,917.95129,1643.92871,-452.60794,889.39905,1670.79419,-439.75485,852.6286,1608.02002,-502.41318,826.21765,1621.44299,-494.43146,784.75208,1628.27673,-475.29181,744.11371
332,2.758,1575.87585,-499.95654,927.05182,1618.63245,-467.44058,917.73657,1647.29688,-451.78571,888.50031,1673.75146,-438.52768,850.64575,1610.36121,-501.24854,826.00061,1622.59753,-494.37643,783.97681,1629.41638,-474.40625,742.4339
333,2.767,1578.47632,-496.51239,927.47424,1622.91602,-465.70566,916.38336,1649.61011,-450.33621,886.98541,1675.66467,-438.73557,848.41364,1612.13892,-500.38556,824.97577,1624.95935,-492.69934,782.19696,1630.9342,-472.9256,741.17859
334,2.775,1582.10193,-494.79974,926.56897,1625.59412,-464.22803,915.32172,1652.86389,-449.45056,884.35297,1679.17139,-436.55756,846.88135,1615.89441,-500.54761,823.72131,1625.01624,-492.05872,782.16815,1631.78406,-472.14041,740.20209
335,2.783,1586.06799,-493.68365,925.05896,1628.84766,-462.82031,914.31818,1655.84448,-447.91324,883.20691,1682.56677,-435.61221,844.45288,1616.60767,-498.89508,822.18787,1627.78772,-490.76544,780.40649,1631.75818,-471.27322,738.82721
336,2.792,1588.3667,-492.35574,924.25818,1631.93103,-461.51471,912.54407,1658.99133,-446.66855,881.99561,1682.98645,-434.64215,842.3772,1617.98328,-497.04001,820.67822,1628.24072,-490.63867,778.57129,1632.85669,-468.03568,737.41724
337,2.8,1592.18909,-492.54785,923.72229,1634.64136,-459.73419,911.37921,1661.14038,-445.97665,879.58643,1684.56262,-433.15164,840.33282,1619.7511,-494.77628,819.47546,1630.05505,-487.10126,776.91534,1631.05615,-467.6517,736.28204
338,2.808,1594.83606,-489.89056,923.82111,1636.89063,-458.44586,909.62762,1663.85461,-444.81213,878.30878,1686.25769,-431.64493,837.73676,1620.7417,-493.78897,818.41235,1630.15991,-486.34778,775.71771,1632.84009,-465.86267,734.26611
339,2.817,1596.3407,-486.62527,922.51801,1640.29163,-457.18314,908.17822,1666.07715,-443.26657,876.52228,1687.78076,-429.87576,836.12714,1622.64722,-493.60156,817.63477,1630.29333,-484.98242,774.76459,1633.62085,-464.93222,732.55127
340,2.825,1601.54382,-486.6098,921.3833,1642.46802,-455.82281,907.47675,1667.19128,-441.39117,874.08813,1689.99329,-429.58792,833.73425,1622.78271,-490.45917,814.98676,1630.7738,-483.26001,772.6673,1632.46033,-463.65137,730.12494
341,2.833,1603.22217,-485.52679,920.80115,1644.97534,-454.28809,905.12946,1669.94995,-439.99448,872.44739,1692.25537,-428.07852,831.62537,1624.85254,-489.17963,814.39014,1632.48608,-482.37457,771.37427,1632.8075,-462.47714,728.80096
342,2.842,1603.39905,-483.04156,919.45715,1648.21924,-453.33966,903.92462,1672.78271,-439.26984,870.01331,1693.78369,-426.86295,829.8374,1625.1344,-485.84811,812.32489,1632.99902,-479.63403,769.31787,1634.13904,-459.58444,728.60168
343,2.85,1605.60693,-479.58041,918.25604,1650.45374,-451.92468,902.59894,1674.0531,-437.83475,868.4859,1694.5459,-424.90637,827.23645,1625.7251,-485.40173,811.85834,1632.84595,-477.67615,767.90167,1634.93872,-457.93073,727.43152
344,2.858,1608.49243,-477.79303,916.82635,1652.06238,-450.75601,900.67371,1675.61584,-436.54355,866.52075,1695.94507,-423.69968,825.21063,1627.0144,-484.69812,811.21979,1633.9054,-477.37375,767.42841,1634.30457,-456.94681,726.18835
345,2.867,1610.64551,-476.92926,916.48328,1654.05432,-448.82278,898.7973,1677.37976,-435.31497,864.58911,1696.96545,-423.49753,823.03741,1628.29138,-482.53488,808.92169,1634.54626,-476.12512,766.1261,1633.09229,-456.13065,725.47919
346,2.875,1612.32935,-476.02451,915.99347,1656.17651,-447.24478,898.29926,1679.078,-433.64365,863.1283,1698.34583,-421.95154,821.00305,1629.30188,-481.81381,809.11255,1634.84058,-475.67477,765.21576,1633.44019,-455.09439,723.96869
347,2.883,1616.58447,-475.80161,914.68445,1658.94434,-445.76965,896.78796,1681.25049,-432.02368,862.23706,1699.3938,-420.5336,819.15198,1629.24976,-479.57248,806.74066,1634.53076,-473.82593,763.8703,1632.79639,-453.43326,721.97809
348,2.892,1619.18018,-474.28647,914.03156,1660.38928,-444.2944,896.21069,1682.52197,-430.95703,859.93036,1700.85583,-419.75256,817.33606,1631.27197,-478.96252,806.95892,1635.12927,-471.97534,763.25006,1632.36646,-452.88123,720.88641
349,2.9,1618.83301,-469.38873,914.11249,1662.65356,-442.94748,895.22656,1683.97034,-429.42026,858.48639,1702.05261,-417.75333,815.81665,1631.64307,-477.20627,806.31158,1635.88574,-471.59329,763.01501,1632.18433,-452.5881,720.7384
350,2.908,1621.92468,-468.69403,913.95166,1663.47168,-440.82547,892.77631,1684.50647,-428.05966,857.69434,1702.99634,-416.4838,814.91656,1632.01318,-476.2785,805.72809,1636.47693,-471.03564,762.95599,1631.77173,-451.07736,720.14447
351,2.917,1624.16382,-468.25394,914.12494,1665.60791,-439.3262,892.0318,1687.00085,-426.08423,857.65967,1704.07007,-415.37393,813.65833,1634.55383,-475.80435,805.72693,1637.0741,-469.7291,763.3855,1632.53064,-448.93698,720.14252
352,2.925,1625.75427,-466.76367,913.90808,1668.95349,-438.05368,891.15552,1688.49329,-424.95239,855.41113,1704.71851,-413.09998,812.28656,1635.56763,-474.61017,805.60901,1636.8269,-466.26764,762.84857,1631.77014,-446.60352,719.79163
353,2.933,1628.51208,-465.61652,912.80609,1670.46179,-437.34894,890.69586,1691.06226,-423.72855,855.13434,1706.26501,-411.97916,812.03394,1635.97632,-471.58398,805.58112,1637.16626,-465.7471,761.22614,1632.76282,-446.00543,719.68469
354,2.942,1631.14514,-462.58633,912.92322,1672.4314,-436.10507,890.81299,1693.1051,-422.29913,854.87604,1708.23511,-411.42944,811.09448,1637.56726,-470.51126,805.38617,1637.87939,-465.01108,761.39172,1632.88782,-445.52655,719.75726
355,2.95,1632.68372,-461.02173,912.40881,1674.23792,-434.98575,889.875,1694.43213,-421.61942,854.34888,1710.47217,-409.93613,810.05109,1637.85669,-468.74734,804.70862,1640.03772,-463.52899,761.82538,1633.12134,-444.52985,719.7099
356,2.958,1635.24463,-460.26376,912.40869,1676.53357,-433.65988,889.26331,1696.27454,-420.15558,853.24945,1712.23718,-409.28683,809.87592,1640.22974,-468.02191,804.67767,1641.04382,-463.48315,760.56976,1635.42297,-439.43085,719.73236
357,2.967,1638.11597,-459.25607,911.88416,1679.35144,-432.6293,889.38763,1698.80786,-419.87891,852.85632,1714.08533,-408.42642,809.14636,1641.40442,-466.47824,804.26514,1641.34387,-459.0668,761.4245,1635.6283,-438.90262,719.41229
358,2.975,1638.83362,-458.17667,912.15521,1681.91089,-431.00848,888.76074,1701.35486,-418.8837,853.00275,1716.07849,-407.56427,808.63171,1641.76587,-463.67111,803.98633,1643.05566,-458.03293,762.67438,1636.34741,-437.72864,719.25848
359,2.983,1642.03394,-457.36041,911.59265,1683.83826,-430.57104,888.75427,1704.2428,-418.11203,851.95856,1717.86584,-407.30173,808.20734,1644.33105,-462.53415,804.23267,1644.81458,-457.14243,761.61279,1637.30371,-436.99451,719.13464
360,2.992,1645.57178,-455.57529,911.69604,1687.03796,-429.8671,888.27356,1705.35779,-417.13239,851.8786,1721.83875,-406.67325,807.47803,1646.47266,-462.026,804.48962,1646.39868,-456.00107,762.13403,1640.66309,-432.86938,719.48492
361,3,1647.32434,-454.28912,911.98108,1689.31714,-428.84665,887.75562,1709.41174,-416.1232,851.12189,1723.14978,-405.11743,806.87891,1649.30139,-461.50082,804.271,1646.28186,-451.39417,760.44965,1640.97852,-431.74405,719.30621
362,3.008,1650.5144,-453.62665,912.05365,1692.18762,-427.28067,886.88379,1711.9043,-415.35349,850.20087,1725.32568,-403.92105,806.63763,1649.18884,-458.33478,802.57916,1647.89355,-449.03934,761.41675,1641.71167,-430.50378,719.02734
363,3.017,1654.67639,-452.38599,912.72601,1694.8009,-427.1377,886.42456,1713.9115,-414.33209,849.38489,1727.91602,-403.26685,805.68073,1652.02197,-457.11896,803.44299,1650.67639,-448.97992,761.04169,1645.29553,-427.90802,718.79022
364,3.025,1657.05383,-451.3013,912.28638,1698.43066,-425.83722,886.21381,1717.05164,-413.57117,849.34601,1731.03406,-402.49564,804.93414,1654.33203,-455.08438,802.94019,1653.97144,-449.06876,759.76648,1647.25244,-427.19534,719.36243
365,3.033,1659.30688,-449.82709,911.22162,1700.37463,-425.14435,885.0506,1720.07043,-412.87714,848.24921,1732.23877,-401.3952,804.0116,1657.27112,-453.72174,801.92688,1654.14941,-446.02509,759.07123,1648.7666,-426.12607,719.10217
366,3.042,1662.58215,-448.84467,910.13641,1704.52686,-424.79102,883.83484,1722.83472,-411.83786,846.98975,1736.37708,-401.00125,802.62268,1659.04089,-453.3446,801.28424,1656.86609,-444.5701,759.02332,1650.25647,-423.77094,717.16461
367,3.05,1666.17896,-448.32462,909.42755,1707.63123,-423.677,883.38306,1725.40393,-411.26004,846.62177,1738.69531,-400.41675,801.49579,1662.75415,-452.88199,801.34216,1657.89514,-440.939,757.74835,1652.95703,-421.3606,715.62683
368,3.058,1670.04553,-446.49472,909.15973,1710.91772,-423.25095,882.5033,1728.39514,-409.95325,845.466,1741.39429,-399.17709,800.65411,1666.34973,-452.45181,801.39288,1660.60913,-441.56177,757.59833,1654.54285,-421.06091,714.82288
369,3.067,1673.5813,-446.00851,908.00818,1714.84045,-421.96878,881.18585,1732.98804,-410.22903,843.46521,1744.72583,-398.39999,798.75165,1668.45898,-451.37137,799.92151,1663.14465,-440.22021,757.6145,1656.4657,-421.16925,714.12543
370,3.075,1677.85156,-444.69073,907.66107,1719.03198,-421.04529,879.92902,1736.19971,-409.06021,842.21515,1748.22937,-398.28738,797.43036,1671.09619,-450.70233,798.66357,1667.53943,-440.87964,756.07642,1660.03845,-419.05035,713.53247
371,3.083,1681.91577,-444.03992,906.53003,1722.30701,-420.47806,878.57556,1739.64539,-408.43607,841.01196,1752.07019,-398.56458,795.85193,1675.41345,-450.55017,797.92328,1669.85083,-440.28592,755.67926,1657.43079,-414.30457,712.2179
372,3.092,1685.27136,-443.26596,905.383,1726.86792,-419.53247,876.67438,1742.94873,-408.62027,839.04486,1754.17249,-397.01398,793.40698,1678.09448,-450.31628,797.80664,1672.72607,-440.23657,754.64532,1663.45496,-417.85724,713.29456
373,3.1,1690.71399,-443.8436,904.05536,1730.4823,-418.93811,875.33777,1747.95605,-407.14365,837.71277,1758.09009,-396.69836,792.2066,1681.82068,-449.62695,796.20972,1676.97656,-440.90002,753.0918,1666.24194,-418.93335,711.76019
374,3.108,1694.71448,-442.87363,903.0058,1735.13391,-419.61502,873.80029,1752.61523,-407.78091,836.41199,1762.07275,-396.52472,790.80042,1686.45715,-449.66437,795.29895,1680.4248,-440.32623,752.26746,1671.08154,-416.06369,712.36243
375,3.117,1700.33801,-443.23886,901.61505,1739.91907,-418.57584,872.80042,1756.047,-406.55829,833.73663,1765.11938,-395.25729,789.37787,1687.57593,-446.19089,793.508,1682.56641,-437.02527,750.79761,1673.90967,-416.72275,708.61371
376,3.125,1704.93652,-442.33734,900.65875,1745.05859,-418.20804,871.35443,1760.73352,-406.60294,832.65448,1769.67261,-395.5611,787.3952,1694.29041,-448.64499,792.85675,1686.01794,-437.16806,749.73065,1677.5061,-417.61124,708.07336
377,3.133,1709.98083,-442.8432,899.47467,1750.31592,-418.89972,869.86957,1765.32996,-405.58456,830.90503,1773.81543,-394.61282,785.62122,1698.25183,-448.07193,792.38666,1689.49121,-435.46951,748.98096,1680.72742,-416.69772,707.89252
378,3.142,1715.98279,-442.93579,898.39484,1755.26868,-418.53522,868.45313,1769.88037,-405.93173,829.85156,1779.60449,-395.44934,783.66333,1702.04932,-446.3732,790.04614,1695.20166,-437.03296,747.88794,1686.74194,-415.58389,706.88324
379,3.15,1722.32434,-443.15335,896.64105,1761.15015,-417.62921,866.96185,1774.83337,-404.87564,827.90277,1783.63147,-393.96747,782.87909,1708.19031,-447.4003,789.92633,1700.14868,-436.54327,746.84705,1688.54761,-416.84634,705.68726
380,3.158,1727.42432,-442.99393,895.60754,1767.39807,-418.57742,866.33551,1781.52576,-405.35297,827.08502,1789.47595,-394.2919,780.90692,1713.67407,-446.58618,788.69702,1705.03015,-435.06223,745.42535,1695.10352,-417.38538,704.99854
381,3.167,1734.60168,-443.50943,894.34576,1772.62903,-417.73853,864.60516,1787.82544,-405.62943,825.73633,1795.23523,-394.24155,780.37555,1719.19373,-446.75955,787.87274,1709.93823,-436.15753,744.54529,1700.90051,-418.12915,704.68622
382,3.175,1741.12463,-442.82535,894.41669,1779.60693,-417.9111,863.48889,1793.33411,-406.50714,824.31714,1800.94031,-394.52383,778.7193,1722.9917,-443.20386,786.86615,1716.1571,-437.55969,743.81244,1705.69983,-417.73813,705.18152
383,3.183,1748.47583,-442.68161,893.22882,1786.08569,-419.20041,862.29523,1800.76929,-406.02347,823.29584,1807.95581,-395.00946,777.61188,1731.10645,-445.83026,786.27368,1723.2113,-437.40408,744.00745,1711.74255,-417.70377,702.09381
384,3.192,1755.30798,-443.12775,892.16937,1794.07092,-419.75748,861.10553,1807.08533,-407.86948,822.84052,1815.13684,-395.7207,776.49072,1738.95215,-443.98291,784.79431,1732.22656,-436.51437,742.70483,1714.7926,-414.52939,699.84894
385,3.2,1762.20251,-444.3688,891.80237,1801.55945,-421.25012,860.90033,1815.35901,-408.20453,821.39813,1821.77966,-397.0676,776.03119,1744.67651,-446.50848,784.4068,1738.11133,-441.43921,742.40594,1722.87817,-415.47745,699.5177
386,3.208,1770.33301,-445.99048,891.0271,1808.72852,-421.14941,860.73663,1823.11719,-409.20715,821.29712,1830.18213,-397.57767,775.50793,1753.54712,-448.659,783.88672,1745.0946,-439.61487,741.24628,1731.10693,-417.54105,699.42603
387,3.217,1778.9541,-447.01843,890.80731,1817.03015,-421.53882,859.28748,1830.89233,-410.24496,820.67273,1839.03528,-399.47836,775.05237,1760.24011,-447.23929,783.14203,1755.57336,-444.56287,740.25537,1741.38806,-422.91321,700.3363
388,3.225,1785.78503,-447.4408,889.52588,1824.495,-423.07202,858.73749,1839.57397,-411.52689,819.48975,1847.48694,-400.7887,774.10706,1769.23389,-449.02866,783.26556,1762.13293,-443.50821,740.13525,1751.70447,-422.51425,700.14679
389,3.233,1794.14697,-447.98517,889.38757,1834.01758,-424.1441,858.71643,1848.53296,-412.26596,819.78693,1856.81995,-402.0705,774.55286,1778.97498,-452.63101,782.55652,1770.16077,-442.95337,739.91943,1762.14331,-423.4064,699.69189
390,3.242,1804.5249,-448.71378,889.22235,1842.97424,-425.24936,858.83142,1857.23352,-414.87445,819.35791,1865.53918,-404.61499,774.26642,1787.0686,-453.13416,782.44592,1779.44568,-444.22174,738.87787,1770.08496,-425.20261,699.06909
391,3.25,1813.35413,-449.64706,890.42804,1852.14966,-427.11966,859.07025,1866.18689,-415.51764,820.53149,1874.95667,-405.00864,774.3866,1796.39783,-454.19232,782.87604,1790.16479,-446.26651,739.68561,1776.90833,-422.22675,699.11359
392,3.258,1822.35913,-450.12585,889.06879,1861.87109,-427.37878,859.83545,1875.98145,-415.76135,820.34729,1884.80078,-406.99203,774.48901,1807.49524,-456.92596,782.88159,1798.65735,-445.80051,739.01147,1787.31421,-427.31723,699.59442
393,3.267,1830.93884,-450.85016,889.82123,1871.22327,-427.81522,860.09448,1885.49329,-417.92188,821.3681,1894.56348,-407.65128,775.43646,1815.63672,-455.50034,783.40851,1810.53284,-449.71786,740.31665,1803.04187,-430.92773,700.59833
394,3.275,1842.70142,-451.68735,891.35999,1881.37939,-428.25909,860.69165,1895.96716,-418.47635,821.56726,1905.23291,-409.38834,775.96466,1825.78174,-456.14133,784.3775,1820.94702,-451.19339,741.73578,1809.93762,-428.34186,699.50238
395,3.283,1852.4657,-452.64371,891.81671,1891.82141,-429.8002,861.95911,1906.95557,-418.78122,823.04535,1916.22021,-410.71719,777.0918,1837.38843,-457.07635,784.75037,1831.98608,-451.16376,742.95404,1821.77209,-432.82645,700.7771
396,3.292,1863.13721,-454.06705,893.20667,1902.15466,-430.71219,863.0567,1918.3158,-420.94043,824.53857,1927.33484,-411.29904,778.49744,1848.20752,-458.43594,786.203,1842.24231,-451.15451,742.12573,1833.7207,-432.16431,701.72296
397,3.3,1873.00024,-453.92044,894.12421,1912.66614,-432.39221,864.41547,1928.42859,-420.40735,825.72736,1937.7052,-410.61319,779.30145,1860.78296,-462.63654,786.92938,1853.72705,-452.79047,743.52405,1844.57861,-436.63528,703.45813
398,3.308,1884.2334,-454.78003,894.42389,1924.34314,-432.39978,865.51074,1940.09229,-420.69034,827.10815,1949.57275,-411.15768,781.7702,1872.24695,-461.3486,788.3172,1864.66199,-452.94022,744.39685,1857.87976,-435.49539,703.44867
399,3.317,1896.24805,-456.83221,896.4212,1935.29639,-432.58591,866.74609,1951.39087,-421.7428,828.24548,1961.35803,-412.00699,782.75781,1884.953,-464.58081,789.49976,1878.0498,-454.82059,745.53021,1867.98242,-437.19659,704.15668
400,3.325,1907.63843,-457.72833,897.27417,1946.41406,-433.91962,867.92029,1963.23438,-422.08243,829.78143,1972.98621,-411.16885,784.5766,1896.8584,-464.27451,789.71204,1890.35535,-455.83902,746.45233,1883.19604,-437.35565,705.31964
