Frame#,Time,C7.x,C7.y,C7.z,R.Shoulder.x,R.Shoulder.y,R.Shoulder.z,L.Shoulder.x,L.Shoulder.y,L.Shoulder.z
1,0,-1096.76111,-165.97205,1507.17004,-1107.42688,-371.40863,1417.78748,-1025.75378,19.98622,1419.53528
2,0.008,-1091.30457,-166.03165,1507.81311,-1103.88684,-370.49927,1418.08716,-1020.54205,20.43882,1418.90869
3,0.017,-1086.36316,-163.95448,1507.18713,-1098.88599,-369.48224,1417.72754,-1014.93817,22.83873,1418.20361
4,0.025,-1080.44263,-162.40057,1507.47583,-1096.03699,-369.5636,1417.5918,-1008.18744,22.13818,1417.60608
5,0.033,-1074.36914,-163.29117,1506.83301,-1090.98608,-368.60687,1416.86584,-1000.97943,21.73676,1417.55432
6,0.042,-1070.89587,-161.85558,1505.98914,-1087.24927,-367.6972,1416.40991,-997.17102,23.90302,1416.50317
7,0.05,-1065.828,-160.95073,1506.7793,-1083.62976,-367.42072,1415.57373,-990.32001,23.8223,1416.73352
8,0.058,-1060.76709,-161.34453,1507.21594,-1079.51636,-365.4209,1415.6864,-984.42889,22.27646,1416.04028
9,0.067,-1055.56628,-161.45572,1505.17651,-1075.82202,-366.14679,1415.14563,-981.34528,22.86069,1416.82678
10,0.075,-1049.84253,-162.01102,1505.84058,-1072.0719,-366.50235,1414.80969,-975.30389,23.49771,1416.3656
11,0.083,-1044.83386,-160.99631,1505.92651,-1066.40613,-364.08755,1414.42297,-970.16083,24.13269,1415.29346
12,0.092,-1039.46204,-160.64301,1504.94165,-1062.74402,-364.19507,1413.94385,-965.84833,24.00439,1415.54309
13,0.1,-1034.20166,-159.7178,1504.22253,-1057.63367,-365.36432,1413.20898,-959.42859,23.26207,1414.99451
14,0.108,-1028.0614,-159.81264,1504.23083,-1052.82556,-363.56808,1413.01184,-955.05396,23.89997,1413.84204
15,0.117,-1023.38043,-159.99432,1503.67346,-1048.46875,-364.23804,1412.2041,-951.23505,24.05035,1414.3645
16,0.125,-1020.03918,-160.88342,1502.62476,-1042.5188,-364.70969,1411.83557,-943.22406,23.80216,1413.04614
17,0.133,-1014.63184,-162.24765,1502.94299,-1037.63293,-364.06985,1412.30066,-939.5249,22.70883,1412.15161
18,0.142,-1009.2832,-161.40985,1502.11182,-1032.74341,-365.24771,1411.57166,-935.71741,22.70165,1412.49146
19,0.15,-1002.96124,-161.98415,1501.00415,-1028.3092,-365.11237,1411.14575,-929.46393,21.20242,1412.14917
20,0.158,-997.79425,-162.37428,1501.56055,-1022.11462,-366.78152,1410.60229,-924.16553,21.15106,1410.48657
21,0.167,-992.03192,-162.77248,1500.72156,-1017.24249,-367.48895,1409.90173,-919.61707,21.14466,1412.26001
22,0.175,-988.05444,-164.56865,1500.04272,-1010.54803,-366.7843,1408.75769,-914.25281,19.99563,1411.43762
23,0.183,-983.43109,-164.88852,1500.35388,-1005.84399,-367.672,1408.39172,-907.68079,19.60592,1411.33276
24,0.192,-977.77185,-164.8703,1498.89636,-1000.22675,-369.04111,1407.73279,-903.19263,19.13077,1410.13696
25,0.2,-971.55914,-164.43567,1498.49731,-994.97101,-369.77884,1407.02161,-899.22699,18.63726,1410.51331
26,0.208,-965.98639,-166.5963,1498.6239,-990.15735,-369.20712,1406.04883,-892.12848,18.8346,1409.40552
27,0.217,-958.93781,-167.11533,1498.68518,-983.49323,-370.16125,1405.81946,-886.3761,17.23341,1409.84766
28,0.225,-955.95172,-168.92836,1496.73901,-979.07898,-370.9155,1405.24536,-880.9704,16.53534,1409.9054
29,0.233,-950.08411,-169.23409,1497.54077,-973.03577,-370.27664,1404.02747,-877.23712,16.94031,1409.54114
30,0.242,-943.74628,-170.27327,1497.37488,-968.86206,-370.79623,1403.19739,-871.04956,16.20695,1409.07239
31,0.25,-937.00543,-170.59729,1496.1908,-963.77496,-372.64011,1402.00012,-865.65527,14.60088,1409.51477
32,0.258,-932.75793,-171.93138,1496.08228,-957.30829,-373.18918,1401.28186,-861.64703,14.29025,1410.06445
33,0.267,-927.86993,-172.70715,1496.27551,-952.50696,-373.46432,1400.59265,-854.11975,14.55834,1409.57031
34,0.275,-922.66632,-174.39771,1495.03821,-946.96307,-374.01703,1399.24524,-849.61169,14.40076,1409.50732
35,0.283,-916.14221,-175.2571,1494.90979,-941.89362,-375.04349,1397.90869,-845.28088,11.86524,1409.32861
36,0.292,-910.66217,-174.91472,1493.83081,-937.74756,-376.02042,1397.10852,-840.20044,12.19536,1409.64685
37,0.3,-905.30981,-176.74005,1493.18091,-930.73322,-375.72479,1396.7699,-835.53662,11.27637,1409.56738
38,0.308,-900.50623,-178.95992,1493.29431,-926.20386,-376.29263,1395.23169,-829.9245,10.86456,1410.0719
39,0.317,-894.96985,-178.88445,1491.75916,-920.39758,-378.03476,1394.02515,-825.4986,9.17485,1410.02625
40,0.325,-888.95062,-180.18433,1492.14514,-915.0675,-378.04742,1393.51184,-819.70966,9.5521,1409.11328
41,0.333,-884.38776,-180.99545,1491.43396,-908.73822,-379.08975,1391.86584,-815.18811,9.52405,1408.48413
42,0.342,-879.69684,-182.10614,1489.99976,-903.64331,-380.58575,1391.02515,-809.40442,7.47642,1408.75281
43,0.35,-873.58752,-183.93027,1488.86475,-898.23303,-381.40958,1389.75842,-805.40704,6.095,1409.13196
44,0.358,-869.16406,-184.54825,1487.51685,-892.72614,-382.26636,1388.0791,-800.37958,6.78186,1407.47009
45,0.367,-864.41028,-186.29015,1487.61768,-885.7019,-382.89685,1387.03723,-795.95844,5.58212,1406.6167
46,0.375,-859.29834,-187.23003,1487.17383,-881.27167,-383.70319,1385.84778,-791.26605,2.57157,1407.07483
47,0.383,-852.45447,-187.87354,1486.42114,-874.48956,-386.41806,1384.65649,-786.34424,4.09631,1406.24219
48,0.392,-847.84039,-191.00323,1486.66675,-869.43262,-387.71283,1383.94116,-780.10626,2.13081,1406.02515
49,0.4,-842.40826,-191.80452,1488.31616,-863.14636,-387.98102,1383.58679,-776.61511,0.63812,1406.44812
50,0.408,-837.30493,-191.30072,1488.85254,-857.43225,-389.18298,1384.59851,-771.60608,-0.22423,1407.65967
51,0.417,-831.26007,-192.88846,1489.36987,-851.9223,-389.67676,1384.65112,-765.33496,-0.7724,1408.48901
52,0.425,-825.93542,-193.53026,1490.85181,-845.39301,-390.56659,1385.12463,-760.71191,-0.08579,1409.4751
53,0.433,-820.54169,-195.97885,1491.64478,-838.7157,-391.52328,1385.01855,-755.80505,-2.52155,1410.98962
54,0.442,-813.48999,-197.13416,1491.60242,-833.28503,-392.59024,1386.74463,-751.32782,-3.86178,1411.87524
55,0.45,-809.16278,-197.24916,1492.15723,-826.38654,-395.0824,1387.63745,-744.29657,-3.47447,1412.8927
56,0.458,-803.37378,-197.97035,1493.22778,-819.62653,-396.40015,1388.85217,-738.40356,-4.36362,1414.44006
57,0.467,-798.15765,-199.11069,1493.73584,-813.07977,-396.1571,1390.59595,-734.38873,-7.01737,1416.71619
58,0.475,-792.60815,-200.40897,1494.96814,-805.93231,-398.36523,1391.49805,-729.75635,-8.26635,1417.87366
59,0.483,-786.27942,-201.6442,1495.54883,-799.02075,-398.86475,1392.20117,-724.51813,-8.88408,1419.23865
60,0.492,-780.92572,-202.92599,1495.97949,-792.11957,-398.87524,1393.58508,-720.77728,-9.17559,1419.66907
61,0.5,-777.49591,-202.86298,1495.82813,-785.41565,-401.37143,1394.55945,-715.06604,-9.9642,1420.39502
62,0.508,-771.61121,-204.5351,1495.68347,-778.37384,-403.85123,1394.43225,-710.73138,-10.87863,1421.24536
63,0.517,-765.07129,-205.51073,1496.79443,-771.2738,-403.62482,1394.677,-707.73718,-12.58933,1422.05176
64,0.525,-759.59058,-207.66078,1496.97412,-764.49573,-405.18124,1395.13306,-702.73816,-11.97155,1421.77136
65,0.533,-755.40747,-207.79739,1497.89587,-758.04492,-405.96588,1395.89368,-699.0979,-14.05061,1421.5343
66,0.542,-750.1817,-208.78548,1498.73596,-750.53363,-407.96909,1395.41296,-694.94641,-13.22858,1421.8468
67,0.55,-743.95953,-208.81438,1498.6311,-744.23102,-407.66626,1395.84875,-691.87262,-14.31329,1421.65808
68,0.558,-738.60693,-209.57639,1498.93689,-737.28357,-410.6897,1395.41064,-688.36707,-14.41836,1421.64941
69,0.567,-733.0459,-210.81281,1499.45996,-731.78229,-410.51611,1396.50195,-683.75836,-15.16925,1421.75293
70,0.575,-727.50165,-212.3662,1499.61633,-724.9541,-411.15036,1396.65674,-679.81976,-15.62652,1422.26331
71,0.583,-723.49646,-211.06926,1500.7688,-719.44135,-411.93872,1396.69189,-676.1062,-16.17266,1422.51245
72,0.592,-717.9455,-213.12242,1501.13135,-713.23853,-412.31604,1397.0697,-672.43188,-16.30022,1423.07751
73,0.6,-712.65619,-213.94679,1501.25403,-707.11548,-412.57986,1397.81775,-668.61053,-16.00582,1423.16895
74,0.608,-708.6842,-213.54404,1503.10754,-700.47192,-413.90247,1398.49988,-664.97729,-17.08743,1422.76709
75,0.617,-703.12732,-212.90845,1503.13037,-694.40424,-413.61588,1399.24243,-660.57367,-17.75832,1423.45203
76,0.625,-697.20178,-213.97121,1503.55237,-688.15594,-414.29535,1400.1344,-655.81189,-16.84583,1424.3938
77,0.633,-690.86823,-213.8309,1503.53125,-683.19092,-415.13754,1401.11975,-652.05444,-17.38159,1425.1626
78,0.642,-685.92914,-214.96147,1504.21863,-677.30426,-415.2334,1401.63208,-648.41943,-17.36641,1425.35779
79,0.65,-682.43536,-215.13939,1504.9762,-670.5415,-415.32733,1402.00867,-643.03577,-17.15313,1425.73181
80,0.658,-676.86359,-214.80458,1505.82629,-664.21967,-416.62225,1403.16577,-638.80005,-17.74771,1426.10913
81,0.667,-671.36041,-215.54323,1507.4425,-659.01056,-416.1073,1404.44116,-635.1004,-18.25431,1426.52759
82,0.675,-665.5799,-214.52455,1507.62207,-653.784,-415.76099,1405.08154,-630.19958,-16.74257,1426.70947
83,0.683,-662.3728,-215.14386,1507.88403,-647.54352,-416.33649,1405.98767,-625.03558,-17.99317,1427.50391
84,0.692,-656.88617,-215.94887,1508.85767,-641.65094,-416.03442,1407.36633,-621.17523,-18.31252,1428.04041
85,0.7,-651.0639,-216.16365,1509.65881,-635.76691,-416.33008,1407.88477,-616.10052,-17.58573,1428.1582
86,0.708,-647.84332,-215.33989,1508.797,-630.78607,-416.48462,1408.34058,-611.09692,-17.1052,1428.19177
87,0.717,-641.56396,-215.56209,1509.89063,-625.14124,-416.39914,1409.31738,-607.51044,-18.32146,1429.44299
88,0.725,-635.96332,-215.00806,1510.14648,-619.51123,-415.74551,1410.40308,-602.84424,-17.77523,1428.86975
89,0.733,-631.35809,-214.72731,1510.51379,-614.36627,-416.89731,1410.25378,-597.4801,-17.05625,1428.50208
90,0.742,-626.28607,-214.05574,1511.51245,-608.30737,-416.04794,1411.33264,-594.0282,-17.50811,1429.09546
91,0.75,-620.12695,-213.93114,1511.51379,-604.09698,-415.5961,1412.06299,-588.82593,-16.61236,1428.21753
92,0.758,-618.43604,-213.23405,1512.67676,-599.04254,-415.95377,1413.24097,-583.60577,-16.69532,1429.35901
93,0.767,-612.66376,-212.88025,1513.05237,-593.755,-416.49792,1413.47644,-578.4353,-16.6189,1429.39905
94,0.775,-606.82172,-213.22147,1513.9657,-588.4707,-415.50531,1413.87463,-574.32623,-15.20433,1430.62402
95,0.783,-600.2179,-212.44293,1513.34656,-584.79706,-414.95526,1414.49109,-569.57166,-16.74711,1430.1748
96,0.792,-597.23218,-211.56407,1513.61938,-578.88226,-413.75604,1415.10181,-563.66064,-15.12854,1429.52686
97,0.8,-592.48608,-211.89128,1513.71765,-574.19312,-414.02176,1415.55603,-559.62598,-15.12611,1429.73083
98,0.808,-588.79016,-210.299,1513.60059,-568.70221,-412.84891,1415.68152,-554.42346,-13.22301,1429.14941
99,0.817,-582.96381,-209.31177,1513.85742,-565.40497,-412.21005,1416.53589,-549.02582,-12.23709,1429.04443
100,0.825,-578.02942,-207.29553,1515.01965,-560.76367,-410.49451,1416.50085,-543.71497,-11.43534,1428.58667
101,0.833,-573.2514,-205.66367,1515.17383,-555.45398,-409.07562,1417.1189,-538.50714,-10.08658,1428.20715
102,0.842,-567.73303,-204.946,1514.41199,-551.9455,-408.57587,1417.64063,-533.11572,-8.38574,1429.41956
103,0.85,-565.67926,-204.16428,1513.89502,-547.86969,-407.49637,1417.66003,-528.01172,-8.59439,1428.67261
104,0.858,-559.53076,-202.77097,1513.89368,-543.63239,-406.73407,1418.03406,-522.23218,-6.6124,1428.14514
105,0.867,-553.55786,-201.91222,1514.09839,-539.84894,-405.76938,1417.80066,-517.16077,-5.93427,1427.62476
106,0.875,-550.23737,-198.68234,1513.71472,-535.54724,-403.82431,1417.38831,-512.37433,-5.4332,1427.15955
107,0.883,-544.39648,-197.55553,1513.47571,-531.97723,-402.71918,1418.42285,-506.19656,-2.98787,1426.47266
108,0.892,-542.47125,-196.50887,1512.36377,-528.79236,-401.51508,1418.1748,-501.94858,-2.01186,1425.40527
109,0.9,-536.81635,-195.10669,1511.60999,-524.94598,-398.9122,1418.87646,-495.48965,-0.02842,1424.45593
110,0.908,-533.22784,-192.41139,1511.29211,-521.81549,-398.16739,1418.90442,-490.48755,2.00376,1424.05261
111,0.917,-527.61066,-190.40865,1512.59448,-518.54907,-395.3028,1418.63867,-485.17557,2.66955,1422.15613
112,0.925,-524.83905,-187.90123,1511.94751,-514.40277,-394.30658,1417.88721,-479.7684,4.78929,1421.9707
113,0.933,-518.42078,-185.79819,1510.24561,-511.17957,-392.84576,1417.98828,-475.02988,6.6964,1420.62061
114,0.942,-516.05847,-184.60049,1509.9054,-508.32773,-390.24567,1417.88147,-469.56921,8.13224,1418.99414
115,0.95,-510.88687,-183.17595,1508.83374,-503.74634,-388.93347,1416.79456,-464.6687,10.82145,1418.54565
116,0.958,-507.61917,-180.42339,1507.1145,-501.64584,-385.8175,1415.95386,-460.0535,11.75707,1416.61926
117,0.967,-502.03128,-179.35542,1506.71167,-498.06445,-384.18637,1415.80237,-454.20068,13.48741,1415.35693
118,0.975,-498.34247,-176.0634,1504.66504,-494.30893,-382.87497,1414.6355,-449.71466,15.57453,1413.64819
119,0.983,-493.55118,-173.6626,1502.83887,-491.01205,-381.16226,1414.29016,-444.82999,16.62971,1411.67896
120,0.992,-489.76807,-171.76848,1500.38281,-487.7363,-378.77078,1413.18042,-439.78217,18.61355,1409.77148
121,1,-484.87881,-169.51216,1499.18835,-483.60431,-377.30679,1412.09656,-435.81906,20.25796,1407.92102
122,1.008,-481.55466,-168.26277,1497.4303,-480.66269,-374.67963,1410.03467,-430.22916,21.67789,1405.41602
123,1.017,-478.20239,-165.47986,1496.60522,-476.45392,-372.79184,1409.02966,-425.85834,24.16518,1403.74426
124,1.025,-473.16537,-162.9584,1495.55847,-473.17191,-370.7128,1407.97705,-420.92853,24.92738,1401.02148
125,1.033,-470.04068,-161.07927,1494.98633,-469.71985,-369.6629,1407.08032,-415.10995,27.1138,1400.04407
126,1.042,-464.10059,-159.05713,1494.47644,-466.40881,-367.89603,1406.33948,-411.1283,29.58282,1397.24744
127,1.05,-461.87286,-157.35458,1494.59875,-463.13562,-367.13113,1405.23169,-405.49808,31.29231,1397.16089
128,1.058,-456.436,-156.40242,1495.33179,-459.45816,-363.77487,1405.56348,-401.48697,33.59076,1396.11157
129,1.067,-452.93243,-152.90111,1495.40637,-455.87933,-362.35254,1406.14099,-397.89859,34.99999,1395.01306
130,1.075,-447.40097,-151.56509,1495.87439,-452.85175,-359.70615,1406.13757,-392.78595,36.54029,1395.51575
131,1.083,-443.20935,-149.95001,1496.22668,-449.61472,-358.37726,1406.65967,-388.4877,37.87583,1395.91479
132,1.092,-439.0665,-147.90515,1496.02881,-445.41885,-356.53931,1406.9939,-384.13599,38.88253,1396.19263
133,1.1,-434.7229,-148.12494,1496.40674,-441.96826,-355.06137,1407.98303,-379.80682,40.57814,1397.09814
134,1.108,-431.4317,-145.38402,1498.08496,-438.69125,-353.30362,1409.3446,-375.58566,41.19336,1397.75122
135,1.117,-425.76416,-144.19466,1498.12903,-434.51273,-352.28952,1410.66882,-371.78247,42.27977,1398.34302
136,1.125,-423.12903,-142.72118,1497.69202,-430.37521,-350.38602,1411.35205,-367.31738,43.70936,1399.54883
137,1.133,-418.07544,-142.5631,1497.94312,-427.15924,-349.13303,1412.12122,-363.05704,44.66267,1400.93872
138,1.142,-414.57816,-140.11737,1498.49634,-423.17734,-347.48026,1412.98584,-359.30713,45.61339,1401.24353
139,1.15,-410.11758,-139.20329,1498.97571,-419.34738,-347.21185,1413.31299,-355.51837,46.16115,1401.8717
140,1.158,-405.81232,-139.58107,1499.98914,-415.69479,-345.81061,1413.45667,-350.31848,48.31617,1402.24268
141,1.167,-402.28326,-137.50475,1499.85913,-411.25635,-344.8295,1413.89783,-348.1377,49.40772,1402.79407
142,1.175,-397.37476,-138.0211,1500.84338,-407.55927,-344.80865,1414.12134,-342.69266,49.07355,1403.71912
143,1.183,-395.42825,-136.88559,1501.17188,-403.87378,-343.08698,1414.43433,-338.45316,49.68585,1404.55042
144,1.192,-390.09793,-135.93967,1502.08777,-400.2674,-342.87378,1414.40857,-334.79211,50.83716,1404.75769
145,1.2,-386.99896,-133.62273,1502.91028,-397.11185,-342.32187,1414.7771,-331.05417,52.13861,1404.7179
146,1.208,-382.72495,-134.35301,1503.03491,-392.41608,-340.66165,1414.21655,-327.69217,53.16179,1404.91943
147,1.217,-378.73715,-133.37637,1503.10486,-389.25864,-340.47571,1414.6051,-323.25256,55.51949,1405.76135
148,1.225,-375.34152,-133.06532,1503.79346,-386.06381,-338.92645,1414.53076,-318.6879,53.69457,1406.74011
149,1.233,-371.11929,-132.93748,1503.79358,-382.60263,-338.30984,1414.49719,-315.77557,54.77982,1407.0144
150,1.242,-367.88437,-131.88132,1504.03662,-379.19339,-338.5788,1414.45276,-310.89807,55.22771,1407.1167
151,1.25,-363.14023,-131.83682,1504.53015,-375.56104,-336.95566,1415.25635,-307.30002,54.71576,1407.30005
152,1.258,-359.53497,-130.299,1505.62854,-372.29022,-335.94049,1415.74768,-303.16586,56.78577,1407.62866
153,1.267,-355.08731,-130.59767,1505.64587,-368.85306,-335.81146,1416.0835,-299.72614,56.32924,1408.46912
154,1.275,-350.40683,-130.47171,1505.8501,-365.78058,-335.74832,1416.41223,-296.07889,56.42311,1409.50195
155,1.283,-347.83789,-130.127,1505.7804,-361.98468,-334.97037,1416.32495,-290.68549,57.23759,1409.40918
156,1.292,-343.76114,-130.11337,1505.45325,-359.10794,-335.2309,1416.40125,-287.33093,57.62733,1409.03809
157,1.3,-339.4408,-129.55312,1505.69666,-354.88046,-334.25751,1416.53625,-283.3287,57.80944,1409.08569
158,1.308,-336.15372,-129.17656,1505.87781,-351.12561,-333.98032,1416.47424,-280.48752,57.38346,1409.48572
159,1.317,-331.53387,-129.64618,1505.99023,-347.36014,-333.98743,1416.67383,-275.77655,57.94719,1409.71191
160,1.325,-328.36993,-128.36394,1506.1925,-344.09387,-333.77826,1416.27368,-271.45233,58.9407,1410.66846
161,1.333,-324.62164,-130.17032,1506.15173,-339.92917,-333.47708,1415.91797,-268.0889,58.74599,1411.32239
162,1.342,-319.15607,-129.48543,1506.25525,-336.63565,-333.4855,1415.69202,-264.43671,57.53059,1411.05029
163,1.35,-315.76096,-130.4953,1506.47144,-332.69586,-333.86633,1415.4729,-259.44711,57.10765,1410.76904
164,1.358,-311.50262,-130.01875,1506.71533,-329.24664,-334.04108,1415.34778,-256.24771,57.49918,1410.92419
165,1.367,-307.48502,-131.63139,1506.49365,-325.01688,-334.58606,1415.19946,-252.50468,57.27536,1410.50073
166,1.375,-304.24454,-130.05399,1506.61804,-321.78046,-334.90353,1415.15063,-247.46375,57.3341,1410.87854
167,1.383,-299.97229,-132.00746,1506.08508,-316.06827,-334.88925,1414.95825,-244.56898,56.86958,1411.00598
168,1.392,-294.21344,-132.40662,1506.47144,-312.59302,-335.75388,1414.29028,-240.67088,56.13568,1411.22998
169,1.4,-291.80344,-132.85146,1505.50513,-308.74258,-335.94287,1414.28528,-235.68202,54.96062,1411.20935
170,1.408,-287.32172,-132.3838,1506.10474,-304.08038,-336.09744,1413.64807,-231.90005,55.07585,1410.43323
171,1.417,-282.30814,-133.94978,1506.53162,-300.24048,-336.42206,1413.3894,-227.84406,54.62898,1410.16956
172,1.425,-277.52368,-133.9277,1505.83472,-295.70291,-337.41064,1412.77783,-223.37776,54.13017,1410.56702
173,1.433,-274.86539,-134.98898,1505.57825,-291.6936,-337.93643,1412.45984,-219.19557,53.52932,1410.36365
174,1.442,-269.61792,-135.33267,1505.6543,-286.59851,-338.17184,1411.54736,-215.16705,52.37389,1410.78052
175,1.45,-264.75775,-136.85913,1505.65381,-282.49478,-339.00513,1411.29736,-211.48878,51.59866,1411.08569
176,1.458,-259.62851,-137.37059,1506.3302,-277.96329,-339.62704,1410.83313,-207.62605,51.4175,1410.58643
177,1.467,-255.90529,-138.26363,1505.08508,-272.93149,-341.02664,1410.43518,-202.19594,49.60064,1410.65369
178,1.475,-251.55551,-139.13162,1504.57581,-268.05887,-341.78348,1410.12488,-197.83264,49.05991,1410.76343
179,1.483,-246.89641,-140.46959,1504.33093,-263.8855,-342.48843,1409.68567,-193.32956,48.87755,1410.53931
180,1.492,-241.91597,-140.93834,1504.27112,-258.75653,-343.50424,1408.97327,-189.07034,48.31922,1411.42651
181,1.5,-236.79424,-142.3438,1503.50403,-254.1145,-344.41672,1408.4668,-185.07227,47.285,1411.10815
182,1.508,-232.42076,-143.23346,1503.38623,-248.81644,-345.48254,1407.59302,-180.68407,45.68052,1411.24329
183,1.517,-229.17203,-145.30881,1502.87769,-244.49367,-346.55737,1406.67517,-175.16762,44.87733,1410.7417
184,1.525,-223.11101,-146.47072,1502.78589,-238.92409,-347.54401,1406.06274,-171.22896,43.7093,1410.87952
185,1.533,-218.78596,-148.04587,1502.4198,-234.37018,-348.55182,1405.50085,-166.21712,42.67866,1410.42651
186,1.542,-213.05142,-148.11571,1501.30017,-229.10162,-349.80905,1404.55896,-161.24208,42.1562,1411.09558
187,1.55,-208.737,-150.39226,1501.99182,-223.81834,-350.50534,1403.27417,-157.2403,41.26379,1411.53467
188,1.558,-203.22647,-151.60495,1501.42053,-218.35489,-352.17987,1402.31262,-153.11555,39.46974,1411.2113
189,1.567,-198.23898,-153.49481,1500.11719,-213.46535,-352.82672,1401.69043,-148.25748,38.35335,1411.21155
190,1.575,-192.98199,-154.12422,1500.14502,-208.59315,-354.19589,1400.28308,-143.48232,37.80825,1410.89282
191,1.583,-190.01888,-155.00729,1499.41394,-203.10809,-355.18292,1399.05933,-138.58096,35.42743,1410.76721
192,1.592,-184.04643,-156.86954,1498.17249,-198.43361,-357.06055,1397.98499,-133.47002,34.97451,1410.0094
193,1.6,-179.44125,-158.44849,1497.10974,-192.64899,-357.89972,1396.63867,-127.90202,34.1185,1409.44849
194,1.608,-174.19234,-161.22154,1496.59644,-187.58759,-359.54568,1395.54419,-123.47885,32.30656,1409.58411
195,1.617,-168.71927,-162.16649,1495.23975,-181.62738,-360.28326,1393.85022,-118.1083,30.64124,1410.14819
196,1.625,-164.01765,-164.65627,1495.71191,-176.29517,-361.79562,1392.9491,-112.77144,30.19701,1410.21643
197,1.633,-158.56999,-164.81313,1493.99365,-171.69931,-363.80826,1392.10022,-108.15946,28.13829,1409.26355
198,1.642,-153.6434,-167.21727,1493.84839,-165.20844,-365.08252,1390.76318,-102.57177,26.75562,1408.67261
199,1.65,-148.22961,-168.81155,1492.56226,-160.23477,-366.56265,1389.62378,-97.97208,25.7868,1408.71558
200,1.658,-144.0584,-170.45827,1491.50781,-154.24498,-368.27448,1388.50586,-92.20467,22.52942,1408.92041
201,1.667,-138.0567,-172.19757,1490.46802,-149.0161,-370.0304,1387.38257,-87.32402,21.51349,1408.67065
202,1.675,-133.47447,-174.25938,1490.72949,-143.52243,-371.4762,1386.20544,-80.48199,20.42072,1407.88794
203,1.683,-129.04732,-175.21767,1490.0116,-137.76518,-372.68982,1385.31104,-74.82763,18.33446,1406.58643
204,1.692,-124.31493,-176.49487,1489.05408,-132.02953,-374.78595,1384.13721,-68.65217,16.43206,1405.97192
205,1.7,-118.42672,-179.37227,1488.20654,-126.56538,-375.89496,1383.67981,-67.24695,15.09216,1405.677
206,1.708,-113.41447,-181.36992,1488.95984,-121.22941,-378.81427,1383.27698,-62.02376,14.34689,1405.99939
207,1.717,-107.56364,-182.26505,1488.80273,-115.24663,-380.8024,1382.94702,-57.13977,12.69777,1406.69336
208,1.725,-102.89246,-185.17407,1489.85571,-110.09416,-382.10776,1382.70776,-52.39777,10.05793,1406.72803
209,1.733,-97.01464,-186.42815,1490.1344,-104.56545,-383.17102,1383.06372,-46.9209,9.17665,1407.19189
210,1.742,-91.71181,-187.86847,1490.83447,-98.65132,-385.40643,1383.09644,-41.57815,7.79445,1408.22656
211,1.75,-86.63482,-189.92349,1491.56274,-93.51876,-387.4823,1383.93152,-36.61222,5.30978,1410.32092
212,1.758,-81.05819,-191.49364,1492.23218,-87.31341,-388.88239,1384.29382,-32.124,4.16579,1410.95374
213,1.767,-76.65151,-193.31902,1493.30701,-81.90126,-390.31747,1386.02087,-25.62635,2.30519,1411.70251
214,1.775,-70.45594,-194.15315,1492.87781,-76.49945,-393.04147,1386.95569,-21.80978,0.0536,1413.45032
215,1.783,-65.67124,-195.72545,1493.69031,-70.9847,-393.29248,1388.06848,-15.5563,-1.71419,1414.31226
216,1.792,-60.22703,-199.01527,1494.88184,-64.73586,-396.50656,1388.578,-10.30672,-2.7484,1415.35669
217,1.8,-55.40537,-200.54874,1494.94971,-59.27021,-397.96567,1389.83972,-5.46602,-4.76676,1416.71973
218,1.808,-49.68569,-201.89816,1495.1842,-53.44924,-399.67972,1390.90735,-1.41403,-6.80773,1417.81641
219,1.817,-44.97971,-203.77702,1495.87561,-48.07045,-400.7569,1391.62524,3.02978,-9.0388,1419.13232
220,1.825,-39.76115,-206.2599,1496.20276,-41.91145,-402.78806,1391.84973,8.34011,-10.4992,1419.61255
221,1.833,-34.1344,-206.85925,1495.64136,-36.69339,-404.76257,1391.9884,12.61297,-11.36847,1419.96765
222,1.842,-30.57845,-209.56487,1497.23999,-30.85559,-406.01935,1392.34082,17.61242,-12.92778,1420.39954
223,1.85,-26.91297,-210.00253,1496.10583,-24.55604,-407.5022,1392.38684,20.9057,-15.00371,1420.83997
224,1.858,-22.00755,-210.99205,1495.65955,-19.56046,-409.03818,1391.7262,26.38689,-15.83956,1420.29883
225,1.867,-16.33006,-212.93419,1495.64844,-13.8197,-410.00027,1391.8219,29.58657,-16.23778,1420.46509
226,1.875,-12.03317,-213.39682,1496.68848,-8.50762,-411.62329,1391.38513,33.70544,-17.30816,1420.13245
227,1.883,-6.42809,-215.38757,1496.25159,-2.75564,-413.09314,1391.31238,38.33871,-18.46364,1420.28015
228,1.892,-1.43704,-215.55978,1495.92505,2.24418,-414.5661,1391.24121,42.6073,-19.32276,1419.65698
229,1.9,2.10338,-217.00839,1497.26135,7.92707,-415.40189,1390.99133,47.52382,-20.14778,1418.95044
230,1.908,6.86647,-218.24376,1496.12634,13.37621,-416.70346,1389.93408,52.09718,-20.60891,1418.95642
231,1.917,11.30999,-217.62579,1495.46106,18.25252,-417.20081,1390.02539,55.53639,-20.61107,1418.7533
232,1.925,16.38527,-219.4552,1495.59753,22.72566,-418.17502,1389.88586,59.77391,-22.39441,1418.59106
233,1.933,21.43315,-220.2739,1496.11218,28.48562,-419.21021,1390.07141,65.23694,-22.68245,1418.36023
234,1.942,25.957,-221.04041,1495.81335,32.93927,-419.90576,1390.26086,69.25427,-22.63798,1418.32874
235,1.95,29.63462,-222.31129,1495.64331,37.64386,-420.16943,1390.20374,74.17498,-23.26678,1418.24866
236,1.958,34.77331,-221.15108,1495.42603,42.61229,-421.32257,1389.56592,77.23325,-24.01741,1417.86011
237,1.967,39.2014,-221.1526,1495.28442,47.64729,-421.23792,1389.40222,81.44992,-24.38092,1417.50806
238,1.975,44.97601,-223.5695,1495.90942,51.69371,-421.5419,1390.07629,86.77006,-24.06091,1417.29993
239,1.983,50.15446,-222.49182,1495.07178,57.64159,-422.20361,1390.61731,91.04405,-25.02732,1418.01208
240,1.992,53.8216,-222.48123,1495.97876,61.91446,-422.04898,1391.15967,96.12003,-24.92485,1418.52258
241,2,58.14016,-223.01605,1495.86084,66.62238,-422.21289,1390.87659,100.84383,-24.76194,1417.75732
242,2.008,62.5465,-223.14842,1496.41089,71.20918,-422.01279,1390.87952,105.48186,-25.05359,1417.8324
243,2.017,68.49576,-223.23694,1496.17114,76.50893,-422.94077,1391.16284,110.81731,-25.43937,1418.07129
244,2.025,73.66196,-222.15224,1496.96313,81.3363,-422.98819,1391.59814,114.73376,-25.17825,1417.75317
245,2.033,79.04877,-221.4597,1496.11743,85.93996,-422.93271,1391.12512,120.46204,-24.34969,1418.28992
246,2.042,83.0652,-223.92986,1495.88989,90.99655,-422.59326,1391.37817,124.78456,-25.12659,1417.75598
247,2.05,87.3089,-223.01308,1496.23792,96.38014,-422.12213,1391.74097,129.64018,-24.90944,1417.11609
248,2.058,92.38876,-222.49568,1496.3175,101.81512,-423.05554,1391.13306,134.80536,-25.32205,1417.08484
249,2.067,98.43797,-223.03481,1496.26904,106.76102,-422.1608,1391.58496,139.39732,-25.44116,1416.33789
250,2.075,103.53297,-223.26787,1496.43384,112.06266,-422.00726,1392.44507,145.29854,-24.35803,1416.24475
251,2.083,108.4404,-223.07982,1495.83618,117.39195,-421.97412,1392.2771,151.44983,-23.73359,1415.83508
252,2.092,114.80191,-221.77696,1495.99255,123.35717,-422.3421,1392.39539,157.78098,-23.51394,1415.87659
253,2.1,119.79072,-221.39896,1495.48291,128.71086,-421.31851,1392.55957,163.54944,-23.58805,1414.9917
254,2.108,125.52466,-221.24136,1496.17102,134.40408,-421.04099,1392.44519,170.41104,-23.44892,1414.87463
255,2.117,131.40564,-221.99959,1495.83643,140.6041,-420.64185,1393.08057,175.98279,-22.64137,1415.27563
256,2.125,137.26122,-221.38101,1496.18481,146.13412,-419.43436,1393.61084,181.57985,-21.63873,1415.27563
257,2.133,141.89468,-219.56807,1495.31555,151.19498,-419.94229,1393.86731,187.31638,-21.32937,1415.17822
258,2.142,147.75369,-218.12497,1494.85413,158.27652,-419.45486,1393.72412,194.03027,-20.45308,1415.16858
259,2.15,153.10873,-217.55644,1494.19336,164.07219,-418.76501,1393.77014,199.74297,-19.54286,1415.09558
260,2.158,158.00296,-217.83063,1494.38855,169.71848,-417.36496,1395.01868,205.73128,-19.04134,1414.82434
261,2.167,163.16022,-217.64549,1494.81299,175.33176,-416.93195,1394.95203,211.84497,-17.52227,1414.77722
262,2.175,169.63548,-216.1086,1494.68774,181.5061,-415.11435,1394.05066,218.96054,-17.74391,1414.33008
263,2.183,175.51358,-214.83307,1494.16272,186.75673,-414.05194,1394.05371,225.29956,-17.08495,1414.26001
264,2.192,180.65729,-213.72646,1493.87231,192.9025,-413.1626,1394.30847,231.54692,-14.8409,1414.35339
265,2.2,186.81787,-211.81908,1493.35156,198.21863,-412.004,1393.97864,236.45454,-14.4323,1413.1543
266,2.208,192.1571,-210.65781,1491.99878,204.01526,-410.89294,1393.54956,242.83195,-13.34895,1412.83777
267,2.217,198.66368,-208.46266,1491.87122,210.0116,-410.47412,1393.10132,247.64249,-11.69362,1411.67932
268,2.225,204.86293,-208.71898,1491.7417,216.29283,-408.79196,1392.80334,253.7789,-10.64517,1411.08374
269,2.233,209.5527,-208.06451,1492.38208,221.65704,-408.74854,1392.38708,259.92474,-9.70392,1411.26062
270,2.242,215.91243,-207.63153,1492.2063,227.97269,-407.32959,1392.3949,264.9895,-9.24733,1410.71838
271,2.25,221.26474,-205.76048,1492.09985,233.68141,-406.03403,1392.25305,270.608,-7.31682,1409.75378
272,2.258,227.8549,-204.23572,1491.21387,239.26767,-404.60501,1392.72046,275.99371,-6.01956,1409.60706
273,2.267,233.35643,-203.82042,1492.02307,245.35037,-404.04532,1392.90869,282.05972,-4.50558,1408.88562
274,2.275,238.9998,-201.99582,1492.70361,251.39438,-402.87436,1392.84985,286.83929,-3.44861,1408.83423
275,2.283,244.1803,-200.23717,1492.99182,256.85934,-401.24664,1394.16016,292.5979,-2.61958,1409.16821
276,2.292,250.59369,-198.84904,1492.78906,262.62839,-400.74478,1394.35901,298.10263,-1.49099,1409.28809
277,2.3,255.92737,-197.7251,1494.33813,267.79211,-399.20319,1395.3855,304.28561,-0.64894,1409.75208
278,2.308,261.70367,-197.27692,1494.65491,273.3717,-398.0733,1396.93384,308.88254,1.23286,1410.68201
279,2.317,267.49399,-197.51907,1495.68298,279.2229,-397.10629,1397.89526,315.60339,1.71181,1410.58569
280,2.325,273.02542,-196.17645,1495.65308,284.94336,-395.7728,1399.28931,320.98691,2.92932,1411.05017
281,2.333,279.39316,-194.43709,1497.48901,289.67096,-394.31348,1400.79358,326.89923,3.95737,1411.62427
282,2.342,284.72433,-192.89246,1497.72034,294.74252,-392.88336,1402.25122,332.86243,5.42718,1412.33691
283,2.35,290.82928,-191.53348,1497.20093,300.79822,-392.02219,1403.22437,338.6058,6.33983,1412.86865
284,2.358,295.91946,-190.67557,1497.49011,305.4144,-390.81924,1404.30542,344.98022,7.75294,1413.15796
285,2.367,302.08899,-188.67455,1498.45117,310.80371,-390.00934,1405.17053,349.95578,8.54245,1413.54651
286,2.375,306.31424,-187.12611,1499.16089,315.3721,-388.09341,1405.93616,355.97281,9.44794,1413.78625
287,2.383,311.41998,-185.69382,1499.76196,321.24341,-387.51724,1406.20056,361.93112,11.08527,1414.63123
288,2.392,317.30606,-184.88335,1500.35596,326.21198,-386.19205,1407.11267,367.27432,12.03185,1415.20435
289,2.4,322.39697,-183.36217,1500.45154,330.74222,-385.42865,1407.43689,373.84149,12.57878,1415.43726
290,2.408,326.73862,-182.33217,1501.4574,335.81378,-384.75311,1407.59033,380.86118,13.43143,1416.35095
291,2.417,332.81284,-181.1116,1501.16504,340.4436,-382.98514,1408.13818,385.87881,14.73398,1415.99512
292,2.425,338.5047,-179.16257,1502.24854,345.71069,-382.08594,1408.45642,391.70602,15.34748,1415.85266
293,2.433,343.7681,-180.45761,1503.22375,350.03412,-381.64264,1409.04663,397.86322,17.13699,1417.10266
294,2.442,349.0509,-179.2184,1503.06384,355.02722,-380.21396,1409.43335,403.38199,17.20091,1416.71606
295,2.45,354.48706,-177.38045,1503.10596,358.82565,-379.61444,1410.36865,408.37097,19.42144,1417.14612
296,2.458,360.18658,-176.83604,1503.38513,363.22263,-378.44299,1410.0376,414.46042,18.7171,1417.17761
297,2.467,365.06516,-175.83917,1503.76807,367.43759,-376.54941,1410.15173,419.16748,19.68395,1417.73291
298,2.475,371.26309,-173.03622,1504.4021,371.72113,-376.29938,1410.60303,425.3873,21.33411,1417.82202
299,2.483,376.12149,-173.23645,1504.93945,376.07617,-374.99939,1411.18835,431.034,22.27825,1417.72375
300,2.492,380.90137,-172.77263,1504.89673,379.97623,-373.86978,1411.849,436.1496,21.67333,1418.26331
301,2.5,385.28378,-174.18719,1505.28101,384.70905,-373.20844,1412.02637,442.62659,23.11033,1418.73364
302,2.508,390.60468,-173.41797,1505.31567,390.25485,-371.4433,1411.00159,448.04651,23.36078,1418.92761
303,2.517,395.93863,-172.45753,1505.79968,394.0069,-371.35245,1410.96912,453.20578,23.73755,1418.63147
304,2.525,400.02414,-170.79607,1504.49023,399.17279,-370.05893,1411.41443,458.98889,24.89153,1419.66626
305,2.533,405.83749,-170.34874,1504.88293,403.30896,-369.62009,1411.88171,464.72855,24.88969,1419.56555
306,2.542,410.88669,-168.72122,1505.29785,407.62067,-369.52557,1411.81555,469.14639,26.06446,1419.31018
307,2.55,415.40085,-167.3558,1505.23315,412.42603,-367.82367,1411.68665,475.08212,26.42799,1418.94641
308,2.558,421.39194,-166.89873,1504.94714,416.43994,-367.98816,1411.73511,479.9184,26.9878,1418.98547
309,2.567,426.46292,-168.30772,1506.14893,421.68515,-367.82266,1411.63684,485.6748,27.88427,1418.46008
310,2.575,431.52692,-168.5874,1505.81189,426.35324,-366.6459,1410.93518,491.57513,27.41196,1418.56348
311,2.583,436.76419,-167.88913,1505.88843,430.95416,-366.22659,1410.52673,496.56033,27.59234,1418.59875
312,2.592,442.048,-166.22076,1504.83679,435.48132,-365.58466,1410.11621,502.45044,28.73865,1418.41943
313,2.6,447.10141,-165.40762,1504.82874,440.8613,-365.60019,1409.94775,508.40863,28.83561,1417.89746
314,2.608,451.93311,-167.46121,1504.67017,445.77777,-364.72156,1409.91772,513.46167,29.16138,1417.54004
315,2.617,456.98517,-166.3454,1503.79834,450.71719,-364.1568,1409.10352,519.4837,30.60778,1417.45166
316,2.625,462.09058,-165.41107,1504.573,454.64969,-364.26459,1408.80334,524.36499,28.76768,1417.29395
317,2.633,466.76648,-166.11592,1503.22644,459.60623,-364.46457,1407.70044,529.37408,29.73577,1417.21875
318,2.642,472.13983,-164.27713,1504.13318,465.03711,-364.08215,1407.64026,534.0318,29.07747,1416.98511
319,2.65,477.03036,-166.37019,1502.62695,469.76984,-363.82632,1407.28088,539.70245,29.86931,1416.53064
320,2.658,482.61908,-166.14078,1502.24622,475.18964,-363.57983,1406.85571,544.07739,28.57603,1415.96985
321,2.667,487.69193,-165.22798,1501.73376,479.64914,-363.47397,1405.79553,549.8988,30.22525,1415.55188
322,2.675,493.26028,-165.92177,1501.82275,484.96591,-363.99445,1404.95264,554.33997,28.9205,1416.23242
323,2.683,498.00012,-166.3481,1501.10754,490.85516,-363.77118,1404.43909,560.57666,29.36386,1415.57434
324,2.692,504.13239,-166.29257,1500.60815,495.3739,-364.2901,1404.91199,564.65094,28.39166,1415.64099
325,2.7,508.40729,-165.62682,1499.91736,500.77124,-363.67657,1404.06812,570.08411,29.27045,1414.49341
326,2.708,514.18781,-167.27626,1500.04871,507.13693,-365.22281,1402.74658,574.94757,28.14998,1413.81335
327,2.717,519.71936,-168.69496,1499.84375,512.0484,-364.60983,1402.57007,580.43158,28.03449,1413.58325
328,2.725,525.0639,-168.06674,1499.30029,516.36035,-365.25912,1402.00195,584.90295,28.18938,1413.25586
329,2.733,531.30841,-169.1125,1498.86755,523.16443,-365.67206,1401.28992,590.69867,27.73968,1412.59302
330,2.742,536.33588,-169.72234,1498.87134,528.11316,-366.70834,1400.62756,595.00403,26.75329,1412.73328
331,2.75,540.92725,-170.02722,1497.85986,533.47693,-366.66278,1400.62146,600.34448,25.8566,1411.93225
332,2.758,547.34399,-171.06155,1497.44934,539.64374,-367.75385,1399.8291,605.24744,25.91442,1411.63269
333,2.767,552.16675,-172.72826,1497.43591,544.87988,-368.39359,1399.55115,609.66779,24.88293,1411.927
334,2.775,559.33594,-171.73056,1496.02405,551.29352,-369.30063,1399.08386,615.61481,24.04981,1411.6261
335,2.783,564.36932,-174.05127,1496.56958,557.24548,-369.63229,1399.05701,620.21387,23.62788,1410.9021
336,2.792,570.35681,-175.09232,1495.85022,562.52448,-371.48129,1398.36548,625.08313,22.24918,1410.67712
337,2.8,575.15833,-176.14009,1495.46484,568.70868,-371.93127,1397.86377,630.5296,21.88961,1410.07349
338,2.808,580.8985,-177.66634,1495.54651,575.05566,-372.75409,1397.50586,634.55292,19.95901,1410.11365
339,2.817,585.76294,-176.23389,1494.76416,580.83081,-374.67728,1397.3385,639.9859,20.00382,1410.24902
340,2.825,591.68597,-178.51871,1494.89685,586.8269,-375.52643,1397.37549,644.67554,18.22009,1409.76599
341,2.833,598.54651,-180.10036,1494.78845,592.97461,-376.20462,1397.02075,650.65295,16.99634,1410.0343
342,2.842,603.69928,-179.86324,1494.13086,599.26202,-377.065,1395.948,655.88733,16.31273,1410.06494
343,2.85,609.19067,-182.75119,1494.32666,604.63464,-377.77661,1395.72705,660.02161,15.60892,1409.92029
344,2.858,614.61011,-183.26324,1494.17139,610.39948,-378.91486,1395.2124,666.04956,16.49021,1410.23218
345,2.867,620.55383,-184.70145,1494.84668,617.34338,-380.61661,1395.1582,671.30475,14.05216,1409.79224
346,2.875,625.7594,-183.71042,1493.54553,622.97858,-381.06604,1394.89001,676.35608,12.65855,1410.67004
347,2.883,631.70685,-184.78981,1494.48669,628.38812,-381.81488,1394.34766,683.1311,12.36122,1410.00891
348,2.892,637.59015,-188.20084,1493.6012,634.74664,-382.81766,1394.31921,688.06012,10.59641,1410.07666
349,2.9,643.25079,-188.14737,1493.70276,641.07672,-383.66537,1394.12329,693.76666,11.66475,1410.07739
350,2.908,648.28137,-189.44666,1493.60034,646.49384,-385.08331,1393.63135,698.34833,9.98979,1410.69995
351,2.917,654.58008,-190.05524,1493.47974,652.46802,-385.20996,1393.74731,704.75189,9.68639,1411.13
352,2.925,659.17969,-190.94118,1493.83582,658.86102,-386.43362,1393.26331,709.86584,7.81687,1410.85876
353,2.933,666.16125,-192.05975,1493.36914,664.64825,-387.76965,1393.41382,716.0506,6.91977,1410.19812
354,2.942,671.9071,-191.85599,1493.46619,670.69202,-388.61926,1393.45447,722.29572,5.85965,1410.45764
355,2.95,677.47522,-193.06346,1493.1853,677.18939,-388.9194,1393.50745,727.51727,4.35147,1410.7417
356,2.958,683.94336,-193.88844,1493.69824,682.84039,-391.009,1393.60059,733.84174,4.0111,1411.30066
357,2.967,689.64117,-196.04379,1493.45728,689.67432,-391.28021,1394.62,738.74225,3.02094,1411.23987
358,2.975,696.05975,-196.26749,1493.99902,697.10516,-393.05856,1394.2428,746.18427,1.86324,1409.89734
359,2.983,701.66516,-197.16425,1494.24683,703.25806,-394.50775,1394.85718,751.98279,1.50339,1410.14502
360,2.992,707.80579,-198.14948,1494.08203,709.54657,-395.67657,1394.57947,757.60315,-0.49976,1409.80737
361,3,714.00812,-198.38551,1493.77075,716.48456,-396.72003,1395.28528,763.26678,-1.67377,1409.32019
362,3.008,719.22937,-199.55312,1494.03271,723.81482,-396.7413,1395.9834,768.44537,-2.94532,1409.39844
363,3.017,727.57947,-201.00056,1492.15295,730.92584,-398.86707,1396.1665,774.88611,-3.75054,1408.05884
364,3.025,733.46368,-202.78674,1492.09827,738.49652,-400.1727,1396.06238,779.81775,-4.56716,1407.89478
365,3.033,739.3056,-203.50938,1492.4126,745.8678,-401.62906,1396.26563,785.63123,-5.17445,1408.42456
366,3.042,745.29358,-204.25842,1492.45703,753.19794,-402.88629,1395.97827,791.33984,-7.11633,1407.89612
367,3.05,750.41583,-206.73132,1492.72839,760.7226,-405.43668,1396.22034,796.74286,-7.65197,1406.88184
368,3.058,756.78796,-206.94,1492.71057,767.55536,-405.90775,1396.76758,801.81641,-8.14572,1406.92297
369,3.067,762.54968,-208.40916,1493.39502,775.19904,-406.96609,1396.6051,806.89502,-9.71917,1406.35364
370,3.075,769.50757,-208.12856,1493.6394,782.07825,-406.96622,1396.26294,811.53259,-9.04316,1406.58582
371,3.083,776.58112,-208.28033,1493.33313,788.43677,-408.13052,1396.78296,817.03497,-9.57196,1406.60449
372,3.092,783.02313,-208.47249,1495.19592,795.83551,-409.19159,1396.94336,821.04077,-10.57437,1407.3197
373,3.1,789.18414,-208.42087,1495.41016,801.56378,-409.62738,1397.38232,826.98236,-9.95572,1408.06567
374,3.108,795.13965,-209.56079,1495.39429,807.89539,-410.3302,1396.84778,831.15393,-10.26561,1408.18262
375,3.117,801.56885,-208.72052,1495.52405,815.9021,-410.20129,1397.95667,837.00348,-11.40409,1408.05164
376,3.125,806.61993,-211.34584,1497.95313,821.2713,-410.36276,1397.97888,842.32281,-12.44503,1409.58386
377,3.133,814.27881,-210.78851,1498.06226,828.6236,-410.77637,1398.84631,847.77069,-12.4762,1410.61328
378,3.142,821.14484,-211.07703,1498.56299,835.00848,-411.66327,1400.21338,852.98529,-12.76229,1411.23132
379,3.15,827.44177,-212.83342,1500.13708,842.18939,-411.77286,1400.8927,859.36914,-13.27298,1411.58191
380,3.158,833.70703,-212.96777,1499.92004,849.16113,-412.03696,1401.63818,865.11749,-14.06483,1412.11096
381,3.167,839.40558,-212.98534,1499.89209,856.67126,-413.2561,1401.64819,869.79492,-14.48802,1412.6012
382,3.175,846.12787,-215.32942,1500.10132,864.1803,-412.79681,1403.01636,875.8175,-14.09632,1412.9397
383,3.183,852.76086,-216.44438,1500.89709,871.17944,-412.83313,1403.34509,882.23987,-15.64872,1414.12585
384,3.192,859.62988,-214.36761,1500.34558,879.26093,-413.71027,1403.38489,888.26672,-14.86574,1414.30762
385,3.2,865.89929,-216.46367,1501.0155,886.04919,-414.04413,1403.35901,894.00836,-15.65417,1415.05505
386,3.208,872.24445,-215.79848,1500.7594,893.82373,-414.4675,1403.95361,900.29559,-15.22256,1415.09375
387,3.217,878.06689,-216.06497,1500.42383,900.79071,-414.72549,1404.34558,905.99475,-15.81174,1414.78259
388,3.225,883.62408,-216.15114,1500.28613,908.77844,-414.61847,1403.77344,911.70233,-15.50893,1412.95911
389,3.233,890.46747,-216.98849,1499.53381,915.17395,-414.7326,1403.0769,918.54938,-16.77941,1413.31592
390,3.242,898.36285,-217.47928,1498.44751,923.15363,-414.97208,1403.17175,925.3208,-16.17676,1413.15698
391,3.25,904.55426,-219.24155,1497.03821,929.85309,-414.9509,1402.95081,931.63177,-15.93066,1412.00916
392,3.258,910.13226,-217.40955,1496.76331,937.61163,-414.6619,1402.17627,937.04272,-16.53457,1410.55286
393,3.267,916.66107,-217.70618,1495.74841,944.07257,-415.27911,1401.13354,944.63232,-16.24801,1409.53931
394,3.275,922.78986,-218.10257,1494.34668,951.44409,-414.82513,1400.42639,950.55579,-16.39451,1408.03174
395,3.283,928.8382,-218.4864,1493.12488,958.12671,-415.40338,1399.57324,956.98712,-15.6676,1407.01538
396,3.292,936.51331,-218.05696,1490.13806,964.63556,-414.64285,1398.40588,962.81134,-16.39181,1405.15466
397,3.3,942.20361,-215.69234,1488.0575,971.49866,-413.17932,1396.78064,970.59637,-14.93817,1402.38025
398,3.308,947.96442,-216.33263,1486.62378,978.11334,-413.96704,1395.01355,977.41888,-14.58546,1400.87329
399,3.317,953.98126,-215.42719,1484.76697,984.35107,-413.04761,1393.0625,982.75714,-14.80069,1398.21497
400,3.325,959.14075,-214.82433,1483.29236,990.50513,-412.11951,1391.0166,989.72461,-13.60526,1396.76575
401,3.333,965.33826,-211.78487,1480.43066,996.46124,-412.34641,1388.42371,996.33075,-12.66936,1393.78125
402,3.342,970.50629,-211.9594,1478.8407,1001.11426,-410.68283,1387.00281,1002.29187,-12.54979,1392.13708
403,3.35,976.32367,-211.78033,1477.2229,1007.13934,-410.79141,1384.43933,1009.94147,-11.31956,1388.5354
404,3.358,981.62714,-210.08405,1475.94739,1012.56445,-410.28107,1382.64172,1015.1972,-10.44001,1386.53284
405,3.367,987.7619,-209.92574,1475.3092,1017.4765,-409.31714,1380.88745,1022.25873,-9.99346,1383.97107
406,3.375,993.62231,-208.47321,1474.81641,1022.98456,-408.37698,1379.55139,1028.20532,-8.77111,1381.88403
407,3.383,1001.28528,-206.49573,1474.33252,1028.04919,-408.35883,1379.36755,1033.05688,-8.78172,1380.98169
408,3.392,1007.30212,-207.31499,1473.26318,1032.28479,-407.04071,1378.34412,1041.40649,-6.94316,1380.03345
409,3.4,1012.67859,-204.19949,1471.63428,1037.05444,-406.78995,1378.00513,1047.50769,-9.41564,1379.75696
410,3.408,1018.1908,-204.19989,1472.5332,1041.74829,-407.54065,1378.57861,1053.45276,-7.00639,1378.62048
411,3.417,1023.7085,-203.79485,1472.36584,1046.76306,-406.04797,1379.79932,1061.05066,-6.48562,1378.66382
412,3.425,1029.53784,-204.03593,1472.32214,1051.37537,-405.90527,1379.9353,1066.15894,-5.74405,1378.28748
413,3.433,1034.22595,-204.35925,1472.35706,1056.7135,-405.1286,1380.79138,1073.26208,-6.19305,1378.75708
414,3.442,1039.79688,-203.11731,1473.36829,1060.80444,-404.97424,1382.31128,1077.9729,-5.93518,1379.41235
415,3.45,1043.89771,-202.39973,1473.49121,1066.44946,-404.83786,1383.94946,1085.28931,-6.04106,1379.41138
416,3.458,1049.9281,-203.54784,1475.06616,1070.6499,-404.34592,1384.98877,1090.23645,-5.88162,1380.17493
417,3.467,1054.40173,-202.09647,1475.38,1075.24683,-404.25986,1386.0741,1097.92639,-4.58902,1380.69775
418,3.475,1059.98914,-202.72206,1475.95618,1078.755,-403.39066,1386.66687,1102.96313,-5.27058,1381.29944
419,3.483,1065.39734,-202.71397,1476.75159,1084.30334,-402.86826,1387.35938,1109.55994,-4.91667,1382.16772
420,3.492,1070.35535,-203.11868,1477.55872,1089.95593,-402.81165,1388.41443,1114.71533,-4.58843,1382.84644
421,3.5,1075.77722,-202.08534,1479.9032,1093.58142,-402.84448,1389.56909,1120.32373,-4.3563,1384.89026
422,3.508,1080.6521,-203.76323,1482.30481,1098.59436,-402.19205,1391.07153,1124.6322,-4.51805,1386.26294
423,3.517,1086.82898,-202.40974,1483.0752,1102.49048,-402.1358,1392.4187,1131.23621,-4.52742,1387.01453
424,3.525,1091.18738,-202.06438,1483.25696,1107.60571,-402.24265,1393.17847,1136.43103,-5.14738,1388.51282
425,3.533,1094.91296,-202.07239,1486.00317,1112.36548,-402.3779,1393.93933,1142.03906,-4.48701,1390.26501
426,3.542,1099.66223,-200.26434,1487.44714,1116.86584,-402.71567,1394.77124,1146.38062,-4.40849,1392.10046
427,3.55,1104.87878,-203.55399,1489.00037,1122.10437,-402.10535,1396.49585,1151.80566,-4.26569,1395.33398
428,3.558,1110.2019,-202.10092,1489.49414,1125.03503,-402.17242,1398.06323,1156.55103,-3.6661,1397.31787
429,3.567,1114.61682,-202.7112,1492.58643,1129.55908,-401.78513,1398.59741,1163.05994,-4.35871,1398.83215
430,3.575,1120.36682,-203.30898,1494.17041,1134.03687,-401.04666,1400.29944,1167.61108,-4.84353,1400.51794
431,3.583,1125.99365,-203.50902,1494.57861,1136.94373,-401.99033,1401.69519,1173.94519,-4.18422,1403.49426
432,3.592,1129.47375,-202.99486,1495.11462,1141.91943,-402.16553,1402.63623,1178.90613,-3.62231,1405.51746
433,3.6,1133.38696,-202.99271,1496.53845,1146.94531,-402.41296,1403.31995,1183.52356,-4.20585,1407.02588
434,3.608,1138.89063,-205.00641,1497.01929,1150.9397,-401.85339,1404.08044,1188.71765,-4.75633,1407.87378
435,3.617,1144.09058,-203.75331,1498.35229,1154.69238,-400.8143,1404.54407,1195.2627,-6.05861,1410.96045
436,3.625,1148.91345,-203.60146,1499.3208,1159.05249,-401.73016,1405.41797,1201.07788,-5.01611,1411.12427
437,3.633,1154.44714,-204.92262,1501.38953,1164.29431,-401.59875,1406.22046,1206.13098,-5.30242,1412.49951
438,3.642,1157.63452,-204.69006,1502.13318,1168.73181,-401.38327,1405.99219,1210.82324,-5.79899,1413.22803
439,3.65,1161.94458,-204.92632,1502.38159,1172.13892,-401.65399,1406.40613,1216.98499,-6.77464,1414.60767
440,3.658,1167.48914,-205.31161,1502.76208,1176.78479,-402.67853,1407.1239,1221.73962,-6.173,1415.47046
441,3.667,1172.87109,-204.19286,1501.80701,1181.31494,-402.35184,1406.05579,1227.53552,-6.42385,1415.48926
442,3.675,1178.36462,-205.99193,1503.23145,1185.56494,-403.27521,1406.22632,1233.16772,-6.31403,1417.11316
443,3.683,1183.24902,-205.42517,1503.62781,1190.52979,-403.68375,1407.19617,1239.8269,-7.87558,1416.70654
444,3.692,1188.3335,-205.46638,1503.32837,1193.33264,-402.32037,1406.75305,1243.73474,-8.61591,1416.89368
445,3.7,1190.77405,-206.23178,1504.56128,1197.67651,-403.8609,1406.81287,1249.40784,-9.09609,1416.71228
446,3.708,1196.95178,-207.3391,1504.30347,1202.91479,-404.05099,1407.16821,1254.1272,-9.55404,1417.18103
447,3.717,1201.92786,-205.80664,1504.18054,1207.98083,-404.97134,1406.56506,1260.03918,-10.42505,1416.75818
448,3.725,1208.19336,-206.75597,1503.5459,1212.05774,-405.68976,1406.04126,1264.26953,-10.47569,1417.46753
449,3.733,1213.50293,-209.47621,1504.48547,1217.44043,-406.68448,1406.02039,1268.3302,-11.62497,1418.06604
450,3.742,1218.36047,-208.40776,1504.53564,1222.39636,-407.00259,1406.64612,1273.79724,-14.20048,1417.52014
451,3.75,1224.87415,-211.39783,1503.50989,1227.68311,-408.41962,1407.13818,1280.08057,-13.50957,1418.72302
452,3.758,1231.43164,-213.41736,1503.83093,1232.85205,-408.05814,1406.40186,1284.52441,-13.92906,1416.93896
453,3.767,1236.13098,-213.46248,1502.72607,1238.09204,-408.11008,1406.26563,1289.47119,-15.68119,1417.69397
454,3.775,1242.03735,-214.34094,1502.8324,1243.8667,-409.96921,1405.51807,1297.19714,-16.57416,1416.7915
455,3.783,1247.70154,-214.3886,1503.40869,1249.60181,-411.2641,1405.39905,1301.34656,-17.56004,1415.65564
456,3.792,1251.10352,-215.63774,1502.64368,1254.44666,-411.582,1405.98059,1307.2699,-18.66274,1415.27649
457,3.8,1257.65173,-215.76668,1500.72705,1260.40759,-413.79651,1405.39453,1313.19934,-19.01122,1414.97693
458,3.808,1263.16309,-216.46201,1501.68164,1266.45215,-414.62299,1405.23328,1318.05359,-20.4174,1414.57568
459,3.817,1268.57312,-220.19147,1499.95032,1272.06567,-415.49817,1404.16089,1324.44214,-22.86537,1414.01563
460,3.825,1274.22888,-221.13655,1499.15637,1276.59814,-416.57065,1403.98926,1330.89502,-23.49931,1411.77234
461,3.833,1280.38708,-222.93628,1499.16528,1284.2002,-419.28391,1403.60559,1335.66272,-24.05168,1411.32629
462,3.842,1286.27722,-222.94438,1498.95972,1289.16797,-419.52832,1402.22754,1341.60095,-27.38254,1411.41138
463,3.85,1291.70313,-224.46159,1496.67773,1294.724,-421.95035,1401.47839,1347.10083,-28.25735,1410.90417
464,3.858,1297.68555,-225.99274,1495.99573,1301.54578,-423.85297,1401.55798,1352.81616,-29.81881,1408.79065
465,3.867,1303.30872,-227.01338,1495.81311,1306.58398,-424.41382,1399.78723,1358.97754,-30.52029,1407.82458
466,3.875,1309.07556,-230.20584,1493.995,1313.18018,-428.49115,1398.40186,1363.47693,-32.65698,1406.48328
467,3.883,1315.25635,-231.49663,1493.40369,1317.23938,-429.30981,1397.43237,1369.61194,-35.3229,1405.31482
468,3.892,1320.48047,-232.38748,1493.39648,1323.69373,-428.84299,1397.09753,1373.81201,-36.73148,1404.23865
469,3.9,1326.03943,-235.49524,1491.71179,1329.24719,-432.08075,1396.49512,1380.74695,-37.09275,1404.17651
470,3.908,1330.92847,-236.13177,1490.18994,1334.67603,-433.80093,1395.51038,1385.52429,-40.07744,1401.95105
471,3.917,1335.33142,-238.73131,1489.88684,1339.50549,-433.58502,1393.54333,1389.71765,-41.07943,1401.84485
472,3.925,1341.84644,-240.40811,1489.75916,1346.26074,-437.31265,1393.36487,1396.31592,-43.27541,1400.61206
473,3.933,1347.19556,-241.77336,1487.98743,1350.58472,-437.96158,1392.5835,1400.19275,-45.77704,1399.12
474,3.942,1353.19141,-242.93268,1486.64868,1356.16821,-439.82635,1391.1925,1408.40637,-45.78479,1398.82263
475,3.95,1358.84497,-243.38174,1485.81152,1361.7196,-441.94247,1390.1272,1413.21777,-48.47257,1397.17004
476,3.958,1364.92603,-245.02032,1486.06689,1367.48157,-442.72681,1387.92163,1418.04102,-49.52894,1395.54858
477,3.967,1370.49426,-248.7193,1485.63989,1372.16821,-444.77643,1387.16394,1424.03333,-52.34845,1395.36353
478,3.975,1375.77881,-250.11092,1486.51355,1378.41028,-447.13504,1387.96753,1430.46582,-52.54491,1396.68652
479,3.983,1380.45398,-251.02867,1485.73828,1381.96619,-447.55405,1387.07666,1435.23206,-54.37694,1397.00488
