Frame#,Time,L.Heel.x,L.Heel.y,L.Heel.z,L.Toe.x,L.Toe.y,L.Toe.z,L.MedFoot.x,L.MedFoot.y,L.MedFoot.z
1,0,1199.62024,-82.7441,55.77361,1019.22766,-201.59631,57.49387,1048.11072,-145.47527,79.63779
2,0.008,1185.61682,-82.86623,53.77831,1004.99951,-201.42979,57.76311,1034.50281,-145.20552,79.65244
3,0.017,1173.1145,-81.69084,50.90405,991.16766,-200.5773,58.2574,1021.40875,-144.63564,80.04845
4,0.025,1158.8241,-84.12844,50.55308,976.95758,-199.12704,58.10425,1007.58191,-143.23985,80.69394
5,0.033,1145.19824,-84.3759,48.68007,963.33948,-198.02567,58.83055,994.65265,-142.62434,80.7231
6,0.042,1132.76111,-84.12283,47.78988,949.61133,-196.04575,59.50073,981.80841,-142.40285,81.31978
7,0.05,1119.78162,-84.22636,46.15598,936.31519,-194.95869,59.83722,969.07611,-141.38686,81.6486
8,0.058,1107.46008,-85.04607,45.96984,922.61475,-193.97969,59.84676,956.62158,-140.90051,82.18053
9,0.067,1094.35254,-84.56438,45.07414,909.85675,-194.14188,60.35313,941.69073,-137.71127,83.37041
10,0.075,1085.65198,-87.22082,45.55587,896.9397,-193.5556,60.76291,930.86096,-139.12302,84.15246
11,0.083,1072.18457,-87.56615,45.39928,885.18359,-192.67393,61.53438,920.15771,-139.78831,84.47052
12,0.092,1059.40295,-86.53175,45.17067,873.13116,-193.02286,62.48118,909.95392,-140.86212,85.5768
13,0.1,1048.95984,-86.69963,44.18226,861.60571,-192.22153,63.4263,899.08209,-140.90907,86.2944
14,0.108,1037.72437,-87.21516,43.06057,850.85535,-192.32077,65.3791,888.58099,-140.72195,88.21827
15,0.117,1027.56323,-87.09123,42.70387,840.37646,-191.98402,68.26281,878.74701,-140.48389,89.40382
16,0.125,1017.7666,-88.28616,42.28572,830.99884,-191.89969,70.68161,869.75885,-140.89137,90.95596
17,0.133,1009.48883,-89.10432,41.93194,822.27954,-191.76697,72.42476,861.13446,-139.60384,92.58426
18,0.142,1001.03998,-87.87274,41.70436,814.59534,-191.06995,73.89452,853.46399,-140.51633,93.62075
19,0.15,994.32635,-89.11987,41.37907,807.45166,-191.45102,74.99133,846.68176,-139.75124,94.27706
20,0.158,988.21625,-89.61149,41.50473,800.91296,-191.42542,76.29168,840.85065,-140.2067,94.76778
21,0.167,982.99701,-89.46986,40.93212,795.83441,-191.2944,76.70944,835.34631,-139.64357,94.85126
22,0.175,977.84497,-88.78029,39.6275,791.54846,-191.35736,76.81615,831.02747,-139.59338,94.57506
23,0.183,973.92719,-88.47021,39.29664,787.04224,-190.83549,75.95218,826.81427,-139.15628,93.72311
24,0.192,971.15125,-87.86964,39.06931,784.39502,-190.40877,74.98603,823.96118,-138.91724,93.38597
25,0.2,968.5423,-88.13474,38.47489,781.8877,-189.68402,74.18417,821.77838,-137.42928,92.09088
26,0.208,967.22803,-87.65659,38.81032,779.74036,-189.66104,72.35623,818.79675,-135.96341,90.70162
27,0.217,966.60303,-87.3806,38.29199,777.95697,-188.92879,70.34874,818.22339,-134.95802,88.19736
28,0.225,966.36371,-87.69925,37.91817,777.37012,-187.92592,67.73986,817.16339,-135.32799,86.62246
29,0.233,966.14178,-87.84538,37.69069,776.66882,-187.80582,63.95316,815.81934,-134.64725,84.14593
30,0.242,965.48596,-87.82791,37.99751,775.97205,-188.25938,61.84732,814.70709,-134.65469,82.31627
31,0.25,964.23334,-87.02337,38.32139,774.18591,-188.29985,60.04468,813.3092,-134.01059,81.0461
32,0.258,963.40045,-87.23097,39.12104,772.69464,-188.19232,58.1464,811.74585,-134.54555,79.73683
33,0.267,963.03857,-87.35323,39.42942,771.97125,-187.38666,56.40115,811.13873,-134.41006,78.33971
34,0.275,962.60748,-87.4502,39.55752,771.72314,-187.17896,54.86339,810.4942,-134.58398,77.21307
35,0.283,962.57776,-87.8264,39.67137,771.33405,-187.48593,53.85052,809.98157,-134.07188,75.75655
36,0.292,961.85095,-87.65521,39.97968,770.74457,-187.2352,52.6311,809.3844,-134.0612,74.84162
37,0.3,961.47736,-87.84332,40.26517,769.98553,-187.06589,51.1427,808.64313,-134.27725,74.67133
38,0.308,961.56146,-88.03471,40.48221,768.87231,-186.82675,49.55036,807.37885,-134.00955,73.06585
39,0.317,961.06763,-88.10965,40.5541,767.90216,-186.82593,48.85196,806.99841,-133.83427,71.997
40,0.325,960.48065,-87.83369,40.52992,767.36279,-187.0183,48.4264,806.0946,-133.85062,71.64613
41,0.333,960.35242,-87.76891,40.88676,767.30249,-186.81229,47.72636,805.85852,-133.88623,71.29615
42,0.342,960.35242,-87.76891,40.88676,766.91321,-186.41206,47.47779,805.4826,-133.93201,70.79633
43,0.35,960.35242,-87.76891,40.88676,766.69458,-186.07191,47.13924,805.18005,-133.91592,69.88414
44,0.358,960.13727,-87.63433,40.90124,766.49988,-186.31938,47.20028,804.99811,-133.18311,69.27998
45,0.367,960.13727,-87.63433,40.90124,766.4126,-186.39497,47.16166,804.83282,-132.96477,68.994
46,0.375,960.13727,-87.63433,40.90124,766.64978,-186.73347,46.69543,804.56732,-132.82671,68.75089
47,0.383,960.13727,-87.63433,40.90124,766.64978,-186.73347,46.69543,804.3783,-132.70033,68.51114
48,0.392,960.091,-87.91265,40.93356,766.51331,-186.60789,46.78065,804.51007,-132.67831,68.3946
49,0.4,960.091,-87.91265,40.93356,766.51331,-186.60789,46.78065,804.65472,-132.62782,68.24579
50,0.408,960.05481,-87.90147,40.99305,766.40967,-186.67542,46.64243,804.62372,-132.68373,68.20311
51,0.417,960.05481,-87.90147,40.99305,766.43079,-186.60869,46.53165,804.62372,-132.68373,68.20311
52,0.425,959.99323,-88.30549,41.44752,766.43079,-186.60869,46.53165,804.73108,-132.84335,67.90863
53,0.433,959.99323,-88.30549,41.44752,766.3175,-186.62625,46.54118,804.77673,-132.52727,67.67303
54,0.442,959.93298,-88.35227,41.4977,766.18152,-186.50346,46.61818,804.66229,-132.68777,67.70391
55,0.45,959.93298,-88.35227,41.4977,766.06561,-186.45204,46.69702,804.65356,-132.78543,67.63982
56,0.458,959.58563,-88.24275,41.67936,766.07532,-186.25436,46.67682,804.63495,-132.71394,67.58412
57,0.467,959.6792,-88.14902,41.57868,765.94623,-186.49092,46.41982,804.70618,-132.64714,67.52664
58,0.475,959.6792,-88.14902,41.57868,765.94623,-186.49092,46.41982,804.70618,-132.64714,67.52664
59,0.483,959.74731,-88.1986,41.48691,765.95282,-186.29808,46.40939,804.60004,-132.71318,67.4156
60,0.492,959.54462,-88.242,41.70972,765.97168,-186.56926,46.3942,804.65289,-132.76376,67.54977
61,0.5,959.63232,-88.25815,41.64077,765.90198,-186.36473,46.3994,804.54352,-132.7834,67.41315
62,0.508,959.53528,-88.65078,41.9762,765.9209,-186.63589,46.38421,804.6283,-132.71478,67.44489
63,0.517,959.62299,-88.66693,41.90726,765.90198,-186.36473,46.3994,804.58264,-132.74281,67.45012
64,0.525,959.5166,-88.5424,41.94748,765.90021,-186.56989,46.62011,804.58264,-132.74281,67.45012
65,0.533,959.73004,-88.61641,42.38559,765.84283,-186.82935,46.62057,804.31738,-132.49957,67.33804
66,0.542,958.32214,-88.30376,42.936,765.79694,-186.91173,46.6206,804.1933,-132.39273,67.48117
67,0.55,960.5141,-89.5125,41.91306,765.79694,-186.91173,46.6206,804.56653,-132.80917,67.43347
68,0.558,959.76135,-88.99579,42.36752,765.875,-186.71828,46.38424,804.38965,-132.81073,67.27364
69,0.567,959.50464,-88.29162,42.29151,765.70483,-186.87517,46.55573,804.4917,-132.86774,67.45699
70,0.575,959.69147,-88.27041,42.38801,765.79034,-187.10457,46.63108,803.97968,-132.6479,67.14494
71,0.583,959.69147,-88.27041,42.38801,765.70483,-186.87517,46.55573,804.11041,-132.77876,67.08706
72,0.592,959.98395,-88.7093,42.67011,765.69818,-187.06799,46.5662,803.88574,-132.63936,67.05833
73,0.6,958.84521,-88.80067,42.99973,765.70483,-186.87517,46.55573,803.88574,-132.63936,67.05833
74,0.608,959.37891,-88.14834,41.88705,765.70483,-186.87517,46.55573,803.87531,-132.6702,66.99131
75,0.617,959.48224,-88.20824,41.87682,765.50623,-187.08986,46.6076,803.87531,-132.6702,66.99131
76,0.625,959.48224,-88.20824,41.87682,765.51282,-186.89702,46.59711,804.01831,-132.73753,66.92265
77,0.633,959.48224,-88.20824,41.87682,765.58423,-186.89638,46.37123,803.78644,-132.67781,66.95496
78,0.642,959.35339,-88.28426,41.99567,765.49921,-187.10677,46.64179,803.12671,-132.7738,67.29278
79,0.65,959.52228,-88.18943,42.0442,765.28583,-187.25262,46.5962,803.78644,-132.67781,66.95496
80,0.658,959.52228,-88.18943,42.0442,765.13275,-187.03548,46.64809,803.59406,-132.69679,66.8429
81,0.667,959.45038,-87.97644,42.11227,765.57898,-186.98248,46.29596,804.0874,-132.82899,66.82494
82,0.675,959.48041,-87.95998,42.02586,765.47632,-187.37526,46.11987,804.0874,-132.82899,66.82494
83,0.683,959.77228,-87.25916,42.02168,765.55975,-187.44647,45.99578,804.08331,-132.76527,66.4495
84,0.692,959.4538,-87.81077,42.03974,765.23694,-187.515,46.41169,804.39417,-132.56467,66.71125
85,0.7,959.48041,-87.95998,42.02586,765.79767,-187.35197,46.0884,804.15247,-132.43018,66.6755
86,0.708,959.48041,-87.95998,42.02586,765.72662,-187.42183,45.83757,804.57349,-132.4371,66.37212
87,0.717,959.59399,-87.72069,42.06284,765.94989,-187.46921,45.85936,804.26666,-132.76266,66.63727
88,0.725,959.59833,-87.69627,41.94739,765.89471,-187.5499,45.86434,804.85004,-132.64815,66.46168
89,0.733,959.64777,-87.61817,41.9622,766.7179,-187.44545,45.69664,804.56488,-132.8409,66.49809
90,0.742,959.64777,-87.61817,41.9622,765.75439,-187.64049,45.71268,804.54974,-132.88054,66.43493
91,0.75,959.55878,-87.67612,41.62637,765.99084,-187.41159,45.75531,804.4967,-132.92334,66.39971
92,0.758,959.55878,-87.67612,41.62637,765.99084,-187.41159,45.75531,804.57758,-132.86601,66.36747
93,0.767,959.55878,-87.67612,41.62637,766.06329,-187.48735,45.64531,804.59778,-132.80249,66.48494
94,0.775,959.62299,-87.38776,41.21189,766.27405,-187.79199,45.50954,804.51184,-133.20592,66.55179
95,0.783,959.68555,-87.33829,41.17027,765.92242,-187.76637,45.57898,804.15607,-133.51674,66.5022
96,0.792,959.67297,-87.19501,41.33535,766.56073,-187.31461,45.37214,804.23694,-133.68507,66.84987
97,0.8,959.75366,-87.25502,41.20429,766.58881,-187.61795,45.45005,804.68134,-132.98582,66.54639
98,0.808,959.81525,-87.10432,41.31736,766.328,-187.65135,45.46611,805.37891,-131.87825,66.5214
99,0.817,959.72821,-86.89482,41.30721,766.24701,-187.68677,45.49125,805.27173,-132.21143,66.50687
100,0.825,959.72821,-86.89482,41.30721,766.20959,-187.76491,45.48523,805.27173,-132.21143,66.50687
101,0.833,960.00403,-86.6013,41.41762,766.302,-187.7495,45.47542,805.30078,-132.00327,66.4538
102,0.842,960.02295,-86.52145,41.35297,766.23633,-187.6857,45.34507,805.17438,-131.97716,66.35718
103,0.85,960.02295,-86.52145,41.35297,766.24701,-187.68677,45.49125,805.21277,-132.08929,66.22877
104,0.858,959.7392,-86.46796,41.50237,766.19269,-187.77599,45.42543,805.1203,-132.05547,66.33021
105,0.867,959.21448,-85.94309,41.75799,766.14496,-187.86943,45.42121,805.13989,-131.88606,66.22929
106,0.875,959.17334,-85.79612,42.26648,766.14496,-187.86943,45.42121,804.71967,-131.63884,66.30526
107,0.883,959.08075,-85.80142,42.56566,766.19269,-187.77599,45.42543,804.60028,-131.61972,66.25005
108,0.892,959.04596,-85.74904,42.62714,766.19269,-187.77599,45.42543,804.46796,-131.75674,66.41698
109,0.9,959.02386,-85.33067,43.28622,766.14496,-187.86943,45.42121,804.17206,-131.74467,66.39101
110,0.908,958.73578,-85.18814,43.58251,766.15656,-187.87576,45.58622,804.17206,-131.74467,66.39101
111,0.917,958.51837,-84.67125,44.18565,766.15656,-187.87576,45.58622,804.17218,-131.68063,66.4341
112,0.925,958.30884,-84.87595,44.75778,765.89941,-188.08315,45.58755,803.81091,-131.64128,66.42864
113,0.933,957.6311,-84.85607,45.47386,765.98413,-188.26752,45.64025,803.72272,-131.86354,66.66572
114,0.942,957.56409,-84.98636,46.47089,765.91962,-188.32521,45.51177,803.62268,-131.82982,66.58418
115,0.95,957.07635,-84.10211,47.2718,765.81171,-188.56006,45.63031,802.9574,-131.8703,66.62746
116,0.958,956.63544,-83.51601,48.42921,765.72284,-188.41701,45.57019,802.56488,-131.75124,66.90231
117,0.967,955.82654,-83.39561,50.00381,765.69659,-188.71422,45.54302,802.2251,-131.74695,66.99109
118,0.975,955.5639,-82.82361,52.49505,765.5528,-188.78813,45.41792,801.14911,-131.9501,67.59949
119,0.983,954.41498,-82.09594,54.74433,765.09015,-188.78954,45.39748,800.40259,-131.88638,68.03227
120,0.992,953.48962,-81.18814,56.60427,764.90564,-188.80524,45.43259,799.49725,-132.05174,68.252
121,1,952.40179,-80.57397,60.19508,764.65619,-188.73204,45.49258,798.07562,-132.21274,69.11749
122,1.008,950.93066,-79.52691,62.46092,764.15759,-188.58211,45.36399,796.98383,-132.32881,69.4201
123,1.017,949.6521,-79.48879,66.79734,763.69092,-188.51373,45.45802,795.32013,-132.11061,70.34878
124,1.025,947.80872,-77.37447,70.10857,762.63885,-188.08673,45.6857,793.81946,-132.20035,71.02492
125,1.033,946.35541,-77.95175,74.37307,762.08197,-188.53708,46.16714,792.0517,-132.16402,72.26904
126,1.042,944.30615,-77.25817,78.48013,761.83832,-188.37096,45.98154,790.36792,-133.33298,72.79803
127,1.05,941.94995,-76.46378,82.9619,761.11536,-188.59862,46.04745,787.95142,-133.82558,73.56924
128,1.058,938.86298,-76.2483,87.96162,760.52454,-189.01065,46.34139,785.73291,-134.38708,75.08827
129,1.067,936.01123,-75.00753,92.36176,759.7016,-188.87621,46.85959,783.10651,-134.17551,76.20869
130,1.075,933.05878,-74.02958,96.78096,758.66766,-189.11578,47.17465,780.74585,-134.15443,77.58799
131,1.083,929.31219,-73.40459,100.78067,757.25336,-189.36716,47.61303,778.44397,-135.27519,79.33257
132,1.092,925.1145,-73.95686,104.16694,755.11426,-189.16045,49.35058,774.62128,-135.16689,81.52839
133,1.1,920.55487,-72.46346,107.70236,751.40015,-190.37248,51.47187,770.21838,-135.90189,83.26354
134,1.108,914.76453,-72.49352,108.83877,746.02844,-190.53279,53.12765,764.68207,-136.31866,85.07222
135,1.117,908.81049,-72.69716,110.47603,739.63623,-192.00769,55.1015,758.75122,-137.02623,87.12401
136,1.125,901.60223,-72.56736,110.51019,733.14233,-191.72534,56.40924,751.5351,-136.96359,87.31301
137,1.133,894.70343,-73.04292,109.76962,725.08032,-191.81079,56.97306,744.37177,-136.38812,87.26868
138,1.142,886.1756,-73.0937,109.24343,715.81879,-192.57813,57.10283,734.89093,-137.98082,87.00144
139,1.15,876.55664,-73.86436,106.72536,706.42242,-193.08296,56.90925,725.69214,-138.09279,87.61191
140,1.158,866.80884,-74.36843,104.24483,696.6236,-193.99863,56.97437,716.34314,-138.95538,87.0816
141,1.167,856.1626,-74.3092,100.91674,684.5318,-194.78596,56.75903,705.57684,-139.31737,86.18858
142,1.175,846.45111,-75.77322,98.40933,673.20502,-195.29671,56.54519,695.47235,-139.34508,85.05141
143,1.183,834.05078,-76.24879,94.64187,660.90295,-195.60347,55.98225,682.69525,-140.45073,84.7606
144,1.192,822.57074,-76.80072,91.04485,647.45422,-196.25218,55.16033,669.95441,-141.47801,84.09238
145,1.2,810.73865,-77.35141,87.20277,634.67889,-196.11537,55.20027,657.96948,-140.14731,82.63475
146,1.208,798.12134,-77.34988,83.17635,621.39429,-198.02478,55.43154,645.20746,-141.13544,81.9092
147,1.217,783.93567,-78.25844,80.28403,607.30719,-197.52408,55.30001,632.46991,-142.13014,82.26756
148,1.225,771.72589,-78.29433,76.47443,593.69049,-197.85266,55.13072,618.91437,-142.02618,80.68219
149,1.233,757.78827,-78.37333,71.69948,579.67914,-198.31798,55.43868,604.5733,-142.20882,80.76872
150,1.242,744.11932,-79.58792,68.44546,566.04108,-198.9758,56.05745,591.92072,-142.76666,80.12308
151,1.25,730.35565,-79.33888,65.96999,551.22791,-198.98198,56.66154,578.48846,-142.52104,80.55435
152,1.258,715.93311,-80.09421,62.0532,536.95007,-199.02864,57.118,564.39856,-142.95053,80.46602
153,1.267,703.49731,-79.98024,60.53547,523.23151,-199.05365,58.131,551.15247,-142.05785,80.60909
154,1.275,688.48712,-79.15903,57.41047,509.31836,-197.99539,59.21587,537.26666,-141.92957,81.12279
155,1.283,674.76245,-78.69012,55.32384,495.16873,-198.28609,60.34723,523.98572,-141.01254,82.01316
156,1.292,660.72363,-78.89568,54.05252,481.2735,-196.87915,61.05024,511.0321,-140.674,81.51066
157,1.3,647.61688,-78.43384,52.39255,468.22443,-195.98123,61.95256,497.45602,-139.35309,82.67508
158,1.308,636.46301,-76.87852,51.89815,453.95129,-194.37315,62.81474,485.23145,-139.09875,83.3496
159,1.317,623.52472,-74.89117,49.70978,440.84167,-193.36632,63.46191,472.15155,-138.00212,83.69473
160,1.325,609.20599,-76.72332,48.88012,428.44434,-191.31088,63.9297,459.60446,-136.284,83.66971
161,1.333,595.58795,-73.24887,47.54995,415.00327,-190.4351,64.37299,447.30737,-135.22418,84.10548
162,1.342,584.52301,-75.51724,47.58389,402.56873,-189.38686,65.06599,435.22995,-134.51537,85.90079
163,1.35,571.35132,-72.81777,47.76735,390.3812,-187.03867,65.53096,423.72653,-133.17885,85.62621
164,1.358,561.51886,-74.4846,47.89251,378.72742,-186.32225,66.26932,410.7496,-131.65558,86.04157
165,1.367,547.34485,-70.06258,46.67228,367.50812,-184.75316,67.58588,400.74228,-132.14426,87.16243
166,1.375,537.86469,-72.15728,47.26969,356.38196,-184.80743,68.83701,389.57837,-130.78775,87.46244
167,1.383,526.04272,-69.27405,47.08346,345.53824,-184.20927,69.73643,378.37518,-129.54021,88.90356
168,1.392,515.85992,-69.96989,46.74832,335.35907,-184.02008,70.77063,368.51746,-129.993,89.60724
169,1.4,504.58362,-66.34339,47.21663,325.29596,-183.50818,71.51142,358.77487,-128.91948,90.38018
170,1.408,495.14914,-68.26733,46.51663,316.03412,-183.38486,71.7793,349.17194,-129.43892,91.50733
171,1.417,485.81805,-64.7874,47.01785,306.77454,-182.88507,72.81496,340.88882,-128.25513,92.37358
172,1.425,477.25165,-63.40314,46.61805,298.77716,-183.13438,74.01916,332.53317,-128.13808,93.37056
173,1.433,468.23611,-63.95818,46.16007,290.41379,-183.14008,74.37045,324.51218,-128.37431,93.70829
174,1.442,460.7684,-62.50916,46.49778,283.94345,-183.37604,74.55627,316.83688,-128.06303,94.47386
175,1.45,453.08139,-61.64046,46.6373,277.34726,-183.38683,74.89843,310.08035,-128.06862,94.72185
176,1.458,447.0007,-60.54058,46.13281,271.3743,-182.91766,75.12105,304.28064,-128.66476,94.57474
177,1.467,440.8212,-59.95366,45.38664,265.86551,-183.24362,75.13506,299.38721,-127.89159,94.39066
178,1.475,434.92905,-58.81377,44.55789,261.37299,-183.3007,75.13829,293.88153,-127.74931,94.57911
179,1.483,430.9548,-58.20477,44.52171,256.94901,-182.80739,74.57787,289.8136,-127.77889,94.06226
180,1.492,426.9274,-57.79897,44.32885,253.44691,-183.03085,74.03659,285.87805,-127.10661,93.7125
181,1.5,424.59402,-56.32173,43.56339,250.66678,-182.39969,73.17126,282.33939,-125.73598,92.95818
182,1.508,420.87836,-56.07946,43.08582,247.95288,-181.60847,72.14164,280.43381,-125.30032,92.18972
183,1.517,420.13269,-56.12209,42.94986,245.82877,-180.77596,71.46923,278.73618,-124.07978,90.33669
184,1.525,419.51563,-55.83521,42.44085,244.44958,-179.48299,69.85741,277.17105,-122.84294,88.98751
185,1.533,419.0159,-56.36553,40.81976,243.20847,-178.29648,67.74181,276.15631,-122.04464,87.38048
186,1.542,418.77255,-56.29828,40.64712,242.02817,-177.83127,64.17276,275.51038,-121.62592,85.04578
187,1.55,418.39954,-56.40846,41.06998,241.34996,-177.11931,60.68295,273.25076,-120.75105,82.9125
188,1.558,417.39154,-56.21696,41.28654,239.03661,-176.97969,58.94239,272.11047,-120.79408,81.52175
189,1.567,417.08603,-57.15038,41.95081,236.91676,-176.48386,57.94192,269.87192,-120.64826,80.737
190,1.575,416.07864,-57.17133,42.41309,236.33792,-175.88043,57.18017,269.14621,-120.2142,79.95203
191,1.583,415.47092,-56.98151,42.40913,236.03758,-176.1411,56.05559,268.97064,-120.35701,78.83801
192,1.592,415.24451,-57.17272,42.48003,235.74884,-176.92038,55.25456,268.81192,-120.51042,77.83746
193,1.6,414.98682,-57.29451,42.80692,235.33183,-176.77332,54.22393,268.35492,-120.72572,77.55376
194,1.608,414.47586,-57.18378,43.1496,234.91753,-176.51115,53.47483,267.75943,-120.59293,77.2283
195,1.617,413.60742,-57.39679,43.32825,234.78282,-176.9502,52.73488,267.49475,-120.61054,76.55911
196,1.625,413.45782,-57.85435,43.2485,233.69778,-176.50769,52.62513,266.72391,-120.62621,76.32196
197,1.633,413.32553,-57.74769,43.19727,233.63707,-176.57701,51.76169,266.43484,-120.59817,75.83648
198,1.642,413.17123,-57.81579,43.11084,233.22142,-176.69398,51.53308,266.27393,-121.03291,74.95094
199,1.65,413.17123,-57.81579,43.11084,232.84865,-176.41045,50.96448,265.51617,-120.88097,74.63485
200,1.658,413.03165,-57.74171,43.0891,232.40929,-176.44551,51.05496,265.18024,-121.05063,74.26701
201,1.667,413.06036,-57.6495,43.00221,232.3988,-176.64957,50.83884,264.94354,-120.96606,74.08987
202,1.675,413.34125,-58.5431,43.85415,232.30273,-176.91014,50.65303,264.70694,-120.99736,73.77071
203,1.683,413.34125,-58.5431,43.85415,232.0128,-176.94926,50.53719,264.75009,-121.09991,73.52889
204,1.692,413.26144,-58.43469,43.96917,232.03548,-177.46387,50.09991,264.49432,-121.31394,73.38618
205,1.7,413.25946,-58.63824,43.71897,231.85017,-177.33029,49.98918,264.37939,-121.01054,72.9059
206,1.708,413.15414,-58.55226,43.89135,231.78206,-177.41515,49.83367,264.25729,-120.76878,72.57913
207,1.717,413.15414,-58.55226,43.89135,231.79588,-177.76038,49.69001,264.16635,-120.81714,72.69545
208,1.725,413.15414,-58.55226,43.89135,231.87785,-177.75621,49.31032,264.18222,-120.75952,72.47393
209,1.733,413.15414,-58.55226,43.89135,231.55957,-177.54271,49.47907,264.04205,-120.87638,72.69762
210,1.742,413.31735,-58.71774,44.11764,231.53751,-177.80025,49.45633,264.04205,-120.87638,72.69762
211,1.75,413.30386,-58.38568,43.96139,231.60823,-177.63745,49.29763,264.37592,-120.33456,72.22884
212,1.758,413.30386,-58.38568,43.96139,231.64229,-177.37541,49.34397,264.37592,-120.33456,72.22884
213,1.767,413.14587,-58.54792,43.90113,231.64229,-177.37541,49.34397,264.37592,-120.33456,72.22884
214,1.775,413.14587,-58.54792,43.90113,231.69424,-177.56462,49.28839,264.37592,-120.33456,72.22884
215,1.783,413.00421,-57.72281,43.73783,231.60823,-177.63745,49.29763,264.37592,-120.33456,72.22884
216,1.792,412.98062,-57.58312,43.71825,231.61473,-177.63495,49.16982,264.37592,-120.33456,72.22884
217,1.8,412.90347,-57.79721,43.97695,231.93488,-177.57056,49.4181,264.33493,-120.38468,72.30369
218,1.808,412.90347,-57.79721,43.97695,231.93488,-177.57056,49.4181,264.37592,-120.33456,72.22884
219,1.817,413.14587,-58.54792,43.90113,231.93781,-177.42444,49.30862,264.37592,-120.33456,72.22884
220,1.825,413.5397,-59.16413,42.93175,231.99945,-177.59943,49.55135,264.37592,-120.33456,72.22884
221,1.833,413.69635,-59.18462,42.76912,231.96033,-177.48351,49.26795,264.37592,-120.33456,72.22884
222,1.842,414.11295,-58.88277,42.15857,231.96033,-177.48351,49.26795,264.54614,-120.0996,72.02278
223,1.85,413.77789,-59.15228,42.92236,232.12897,-177.30891,49.47532,264.69507,-120.64825,72.1824
224,1.858,413.92429,-59.25932,42.79074,232.12897,-177.30891,49.47532,264.56592,-120.65077,72.21259
225,1.867,413.92429,-59.25932,42.79074,232.146,-177.38156,49.22416,264.69507,-120.64825,72.1824
226,1.875,413.92429,-59.25932,42.79074,232.35886,-177.41534,49.22303,264.42273,-119.87733,72.53893
227,1.883,414.37762,-59.96066,43.05188,232.50142,-177.32094,49.21254,264.69507,-120.64825,72.1824
228,1.892,414.01288,-59.03488,43.26426,232.57211,-177.1264,49.14588,264.49628,-120.46986,71.91643
229,1.9,413.82907,-58.86427,43.30422,232.46571,-177.21486,49.10741,264.49628,-120.46986,71.91643
230,1.908,413.67874,-59.02046,43.77783,232.5226,-177.23328,49.04044,264.60684,-120.41437,71.91403
231,1.917,413.90274,-58.69995,43.74871,232.54823,-177.11369,48.94794,264.36713,-120.47237,71.94662
232,1.925,414.1051,-58.64883,43.78545,232.57013,-177.16272,49.0493,264.49628,-120.46986,71.91643
233,1.933,413.84497,-58.5677,43.92092,232.53546,-177.27176,49.17257,264.42984,-120.45965,71.80431
234,1.942,414.1051,-58.64883,43.78545,232.54326,-177.17374,48.98256,264.30069,-120.46215,71.8345
235,1.95,414.1051,-58.64883,43.78545,232.58727,-177.29996,49.12237,264.4379,-120.50143,71.66348
236,1.958,413.11798,-57.94991,43.09314,232.31482,-177.65807,49.18972,263.65918,-120.38765,71.83374
237,1.967,411.56067,-57.36803,42.6987,232.1171,-177.32771,49.28678,264.6059,-120.40277,71.55228
238,1.975,414.07535,-58.53774,43.47345,232.57062,-177.24815,49.11633,264.57819,-120.56994,71.69765
239,1.983,413.6767,-58.75062,43.31555,232.50636,-177.39731,49.06847,264.6127,-120.54601,71.54704
240,1.992,414.55075,-57.7235,43.64863,232.01868,-177.5023,49.0403,264.65866,-120.5395,71.16998
241,2,414.45618,-57.6253,43.60796,232.582,-177.81494,49.19693,264.59125,-120.51829,71.05074
242,2.008,413.89343,-58.32776,43.52353,232.47845,-177.6794,49.3266,264.5755,-120.74982,70.79918
243,2.017,413.89343,-58.32776,43.52353,232.62422,-177.81102,49.47797,264.6702,-120.76052,71.18031
244,2.025,413.87723,-58.29456,43.41639,232.50012,-177.75926,49.53553,265.80478,-121.0408,72.17065
245,2.033,414.02798,-58.06757,43.45104,232.65079,-177.75543,49.53781,264.41809,-119.96718,71.53836
246,2.042,414.02798,-58.06757,43.45104,232.80093,-177.8159,49.58715,265.5386,-119.84001,70.0383
247,2.05,414.04538,-57.99911,43.35523,232.77438,-177.87149,49.52732,262.21146,-119.28174,69.57301
248,2.058,414.08032,-57.84697,43.40668,232.77438,-177.87149,49.52732,264.582,-120.48615,70.41936
249,2.067,414.08032,-57.84697,43.40668,232.98364,-177.93423,49.71654,264.61111,-120.3065,70.42191
250,2.075,414.04486,-57.67743,43.41159,232.88599,-177.90366,49.61441,264.69687,-120.44852,70.52583
251,2.083,413.94281,-57.57492,43.34537,232.95532,-177.8222,49.54782,264.81223,-120.29132,70.45409
252,2.092,413.84265,-57.32377,43.35697,232.98364,-177.93423,49.71654,265.02917,-120.50938,70.26774
253,2.1,414.06995,-57.18444,43.46767,232.98364,-177.93423,49.71654,264.70865,-120.54012,70.34927
254,2.108,413.84265,-57.32377,43.35697,232.81873,-177.66396,49.58727,264.66629,-120.73579,70.34149
255,2.117,414.00961,-57.13103,43.5498,232.53792,-177.87062,49.79912,264.68396,-120.79736,70.28399
256,2.125,413.84265,-57.32377,43.35697,232.68144,-178.24016,49.70224,264.93805,-120.24633,70.13961
257,2.133,414.06995,-57.18444,43.46767,232.67123,-178.46541,49.46717,264.99094,-120.17454,69.99999
258,2.142,413.96011,-57.01392,43.45331,232.56551,-178.43448,49.34729,264.99094,-120.17454,69.99999
259,2.15,413.89975,-56.96051,43.53545,232.35735,-177.82535,49.4539,264.62738,-120.02051,69.89966
260,2.158,413.73428,-56.59539,43.46504,233.12442,-177.00684,49.2423,264.63028,-119.80768,69.8166
261,2.167,413.81677,-56.53404,43.40491,233.05357,-177.0034,48.77901,264.59167,-119.48926,69.63415
262,2.175,413.73428,-56.59539,43.46504,233.04834,-177.13199,48.6615,264.68674,-119.55669,69.55935
263,2.183,413.74603,-56.46128,43.52731,232.82822,-177.80382,48.50042,264.59167,-119.48926,69.63415
264,2.192,413.81146,-56.57529,43.60933,232.83148,-177.78503,48.10665,264.59167,-119.48926,69.63415
265,2.2,413.38675,-56.34464,44.07932,232.5883,-177.75499,47.8681,264.37646,-119.17014,69.59624
266,2.208,413.04364,-55.92559,44.31396,232.56889,-177.88681,47.73188,263.88315,-119.65039,69.77709
267,2.217,413.0643,-55.94146,44.65098,232.43002,-178.00273,47.55318,263.88315,-119.65039,69.77709
268,2.225,412.96725,-55.62304,45.1232,232.22572,-178.53108,47.40856,263.25735,-119.99793,69.87883
269,2.233,412.58731,-55.64524,46.25648,232.08363,-179.16122,48.62522,262.73431,-119.31981,69.23769
270,2.242,411.39172,-55.26117,47.89,231.76204,-179.14381,48.49791,262.06693,-119.62201,69.42352
271,2.25,410.53055,-54.84503,49.00168,231.59221,-179.35539,48.41216,259.53302,-119.26087,68.58437
272,2.258,410.07254,-54.7053,50.99828,231.44061,-179.30699,48.32668,260.85898,-119.82674,69.26927
273,2.267,409.58746,-54.46136,53.1694,230.92073,-179.20496,48.23396,260.38522,-119.7856,69.32667
274,2.275,407.98917,-54.05099,55.41663,230.77023,-179.23463,48.16363,258.80673,-120.60172,70.57244
275,2.283,406.39069,-52.69257,57.68362,230.31783,-179.20677,47.94882,257.82315,-120.35495,70.59612
276,2.292,405.83032,-52.307,61.70183,230.08432,-178.99263,47.7915,256.98108,-120.29482,71.24036
277,2.3,404.30115,-52.1437,65.01044,229.63425,-178.84183,47.63305,255.42389,-120.69587,72.21887
278,2.308,402.73309,-52.06034,69.08761,228.54396,-178.51056,46.58624,253.58786,-120.87885,73.14462
279,2.317,400.50476,-50.65566,73.73909,227.69199,-178.39969,46.54732,252.55692,-121.65217,73.70718
280,2.325,398.81329,-50.34989,78.2056,227.42688,-178.67136,47.76096,250.40134,-121.60601,74.14902
281,2.333,396.08984,-50.01626,82.88131,226.44781,-178.44753,47.81777,248.25101,-121.58603,74.92268
282,2.342,393.95621,-49.4784,88.12341,226.57164,-177.47243,47.7787,246.56856,-121.91365,76.84133
283,2.35,391.185,-49.34655,92.73395,224.66197,-177.94991,48.81392,242.68282,-123.59877,78.74925
284,2.358,386.78754,-49.4142,97.57339,224.67725,-177.8161,48.42888,239.87003,-122.97482,80.09962
285,2.367,383.99579,-49.8207,101.69803,222.31953,-177.76363,49.02835,237.9014,-122.27028,80.65044
286,2.375,380.61633,-49.26053,105.5818,219.84909,-176.26268,49.55048,234.09007,-121.55025,82.22189
287,2.383,375.64261,-49.96204,108.13445,214.67105,-175.85881,52.03642,228.21631,-122.33987,84.40694
288,2.392,370.58057,-50.83791,109.46965,209.27046,-174.75075,52.82969,222.5659,-122.1228,85.87484
289,2.4,364.86542,-52.00578,110.5445,201.05504,-173.80681,54.12088,216.05481,-121.15187,86.97993
290,2.408,358.02676,-52.77414,110.79816,192.75722,-173.08353,54.64372,210.00827,-120.38377,87.1798
291,2.417,350.90768,-54.57072,110.26575,184.36353,-172.27446,54.70283,201.18655,-119.98585,88.05666
292,2.425,342.79584,-55.12331,108.82742,174.40257,-172.90849,55.01899,192.7049,-120.55978,87.71697
293,2.433,333.59616,-55.42188,106.46474,164.95409,-173.79752,55.55281,183.83203,-121.21693,87.83414
294,2.442,324.43994,-56.41037,103.81418,154.16074,-174.39725,55.86516,173.52469,-121.80423,87.26797
295,2.45,313.37448,-57.10588,101.42905,143.44687,-176.66211,56.00482,163.61038,-122.86578,86.05349
296,2.458,302.99158,-57.36174,98.10213,132.1082,-177.94971,56.00468,152.95583,-123.28841,86.22441
297,2.467,291.49414,-58.56307,94.87898,120.46288,-179.6656,55.99491,141.17773,-124.99649,85.41991
298,2.475,280.61942,-58.47798,90.84054,108.40555,-182.42891,56.80989,130.20068,-125.53725,85.02032
299,2.483,268.50903,-59.00225,87.09605,96.67058,-184.2845,56.70721,118.43356,-127.49231,83.94518
300,2.492,256.79788,-59.86654,83.86996,83.89003,-185.49744,56.98531,106.33039,-129.6965,83.54706
301,2.5,243.48462,-61.50134,80.59203,71.09495,-187.19072,57.43539,92.84435,-130.27444,82.99391
302,2.508,229.27574,-63.8357,76.83527,58.15401,-188.62616,57.23107,80.65459,-131.92714,82.56514
303,2.517,216.77251,-63.80986,73.91069,44.01669,-189.55095,57.73355,67.80879,-132.76801,82.41692
304,2.525,204.05132,-64.22826,70.19547,31.37285,-190.6064,57.94333,55.25089,-134.31366,82.80945
305,2.533,190.88895,-64.71419,66.66683,18.3408,-191.38527,58.61079,42.61219,-134.52402,82.55435
306,2.542,178.11514,-65.54447,64.89393,5.51307,-192.64229,59.06064,29.44066,-135.0121,82.72047
307,2.55,165.7957,-66.95271,62.82903,-8.27408,-192.31271,59.21557,17.18511,-135.81667,83.00034
308,2.558,151.40781,-66.4005,59.87576,-22.13927,-192.16954,59.57121,3.51939,-135.59178,83.14427
309,2.567,137.78101,-67.34047,57.25112,-36.15292,-191.65126,60.31886,-9.46409,-135.11331,83.00127
310,2.575,123.22078,-69.11535,54.01938,-48.70399,-192.34804,61.37064,-21.79239,-135.72446,82.78645
311,2.583,113.65382,-68.9593,54.6651,-62.32685,-190.97989,60.92827,-34.86192,-134.66466,82.67345
312,2.592,100.07072,-68.73361,52.74446,-76.51308,-189.98849,61.44678,-47.15547,-135.3891,84.46286
313,2.6,87.90573,-69.54945,52.25215,-89.2202,-190.01585,61.60557,-60.54638,-134.37674,83.09939
314,2.608,74.18258,-69.6372,51.60567,-102.04179,-189.76894,62.21904,-73.10424,-133.78006,82.85772
315,2.617,62.73304,-70.51691,50.3991,-114.53114,-189.90765,62.59224,-84.43191,-135.39775,84.63477
316,2.625,50.9856,-70.60325,49.61281,-126.11578,-190.03586,63.31105,-96.16788,-136.30917,86.02331
317,2.633,37.9679,-69.94032,47.93491,-137.96237,-191.31577,64.5283,-106.87948,-136.58952,86.94813
318,2.642,24.47386,-69.51745,47.35786,-149.92734,-191.76282,65.98808,-117.99564,-137.44237,88.1823
319,2.65,15.27381,-71.41584,46.88053,-161.31499,-192.10974,67.26341,-128.90005,-137.48088,89.03221
320,2.658,5.65146,-72.17765,46.29774,-171.97377,-192.60349,68.56873,-139.22606,-138.38495,90.6954
321,2.667,-5.73292,-73.07497,45.9157,-182.58177,-192.66859,70.82257,-149.21355,-138.60576,92.52588
322,2.675,-15.28126,-73.3851,45.32,-192.55423,-193.3956,73.67253,-158.72398,-139.2178,94.00877
323,2.683,-24.37544,-74.36047,45.22898,-201.92062,-193.08514,74.78445,-168.03865,-139.49165,95.702
324,2.692,-34.0546,-75.25972,44.40434,-211.15259,-193.5148,77.69504,-176.43608,-139.23013,96.78133
325,2.7,-41.40998,-76.79157,44.56363,-219.65587,-193.425,78.77586,-185.68971,-138.18915,97.65881
326,2.708,-49.29089,-75.16513,44.81717,-227.59007,-192.30173,80.72562,-191.60434,-138.76949,99.25322
327,2.717,-56.99976,-75.39867,44.70118,-233.49939,-193.77406,82.45496,-198.55109,-138.90646,100.2312
328,2.725,-62.78204,-75.52509,43.72166,-239.95934,-193.06076,83.43855,-205.20491,-138.50407,101.18961
329,2.733,-68.95988,-78.25458,42.17793,-245.79054,-192.79439,83.91129,-209.88251,-137.05751,100.90755
330,2.742,-73.58292,-77.27068,41.58638,-251.08186,-192.32738,84.22141,-215.34163,-137.55257,101.3303
331,2.75,-77.59819,-77.85035,40.9876,-255.50604,-191.77734,83.97328,-219.08931,-136.94576,101.17524
332,2.758,-80.29025,-77.67845,39.9108,-258.18103,-191.67853,83.64332,-222.62933,-136.75671,100.08494
333,2.767,-83.77657,-77.6853,39.30723,-262.28296,-190.46915,82.42303,-225.2496,-135.57056,98.64256
334,2.775,-85.67501,-76.95773,38.97094,-263.41586,-190.45995,80.91889,-227.69028,-135.1032,97.11346
335,2.783,-86.24909,-77.26292,38.55942,-266.65253,-187.88058,78.17277,-229.1373,-133.88469,95.11637
336,2.792,-86.51962,-77.16747,37.10891,-266.48871,-188.51355,76.22678,-230.21899,-133.35825,93.16311
337,2.8,-86.53388,-76.88853,36.86846,-268.17468,-187.05278,72.94716,-231.73315,-132.974,91.4427
338,2.808,-86.87561,-77.2254,36.50149,-269.9155,-186.76451,69.02947,-233.01892,-133.49857,88.55426
339,2.817,-87.93469,-77.18017,36.93914,-271.10992,-187.48862,65.5899,-234.58423,-132.46022,85.95039
340,2.825,-90.05006,-76.65617,38.19582,-273.85025,-187.04759,62.73376,-237.35928,-131.90901,84.52718
341,2.833,-91.01025,-77.60458,39.95539,-276.45523,-186.80052,60.88732,-238.93654,-131.40048,82.95664
342,2.842,-91.7709,-78.16486,40.08835,-278.39957,-185.04471,59.22968,-240.73235,-130.75255,81.28967
343,2.85,-92.58546,-77.87635,40.44317,-279.77432,-184.31961,57.16345,-241.98692,-129.96666,79.42223
344,2.858,-92.63528,-77.93214,40.52855,-280.64246,-183.95467,54.7544,-242.60608,-130.82613,78.22848
345,2.867,-92.79946,-78.23099,40.96587,-281.25604,-184.27017,53.19455,-243.76253,-130.92049,77.0067
346,2.875,-93.40232,-78.55574,41.49537,-281.51276,-184.15559,52.10792,-244.52443,-130.7888,75.8293
347,2.883,-93.14899,-78.67148,42.00748,-281.68301,-185.57335,50.69077,-245.50497,-130.71437,74.71844
348,2.892,-93.33218,-78.7337,42.16252,-283.62222,-184.18797,49.44548,-246.26213,-130.46579,73.5424
349,2.9,-93.49632,-78.77438,42.30548,-283.54404,-185.87758,49.13589,-246.68529,-130.81007,72.61446
350,2.908,-93.61157,-78.85902,42.53226,-283.99045,-185.73376,48.47023,-246.9187,-130.75305,72.16962
351,2.917,-93.92949,-78.75267,42.56052,-284.04034,-185.61362,48.10997,-247.0072,-130.97812,71.5064
352,2.925,-93.85512,-79.02436,42.70495,-284.66565,-184.13724,47.71472,-247.39436,-130.5275,71.26859
353,2.933,-93.94305,-79.24162,42.77829,-284.72931,-185.14067,48.04533,-247.49309,-130.24557,71.27885
354,2.942,-94.13284,-79.09563,42.61577,-284.77908,-185.21587,47.76129,-247.63277,-130.31647,70.91167
355,2.95,-94.2932,-78.38497,42.30994,-284.97046,-184.23022,47.1933,-247.61249,-130.32278,70.78968
356,2.958,-94.31079,-78.58983,42.38383,-284.88034,-184.20372,47.28843,-247.62975,-130.08739,70.67744
357,2.967,-94.28028,-78.11002,42.12238,-284.72253,-184.94383,47.69131,-247.32344,-130.58299,70.66409
358,2.975,-94.41967,-78.10514,42.19073,-284.74228,-185.13895,47.67721,-247.42776,-130.63538,70.7999
359,2.983,-94.34108,-78.59871,42.39096,-284.93533,-184.14009,47.09879,-247.04887,-130.19286,69.46815
360,2.992,-94.04769,-79.19495,42.60241,-284.97046,-184.23022,47.1933,-247.70906,-130.25778,70.22499
361,3,-94.04769,-79.19495,42.60241,-284.84521,-184.11359,47.19392,-247.84581,-130.34877,70.22771
362,3.008,-94.18827,-79.18391,42.63929,-284.65039,-185.11093,47.76517,-247.97864,-130.1871,70.06872
363,3.017,-94.0277,-79.03507,42.2176,-285.05121,-184.03113,47.10857,-248.13489,-130.22733,70.06485
364,3.025,-94.25359,-79.10183,42.24123,-284.93533,-184.14009,47.09879,-248.13489,-130.22733,70.06485
365,3.033,-94.34479,-78.89452,42.5269,-284.65039,-185.11093,47.76517,-248.13489,-130.22733,70.06485
366,3.042,-94.22134,-78.89489,42.49663,-284.44559,-184.96698,47.84289,-248.12679,-130.38652,70.07143
367,3.05,-94.22134,-78.89489,42.49663,-284.66641,-184.02203,47.17249,-247.93962,-130.30045,70.02468
368,3.058,-93.95979,-78.95335,42.49462,-284.66641,-184.02203,47.17249,-248.02573,-130.33386,69.9294
369,3.067,-93.9117,-78.79095,42.57518,-284.43478,-185.06007,47.7194,-247.93637,-130.44337,69.92803
370,3.075,-95.20369,-78.88912,43.04424,-284.20618,-184.96443,47.78782,-247.84488,-130.70326,69.99843
371,3.083,-93.59766,-79.2019,42.68203,-284.06717,-185.04494,47.90183,-247.84488,-130.70326,69.99843
372,3.092,-93.61411,-79.21863,42.79482,-284.13593,-185.13359,47.88165,-247.93155,-130.45966,70.03126
373,3.1,-93.46009,-79.15038,42.68578,-284.18481,-184.23683,47.46001,-247.93425,-130.59377,69.99979
374,3.108,-94.89233,-78.52489,42.16048,-283.9166,-185.22139,48.10034,-248.12947,-130.52065,70.03996
375,3.117,-95.15981,-78.49974,41.95112,-283.8609,-185.20645,48.14725,-248.31674,-130.30118,70.02068
376,3.125,-93.59766,-79.2019,42.68203,-283.8241,-185.12956,48.06319,-247.93155,-130.45966,70.03126
377,3.133,-93.47733,-78.71973,42.44928,-284.16855,-185.25525,48.11354,-247.84488,-130.70326,69.99843
378,3.142,-93.57435,-78.92582,42.54315,-284.04306,-185.1245,47.93595,-247.94234,-130.43457,69.99322
379,3.15,-94.52945,-80.10741,43.08716,-284.08948,-185.30214,48.07882,-247.84488,-130.70326,69.99843
380,3.158,-96.6406,-79.07214,42.28843,-283.94946,-185.09549,47.92978,-248.17892,-130.41014,70.00207
381,3.167,-93.3663,-79.28232,43.25691,-284.15128,-185.0121,47.81174,-248.2675,-130.23759,69.94765
382,3.175,-91.99194,-78.58112,42.55004,-284.62744,-184.06197,47.14072,-248.46895,-130.16508,69.86855
383,3.183,-93.90041,-77.61279,42.1768,-284.32773,-185.15233,47.72916,-248.55499,-130.1985,69.77327
384,3.192,-93.54412,-78.53513,42.5778,-284.65503,-184.91978,47.6792,-248.6584,-130.17702,69.66863
385,3.2,-93.56029,-78.5599,42.69537,-285.06094,-184.61159,47.56384,-248.91438,-130.11046,69.50875
386,3.208,-93.75554,-78.22758,42.51817,-284.62744,-184.06197,47.14072,-248.74896,-130.15944,69.56838
387,3.217,-93.62064,-77.97647,42.32027,-284.43478,-185.06007,47.7194,-248.74896,-130.15944,69.56838
388,3.225,-93.43616,-77.41019,42.16041,-284.47849,-184.12062,47.07168,-248.74359,-130.17676,69.45598
389,3.233,-93.64273,-77.90483,42.25613,-284.55133,-184.03345,47.05132,-248.74359,-130.17676,69.45598
390,3.242,-93.64273,-77.90483,42.25613,-284.43478,-185.06007,47.7194,-248.91727,-130.10707,69.37743
391,3.25,-93.82883,-78.25233,42.45186,-284.37708,-185.17522,47.73381,-248.47151,-130.4008,69.05135
392,3.258,-94.00394,-78.44008,42.19316,-284.51376,-184.17384,47.15296,-249.23761,-129.79344,68.57237
393,3.267,-93.97732,-78.35721,42.26464,-284.40546,-184.2563,47.18061,-248.66693,-130.41948,69.01086
394,3.275,-93.96237,-78.36301,42.17587,-284.3223,-184.33783,47.04667,-248.82819,-130.53499,68.96251
395,3.283,-93.96237,-78.36301,42.17587,-284.05414,-185.25195,47.80122,-248.48357,-130.47398,69.82284
396,3.292,-93.8705,-77.99788,42.119,-284.05414,-185.25195,47.80122,-250.36917,-130.44012,70.20084
397,3.3,-93.96856,-78.18659,42.17349,-284.14603,-184.34666,47.33161,-248.18007,-130.39134,68.7788
398,3.308,-93.8705,-77.99788,42.119,-284.06073,-184.39059,47.4307,-247.8812,-130.15149,68.64188
399,3.317,-93.8705,-77.99788,42.119,-283.89371,-185.19438,48.2288,-248.70715,-130.2578,68.89605
400,3.325,-93.8705,-77.99788,42.119,-284.01239,-184.41672,47.55136,-248.70715,-130.2578,68.89605
401,3.333,-93.8705,-77.99788,42.119,-283.95813,-185.21306,48.17556,-248.77876,-130.49866,69.03622
402,3.342,-93.8705,-77.99788,42.119,-283.89371,-185.19438,48.2288,-248.86029,-130.62173,68.86172
403,3.35,-93.8705,-77.99788,42.119,-283.89371,-185.19438,48.2288,-248.86029,-130.62173,68.86172
404,3.358,-93.67895,-78.14597,42.06631,-283.65588,-185.04155,48.26691,-248.53241,-131.08937,69.03543
405,3.367,-93.76022,-78.06065,42.131,-283.48618,-185.06447,48.29407,-248.53241,-131.08937,69.03543
406,3.375,-93.74013,-77.79834,42.14193,-283.39343,-185.11058,48.32462,-248.65553,-130.67465,68.81551
407,3.383,-93.74013,-77.79834,42.14193,-283.38754,-185.20007,48.3685,-248.68291,-130.58157,68.68569
408,3.392,-93.6539,-77.64633,42.08531,-282.36957,-183.08864,46.98389,-248.69554,-129.4884,68.08366
409,3.4,-93.76418,-77.58356,42.07331,-283.43692,-184.44351,47.64975,-248.90527,-129.4456,68.09245
410,3.408,-93.70363,-77.41742,42.14114,-283.44559,-185.28198,48.30816,-248.69554,-129.4884,68.08366
411,3.417,-93.70363,-77.41742,42.14114,-283.44559,-185.28198,48.30816,-249.00516,-129.37691,67.95396
412,3.425,-93.76418,-77.58356,42.07331,-283.44559,-185.28198,48.30816,-249.00516,-129.37691,67.95396
413,3.433,-93.70363,-77.41742,42.14114,-283.12955,-183.53215,46.50491,-249.00516,-129.37691,67.95396
414,3.442,-93.70363,-77.41742,42.14114,-283.22073,-183.47072,46.47792,-249.00516,-129.37691,67.95396
415,3.45,-93.70363,-77.41742,42.14114,-283.23059,-184.20906,47.21653,-249.28789,-129.27054,68.00755
416,3.458,-93.62399,-77.27171,42.1889,-283.18484,-183.47998,46.30926,-249.47795,-129.23415,68.07554
417,3.467,-93.69376,-76.9894,42.41386,-283.38382,-184.55067,47.43779,-249.47795,-129.23415,68.07554
418,3.475,-95.09405,-76.61609,42.38972,-283.78598,-184.75346,47.2859,-249.62463,-129.19051,68.17036
419,3.483,-95.10168,-76.77676,42.7855,-283.89246,-184.94528,46.96245,-249.65956,-129.19458,68.01579
420,3.492,-95.80263,-75.65157,44.49974,-283.90201,-185.19408,46.89626,-249.80624,-129.15091,68.1106
421,3.5,-95.94664,-76.41787,45.54275,-283.83746,-185.12576,46.48574,-249.92987,-129.32063,67.87956
422,3.508,-96.1589,-76.39729,46.2237,-284.11023,-185.72058,46.96173,-250.46342,-129.40979,67.86527
423,3.517,-96.60358,-76.8609,47.74705,-284.35938,-185.2989,46.1852,-250.70741,-129.41762,67.55541
424,3.525,-96.66463,-76.2434,48.89353,-284.90784,-185.99077,47.03133,-250.9411,-129.37173,67.60683
425,3.533,-96.91395,-76.4418,50.36719,-284.90784,-185.99077,47.03133,-252.08896,-129.67371,68.13973
426,3.542,-98.56014,-75.3343,52.63368,-285.56644,-186.22154,46.92795,-253.01657,-129.78479,68.60009
427,3.55,-99.17067,-75.40076,54.76554,-285.39267,-185.48103,45.72842,-253.59749,-130.18025,68.84109
428,3.558,-99.70972,-75.70602,57.32703,-285.9259,-185.73198,46.26009,-255.16325,-129.18932,68.65658
429,3.567,-100.26484,-74.98464,59.64978,-286.13574,-185.60371,46.25623,-255.63359,-128.60832,68.86398
430,3.575,-101.31717,-75.02913,62.79836,-286.71899,-186.33308,46.66056,-257.04282,-130.6342,71.14664
431,3.583,-103.35244,-73.70829,66.20378,-287.5795,-186.02463,46.37181,-259.28064,-130.30208,70.59276
432,3.592,-105.28591,-72.89858,70.59448,-287.9538,-186.00534,46.66999,-260.207,-130.79875,72.74132
433,3.6,-106.10209,-73.85114,74.151,-288.82193,-185.97986,46.86459,-261.78421,-129.38107,72.22468
434,3.608,-108.52927,-72.35226,77.60779,-288.91205,-185.86438,46.52476,-263.20694,-129.97481,72.84864
435,3.617,-110.67229,-72.04633,81.61804,-289.7912,-185.91957,47.05418,-265.52197,-130.59398,74.68324
436,3.625,-113.52702,-72.2011,85.04359,-291.19214,-185.30112,47.07657,-268.78308,-131.28572,76.30115
437,3.633,-117.52532,-71.98276,87.49271,-293.37683,-185.43201,47.57685,-271.52231,-132.22739,77.25387
438,3.642,-121.50671,-71.2412,89.89123,-296.30334,-185.41977,48.54246,-278.78177,-132.04559,77.14115
439,3.65,-126.90422,-72.26858,91.05552,-300.7261,-185.05125,49.93301,-283.09485,-131.89919,78.42309
440,3.658,-132.25916,-71.63846,92.58617,-307.92108,-184.46382,51.68681,-287.54962,-132.29002,79.66337
441,3.667,-138.6037,-72.36677,92.73212,-313.47937,-185.75502,52.65228,-292.90771,-131.5394,80.47748
442,3.675,-145.50455,-72.2772,91.97147,-321.26257,-186.03142,53.30873,-299.22388,-131.5318,81.13892
443,3.683,-153.01086,-72.80745,91.1328,-329.27713,-185.66266,53.49215,-306.41486,-132.50629,82.48421
444,3.692,-162.02382,-71.32835,90.03103,-338.1593,-186.6586,53.91503,-315.44354,-131.39935,82.04105
445,3.7,-170.38766,-73.29362,88.19501,-347.19156,-187.55373,55.05987,-324.98569,-132.9675,83.25523
446,3.708,-180.33705,-72.27148,86.09246,-357.26367,-189.2774,56.41888,-334.46301,-133.93604,83.44001
447,3.717,-190.07195,-73.71169,84.27003,-367.3378,-189.76195,56.04855,-343.65509,-134.31905,83.17896
448,3.725,-199.85913,-74.31322,82.04783,-378.32974,-190.62502,56.6507,-353.33929,-134.65855,82.75047
449,3.733,-210.31865,-74.44947,79.41341,-388.84634,-190.9944,56.97076,-364.33536,-135.68523,83.12885
450,3.742,-221.86539,-74.4985,76.53258,-400.81348,-191.79288,57.29012,-375.25928,-135.72577,82.8948
451,3.75,-233.15881,-73.60682,74.71394,-411.63043,-192.76299,58.50007,-386.33698,-136.57683,82.82854
452,3.758,-244.92699,-75.70217,72.70087,-423.638,-193.35196,59.32805,-398.29922,-137.43646,82.63081
453,3.767,-256.64185,-75.73228,70.19748,-435.24857,-194.21036,59.12014,-409.10791,-137.85196,82.67055
454,3.775,-267.55911,-75.26757,67.12877,-447.5094,-195.24434,59.74095,-420.84552,-138.9545,83.16383
455,3.783,-280.74475,-77.12698,65.03938,-459.41864,-195.25481,60.07347,-432.44775,-139.00418,83.19894
456,3.792,-291.47272,-77.36035,63.0034,-471.55869,-195.51842,60.96983,-444.64987,-139.15239,83.42954
457,3.8,-305.39297,-76.66022,61.40958,-484.11993,-195.88808,61.29666,-456.67224,-139.883,83.10819
458,3.808,-316.91476,-77.88622,59.86325,-495.76999,-195.55339,60.88764,-468.40329,-139.40036,83.14969
459,3.817,-327.76474,-78.79448,58.89898,-509.19962,-195.63919,62.59028,-478.3287,-140.28593,82.79185
460,3.825,-341.23569,-78.14525,56.44661,-521.55994,-194.86581,62.37447,-490.11557,-140.60367,84.56426
461,3.833,-353.00946,-78.79637,55.4175,-534.12445,-195.48988,63.534,-501.59045,-140.73026,83.73366
462,3.842,-365.42004,-78.09455,53.76937,-546.48138,-194.42484,64.00861,-514.71143,-140.42972,84.30163
463,3.85,-377.13589,-79.41592,52.79743,-558.86249,-194.29353,64.48929,-526.66187,-140.40314,83.98947
464,3.858,-388.59073,-79.16586,52.01497,-571.20532,-193.26776,64.44543,-538.86621,-139.61499,84.86874
465,3.867,-401.46552,-79.16697,51.09701,-583.07239,-193.71123,64.93878,-551.78851,-138.61855,84.94378
466,3.875,-412.82574,-79.22766,50.58285,-594.99048,-192.62622,65.58905,-562.92401,-138.67932,85.85924
467,3.883,-425.22986,-78.59403,50.35409,-607.00037,-192.33783,65.80801,-574.35266,-138.08124,86.3809
468,3.892,-435.22684,-79.35433,49.5792,-618.88477,-191.80902,66.89713,-585.66144,-137.32457,87.99468
469,3.9,-447.58533,-78.43789,49.49677,-630.34644,-191.3199,67.79766,-595.18604,-138.45934,88.44489
470,3.908,-457.81769,-78.66385,48.91706,-640.36658,-190.5188,68.62785,-607.81348,-137.26303,89.99129
471,3.917,-467.89459,-78.95785,48.68272,-651.90668,-189.75156,70.76631,-616.14532,-137.69302,91.44068
472,3.925,-478.53564,-78.85121,47.96453,-662.19696,-189.74736,72.67898,-627.758,-135.56654,93.24355
473,3.933,-489.20224,-78.45352,47.6083,-673.38007,-189.02534,74.96056,-635.44342,-136.20641,94.27263
474,3.942,-498.69763,-79.03455,47.38468,-682.18976,-188.33586,76.05472,-646.60779,-134.81966,96.69131
475,3.95,-507.52026,-78.58887,47.63823,-690.79413,-188.84552,78.69522,-655.46448,-134.85539,98.05622
476,3.958,-516.64917,-79.02747,48.05714,-700.13702,-186.97191,79.19826,-663.57507,-133.95686,99.34415
477,3.967,-525.1283,-77.67326,47.47139,-708.44965,-186.42799,81.63494,-671.77435,-133.74832,100.77517
478,3.975,-533.46466,-75.63146,47.05608,-716.11267,-185.64848,82.56618,-678.95483,-131.84167,101.24568
479,3.983,-541.11359,-75.12923,47.01114,-723.50751,-185.58321,83.52094,-686.45239,-132.00195,102.4731
480,3.992,-547.25616,-73.8754,47.28253,-729.89545,-185.3728,84.59968,-692.29126,-131.41423,103.47002
481,4,-554.11926,-72.5132,47.2774,-736.12878,-184.12436,85.90054,-698.37555,-130.72104,104.4106
482,4.008,-559.83148,-71.88414,47.27128,-739.96228,-184.54175,86.5723,-703.66992,-130.04413,104.28765
483,4.017,-564.99286,-68.83662,47.30085,-745.57306,-183.88799,86.71775,-708.00848,-129.7888,104.11885
484,4.025,-569.70258,-69.02934,47.29211,-750.77734,-181.50798,85.23084,-713.13068,-128.52196,104.27837
485,4.033,-574.14417,-66.15356,47.01939,-753.35181,-182.89465,85.42005,-716.80914,-127.52083,103.33741
486,4.042,-577.69507,-65.86146,46.97843,-757.22491,-179.08797,83.38188,-720.44305,-125.95551,103.14127
487,4.05,-580.71228,-62.65458,46.13804,-759.99103,-179.25392,82.40905,-723.31067,-125.81232,102.76472
488,4.058,-583.49982,-61.31281,45.00379,-763.32666,-176.78831,81.49556,-725.10846,-125.07852,101.77297
489,4.067,-585.78864,-60.13192,44.32281,-765.61938,-175.80434,80.42188,-727.32556,-123.53603,100.86726
490,4.075,-587.63232,-59.33596,43.55852,-767.18353,-174.62503,79.82534,-730.60547,-121.74887,100.33982
491,4.083,-589.13898,-57.70776,42.33017,-769.01117,-173.38821,79.13229,-730.87439,-120.75291,97.98088
492,4.092,-589.83112,-56.67408,40.85398,-770.42261,-171.85179,77.36721,-733.24091,-118.14669,96.94403
493,4.1,-590.53589,-56.39092,39.74929,-771.61658,-169.92575,76.41959,-734.82416,-116.18394,95.69852
494,4.108,-590.01929,-56.83884,38.7346,-772.3183,-167.67776,74.76597,-735.25079,-113.82826,93.83739
495,4.117,-590.37811,-57.14505,37.62734,-774.00696,-165.02251,72.04359,-736.39703,-111.97509,91.68738
496,4.125,-590.08069,-57.72119,36.24964,-775.03351,-163.668,70.78804,-736.42261,-111.41742,90.42064
497,4.133,-590.96027,-57.4744,36.78313,-776.34021,-162.53636,67.59355,-738.89374,-109.84678,87.67845
498,4.142,-592.18591,-57.04081,37.43019,-778.72717,-162.3358,65.24978,-741.10248,-108.70377,86.05621
499,4.15,-593.5022,-56.76468,38.319,-781.74878,-162.03075,63.95647,-742.18719,-108.28606,84.9111
500,4.158,-594.26715,-57.61034,39.02578,-783.75708,-161.70137,62.81602,-743.83997,-107.45097,83.45579
501,4.167,-595.66895,-57.67945,39.75252,-784.06433,-161.65968,60.80831,-745.68439,-107.59768,82.61078
502,4.175,-595.77655,-57.60007,39.98999,-784.78906,-162.15736,60.74443,-747.47076,-106.72882,80.20212
503,4.183,-596.0033,-58.1062,40.3251,-785.4743,-162.57755,58.62087,-747.11664,-108.0727,79.8962
504,4.192,-596.94891,-57.85091,40.21011,-786.70764,-161.79347,56.41869,-748.56305,-108.83883,79.13993
505,4.2,-596.64124,-58.03601,40.7574,-787.3858,-162.56898,55.44084,-748.72321,-109.06915,78.71575
506,4.208,-596.76312,-58.27125,41.09105,-787.47223,-162.3488,54.26802,-749.43103,-109.1036,77.22542
507,4.217,-597.17365,-58.33847,41.36784,-788.62146,-161.29823,52.77785,-748.70038,-109.77749,76.23454
508,4.225,-597.13708,-58.49787,41.44865,-789.07916,-160.76352,52.22835,-750.04236,-107.93322,75.99382
509,4.233,-597.75189,-58.39759,41.70248,-789.27533,-160.71277,51.74115,-752.00031,-106.85835,74.48603
510,4.242,-597.86243,-58.38102,41.98717,-789.90186,-161.25131,51.40655,-752.40576,-106.51888,73.53333
511,4.25,-598.50836,-58.73202,42.05421,-790.4339,-160.22418,49.69332,-752.51575,-106.78888,73.14229
512,4.258,-598.7323,-58.60463,42.28965,-790.69281,-160.18974,49.56247,-752.76013,-106.67475,72.01604
513,4.267,-598.86194,-58.26501,42.3711,-790.82483,-160.90851,49.82018,-752.90814,-106.46027,71.60267
514,4.275,-599.21362,-58.41515,42.38383,-791.56403,-159.89961,48.75927,-753.0813,-106.20727,71.2333
515,4.283,-599.26978,-58.04768,42.10101,-791.47034,-160.91019,49.02813,-754.01038,-105.3828,70.43422
516,4.292,-600.09265,-57.58374,42.68126,-792.52197,-159.55159,47.85683,-753.66998,-105.87909,70.48565
517,4.3,-600.21088,-57.87771,42.64596,-792.65479,-159.67558,47.89697,-754.02777,-105.93578,70.31485
518,4.308,-599.75812,-58.27145,42.36673,-792.53839,-159.89076,47.78352,-754.24878,-106.0187,70.02803
519,4.317,-599.90778,-58.08821,42.33452,-792.47015,-160.02168,47.64103,-754.33081,-105.75298,69.89077
520,4.325,-599.95105,-59.04387,42.5161,-792.42065,-160.13322,47.59199,-753.02173,-107.68854,69.5937
521,4.333,-600.5271,-57.81102,42.59977,-792.32928,-160.41945,47.5975,-753.02173,-107.68854,69.5937
522,4.342,-600.02582,-59.15468,42.64692,-792.12537,-160.55664,47.44803,-752.92542,-107.82819,69.56554
523,4.35,-599.98029,-59.08186,42.4486,-792.06726,-161.56747,48.16508,-753.06787,-107.64175,69.53963
524,4.358,-599.88043,-58.89105,42.3954,-792.35046,-160.58034,47.3454,-752.9339,-107.78641,69.32592
525,4.367,-600.40186,-59.12785,42.57473,-792.40704,-160.60152,47.25121,-753.19849,-107.76303,69.28015
526,4.375,-600.57819,-59.09589,42.76316,-792.57391,-160.51398,47.44646,-753.19849,-107.76303,69.28015
527,4.383,-600.26978,-59.27997,42.38349,-792.62994,-161.19415,47.97809,-753.31696,-107.8117,69.26537
528,4.392,-600.44086,-58.65526,42.40067,-792.71222,-160.3645,47.00821,-753.41779,-107.41495,68.89364
529,4.4,-600.97961,-58.66296,42.45091,-792.78076,-160.44041,47.10216,-753.48456,-107.34433,68.89787
530,4.408,-600.68762,-58.57801,42.18061,-792.53967,-160.407,46.92807,-753.48456,-107.34433,68.89787
531,4.417,-600.16541,-58.77026,42.00919,-792.82727,-161.32135,47.70038,-753.48456,-107.34433,68.89787
532,4.425,-601.54694,-58.12859,41.68335,-792.75201,-160.48152,46.88095,-753.50702,-107.38171,68.7777
533,4.433,-601.34351,-58.26425,42.18417,-792.88477,-160.71561,46.70525,-753.50702,-107.38171,68.7777
534,4.442,-601.4967,-58.73283,43.01058,-792.90912,-160.96323,46.95612,-753.46484,-107.43534,68.63097
535,4.45,-601.95605,-58.01503,41.58038,-792.89685,-161.53448,47.45463,-753.60321,-107.34391,68.66943
536,4.458,-601.31641,-57.44649,40.88726,-792.89355,-161.67453,47.41517,-753.60321,-107.34391,68.66943
537,4.467,-602.51154,-56.54146,40.89247,-793.04327,-160.90086,46.56146,-753.5329,-107.40366,68.49
538,4.475,-602.03973,-57.40537,41.82819,-792.87067,-160.88258,46.66389,-753.5329,-107.40366,68.49
539,4.483,-601.97394,-57.55823,41.61713,-792.87067,-160.88258,46.66389,-753.59961,-107.38757,68.40407
540,4.492,-601.49213,-57.51446,42.4783,-793.04327,-160.90086,46.56146,-753.52832,-107.39802,67.99725
541,4.5,-601.45428,-57.70008,42.37506,-792.94214,-161.63968,47.04636,-753.59882,-107.35689,67.98223
542,4.508,-600.75409,-57.62267,41.97158,-793.04639,-160.96938,46.35041,-755.09955,-106.07709,68.02969
543,4.517,-601.51849,-58.28107,42.40311,-793.04639,-160.96938,46.35041,-755.09955,-106.07709,68.02969
544,4.525,-601.42468,-58.76322,43.1408,-793.13751,-160.91353,46.53492,-754.87579,-105.97888,68.02866
545,4.533,-600.59503,-57.7721,42.44398,-793.10864,-161.3192,46.98834,-754.73273,-106.07089,67.91961
546,4.542,-602.62085,-56.75531,41.56269,-793.0155,-161.35414,46.87043,-754.58185,-105.99142,68.15421
547,4.55,-600.21259,-58.3287,42.56717,-793.70459,-160.52914,46.31649,-754.40369,-105.91998,67.87954
548,4.558,-601.21411,-57.45874,42.42938,-793.47839,-160.96803,46.24268,-754.26978,-106.00993,67.79449
549,4.567,-600.43799,-57.87416,42.65083,-793.09711,-160.95151,46.38162,-754.10425,-105.86883,67.4272
550,4.575,-600.67957,-58.15756,42.71914,-793.15112,-161.28117,46.90127,-754.37372,-105.42809,67.38841
551,4.583,-600.66174,-57.89555,42.6316,-793.02966,-160.93736,46.15274,-754.21661,-105.6006,67.17916
552,4.592,-600.66174,-57.89555,42.6316,-793.09711,-160.95151,46.38162,-754.11462,-105.40756,67.12068
553,4.6,-600.58856,-57.55922,43.49947,-793.06506,-161.2289,46.87459,-753.99579,-105.7333,66.98225
554,4.608,-600.70276,-57.751,43.02338,-792.98254,-160.94966,46.19115,-753.99579,-105.7333,66.98225
555,4.617,-600.66357,-57.78724,42.42698,-792.95728,-161.31902,46.5626,-754.37122,-106.29267,66.27574
556,4.625,-600.51141,-57.37437,42.40944,-793.04596,-161.07083,45.91147,-753.99579,-105.7333,66.98225
557,4.633,-600.51141,-57.37437,42.40944,-792.92542,-160.89717,45.67213,-755.0863,-105.82688,66.93214
558,4.642,-600.76422,-57.1249,42.36658,-792.92432,-161.06357,46.03281,-753.77673,-106.85374,66.66045
559,4.65,-600.51141,-57.37437,42.40944,-792.85229,-161.04733,46.16189,-753.89783,-106.81869,66.65354
560,4.658,-600.7298,-56.868,42.69648,-792.85229,-161.04733,46.16189,-754.1156,-106.9987,66.66706
561,4.667,-600.50421,-56.69418,42.61006,-792.81201,-161.11305,46.12573,-754.22552,-107.09348,66.68525
562,4.675,-600.74054,-56.65207,42.86639,-792.89221,-161.17949,46.23771,-754.27203,-106.96843,66.6301
563,4.683,-600.74054,-56.65207,42.86639,-792.77209,-160.9809,46.0499,-754.13629,-106.8484,66.60682
564,4.692,-600.95941,-56.60208,42.92407,-792.81201,-161.11305,46.12573,-754.27203,-106.96843,66.6301
565,4.7,-601.02911,-56.70398,42.98445,-792.77209,-160.9809,46.0499,-754.50305,-107.05209,66.7442
566,4.708,-600.77191,-56.31776,43.32063,-792.67712,-161.08479,46.10835,-754.74402,-107.19167,66.9403
567,4.717,-600.68573,-56.34779,43.355,-792.47333,-161.14842,46.09456,-754.74402,-107.19167,66.9403
568,4.725,-600.77942,-56.24417,43.3656,-792.30969,-161.15613,46.17521,-754.99005,-107.12802,67.03534
569,4.733,-600.98553,-56.06831,43.40642,-792.48547,-161.11702,46.23614,-755.43872,-107.15157,67.27825
570,4.742,-601.12573,-55.92013,43.87065,-792.5921,-161.01891,46.42007,-755.49072,-107.03813,67.36745
571,4.75,-601.04907,-55.98252,44.32076,-792.40723,-161.13448,46.45234,-755.58228,-106.98997,67.29723
572,4.758,-601.29559,-55.76993,45.04765,-792.15717,-161.39288,46.50051,-755.7179,-107.01143,67.33305
573,4.767,-601.42365,-55.63564,45.41553,-792.20203,-161.40895,46.89447,-757.33099,-105.92655,67.91731
574,4.775,-601.89795,-54.932,46.20439,-792.07874,-161.35855,47.2915,-757.67371,-105.52004,68.3185
575,4.783,-601.63489,-55.22527,46.77816,-792.16931,-161.57115,47.41849,-757.78308,-105.64707,68.22085
576,4.792,-602.00439,-54.82454,47.49605,-791.99158,-161.33356,47.46354,-758.039,-105.62108,68.26447
577,4.8,-602.47052,-54.34087,48.29485,-792.02728,-161.36707,47.68283,-758.53839,-106.08884,68.66587
578,4.808,-603.01031,-53.92496,49.36595,-792.02728,-161.36707,47.68283,-759.14728,-106.27848,69.19329
579,4.817,-603.24713,-53.68383,51.23468,-792.38025,-161.38036,47.92141,-759.42529,-106.52513,69.70476
580,4.825,-603.9765,-53.42963,52.53484,-791.68738,-161.32187,47.57446,-760.45306,-106.59978,70.34589
581,4.833,-605.41528,-52.63708,54.14429,-791.78711,-161.2634,47.56039,-759.64056,-108.05565,71.16579
582,4.842,-606.43811,-52.34125,55.50684,-792.49615,-161.69406,48.44104,-760.81909,-108.39658,72.28143
583,4.85,-607.32794,-50.87154,57.80802,-792.25342,-161.65807,48.15124,-761.90527,-107.2892,71.87177
584,4.858,-609.40924,-50.23336,59.07303,-792.55457,-162.18327,48.79957,-763.3252,-108.3396,73.4355
585,4.867,-610.34338,-49.98108,60.66343,-792.49249,-163.22771,49.0538,-764.2583,-108.506,74.25927
586,4.875,-612.61536,-48.84817,62.97641,-793.6217,-165.35591,50.90736,-766.23364,-110.56096,75.12177
587,4.883,-615.32745,-47.56329,63.94594,-794.63385,-166.05614,52.26393,-767.95477,-110.22676,75.5988
588,4.892,-618.28735,-47.35057,65.61211,-796.1864,-166.96912,53.61115,-770.01794,-111.60463,77.03978
589,4.9,-621.33972,-47.42669,66.52998,-798.59296,-168.58318,54.67706,-772.92242,-113.351,78.55927
590,4.908,-625.59778,-47.2274,67.42576,-800.86115,-170.81645,55.84653,-776.76642,-115.18263,79.59262
591,4.917,-629.93573,-47.82479,67.34343,-804.68433,-171.37605,55.78513,-780.35681,-114.36634,79.12513
