Frame#,Time,L.Thigh.x,L.Thigh.y,L.Thigh.z,L.Knee.x,L.Knee.y,L.Knee.z,L.Knee.Medial.x,L.Knee.Medial.y,L.Knee.Medial.z
1,0,1365.74133,-179.52406,582.08972,1334.01355,-151.95157,435.13513,1322.77161,-54.57101,429.21942
2,0.008,1363.34473,-178.3871,582.1413,1332.71875,-150.82318,434.95154,1321.80078,-54.49897,427.41776
3,0.017,1359.94702,-178.01201,581.28265,1330.8916,-149.75931,434.49298,1319.78625,-55.01471,425.49167
4,0.025,1355.92493,-177.92902,581.63354,1327.12952,-149.33983,433.1821,1317.64026,-55.21089,425.51144
5,0.033,1351.30127,-177.72816,581.14124,1325.96008,-149.84195,432.8652,1318.27881,-54.21261,424.24207
6,0.042,1350.25488,-179.19228,581.29492,1323.04895,-150.19063,432.71967,1314.62341,-54.32784,424.09274
7,0.05,1345.75537,-177.98682,580.89972,1321.15442,-151.75426,432.25986,1310.2832,-55.09763,423.15994
8,0.058,1340.92041,-176.84978,581.81854,1317.19971,-150.25081,430.95435,1308.08118,-54.16,422.8941
9,0.067,1336.20801,-177.09961,581.17505,1313.67908,-149.7197,430.99792,1303.52307,-55.30224,422.19711
10,0.075,1331.70886,-176.4301,580.83606,1312.09937,-149.8244,430.06769,1300.37708,-54.80969,421.95377
11,0.083,1327.82581,-175.96857,579.52356,1308.17627,-150.04529,429.26144,1297.48718,-53.47939,420.80988
12,0.092,1321.4585,-174.46617,578.20178,1303.36829,-150.20335,428.48105,1293.14331,-54.57319,420.035
13,0.1,1317.55835,-175.3943,578.43011,1300.17371,-149.86397,426.78152,1288.2854,-52.70168,419.55817
14,0.108,1311.00977,-173.67326,578.07275,1294.76526,-148.312,426.76465,1283.71704,-53.51711,418.06708
15,0.117,1307.27014,-173.6039,578.28894,1291.42383,-149.70535,426.47134,1278.22534,-52.30336,417.07663
16,0.125,1299.99207,-172.09778,577.58057,1284.40186,-148.68704,425.22055,1273.36487,-52.97335,416.44351
17,0.133,1293.1095,-171.45702,576.5163,1279.39929,-148.45654,423.27393,1266.48157,-51.58471,415.98019
18,0.142,1285.85278,-171.00925,575.65192,1270.78394,-149.39565,421.41653,1260.33765,-52.00557,414.45206
19,0.15,1277.28284,-171.09715,574.55798,1264.93811,-148.50687,421.49274,1252.73169,-51.30297,413.55994
20,0.158,1269.43225,-169.95401,573.97101,1257.13062,-148.84874,421.60416,1243.44666,-51.03113,412.38925
21,0.167,1260.19299,-169.83252,573.83557,1246.15161,-148.92888,420.83386,1234.19434,-50.73126,411.39154
22,0.175,1249.91589,-169.72946,572.33826,1235.27332,-149.31345,418.47653,1219.64624,-51.46886,410.478
23,0.183,1240.86755,-170.21393,572.25403,1222.55945,-149.97646,419.01614,1208.50183,-50.08727,410.34351
24,0.192,1229.76086,-170.4725,572.53491,1208.23108,-150.55479,418.28986,1194.5553,-50.34638,410.01178
25,0.2,1218.59509,-170.57393,571.68842,1193.06116,-152.41385,418.84332,1182.0304,-50.46907,409.22345
26,0.208,1205.30591,-172.65114,572.76819,1178.89771,-154.22888,419.83746,1168.15173,-51.60439,409.04224
27,0.217,1192.93311,-172.90971,572.5025,1163.57788,-155.10637,419.95563,1150.62341,-53.71815,408.03534
28,0.225,1179.72742,-173.08157,572.34137,1147.5304,-156.96475,420.87973,1135.63159,-54.8483,408.61249
29,0.233,1168.4198,-173.56664,572.65411,1132.96887,-157.74301,422.02011,1120.0498,-56.68362,409.48169
30,0.242,1156.77905,-173.06413,573.77698,1118.02832,-157.0661,424.1062,1104.30188,-58.32853,410.49036
31,0.25,1144.61072,-173.05598,574.02417,1102.78088,-157.826,425.23328,1087.57813,-59.90017,411.52164
32,0.258,1133.8584,-173.54829,574.68781,1089.62402,-158.45335,426.70874,1073.05725,-60.31994,413.84915
33,0.267,1122.72693,-172.98184,575.49286,1076.0498,-157.76318,428.40689,1058.09558,-60.46048,416.06546
34,0.275,1111.43481,-173.32678,576.82709,1062.04675,-158.24104,430.74292,1044.51086,-60.11481,419.14484
35,0.283,1099.2074,-172.41866,578.17188,1048.99841,-157.43221,432.48422,1033.31262,-59.23765,420.85373
36,0.292,1089.24548,-171.50772,578.86218,1036.16821,-156.23717,434.35083,1019.74866,-57.88206,423.64615
37,0.3,1079.0437,-170.94765,580.87274,1024.30078,-155.54422,437.12384,1008.59686,-55.84067,426.34702
38,0.308,1069.32312,-170.66751,581.83447,1012.05792,-154.89154,439.23755,997.86615,-54.17823,428.2735
39,0.317,1059.61694,-169.33833,582.75757,1000.53424,-152.95967,441.09708,985.83771,-52.17331,431.57462
40,0.325,1048.59094,-169.83046,583.96661,987.9679,-152.12135,443.24341,974.72717,-50.15937,433.90289
41,0.333,1038.67651,-168.70267,586.49469,974.79974,-150.71739,447.37769,963.35327,-48.99812,436.38321
42,0.342,1029.66455,-167.89917,587.77515,964.4801,-149.41841,449.45474,952.83282,-46.50193,438.86688
43,0.35,1020.38977,-166.31253,589.3587,952.70844,-147.57669,452.40057,941.51898,-44.28451,442.77606
44,0.358,1009.5899,-165.75082,591.26233,940.9848,-146.34299,454.9809,932.07416,-42.94816,445.41782
45,0.367,999.9458,-163.91518,593.10114,930.75739,-143.26453,457.41959,921.49451,-40.93914,447.20523
46,0.375,990.44818,-163.39456,595.159,919.38373,-142.33675,460.63461,911.80157,-39.14922,449.90005
47,0.383,981.9599,-162.73009,596.10376,908.78778,-141.45256,462.86975,902.93384,-38.39558,453.30609
48,0.392,973.51343,-162.03429,597.68945,899.16327,-140.31024,465.3017,893.58612,-37.50745,454.01843
49,0.4,965.59723,-161.50671,599.35718,889.96332,-139.32239,467.89484,886.41302,-37.20985,456.17987
50,0.408,957.56628,-161.36781,600.51855,880.05518,-139.2989,470.25357,877.42828,-34.98346,459.08722
51,0.417,949.96313,-161.49208,602.3313,872.06989,-138.09576,472.64474,868.25171,-34.043,461.33972
52,0.425,941.95099,-161.43515,603.81531,863.22485,-138.10124,474.73837,861.25177,-34.043,462.98886
53,0.433,934.04846,-161.15521,604.80939,854.39227,-137.36873,476.50357,853.68201,-35.17108,464.10416
54,0.442,928.10858,-161.65977,606.17963,847.69843,-137.87842,478.45923,846.33246,-35.71184,465.22632
55,0.45,920.75476,-161.61792,605.68011,839.526,-137.72522,478.61389,838.64624,-36.02295,465.6308
56,0.458,914.87958,-162.17519,606.40253,833.59674,-138.24307,479.49118,832.84229,-36.52529,466.17834
57,0.467,907.79095,-163.64131,606.88617,826.97937,-138.63287,479.99277,826.05493,-37.27703,466.4054
58,0.475,902.44495,-163.37973,606.6275,820.82928,-138.33896,480.36652,820.30066,-37.90019,466.49847
59,0.483,897.08392,-164.12242,606.76831,815.97449,-138.90706,480.32477,815.19806,-38.51073,466.8992
60,0.492,892.52173,-163.76305,606.53455,811.39429,-137.92245,480.33612,809.6051,-39.32745,466.71698
61,0.5,886.57538,-165.10422,606.17725,805.05408,-139.77901,480.23416,804.34076,-39.91185,466.40219
62,0.508,881.21997,-165.25011,605.61713,800.79254,-139.0145,479.26221,799.91962,-39.80536,465.89853
63,0.517,877.15845,-166.98616,605.50177,797.52509,-140.06718,478.89038,795.07764,-40.84982,465.86649
64,0.525,871.43488,-167.32114,604.40839,791.56323,-140.40503,478.04749,790.28296,-40.39696,463.31921
65,0.533,866.94745,-167.16759,601.81464,787.66229,-139.95654,475.24716,785.71124,-41.2948,462.19635
66,0.542,860.7373,-168.30225,601.77795,781.36218,-141.24046,475.33258,782.56604,-41.57462,461.43173
67,0.55,855.77368,-169.93884,600.46356,777.61725,-141.89807,473.5694,776.78198,-42.80053,461.19107
68,0.558,850.02606,-170.72221,598.98962,771.35376,-142.77283,472.48901,771.85229,-43.459,459.97906
69,0.567,845.85168,-171.83984,596.01337,767.82275,-143.59546,469.27316,766.65723,-44.03779,458.61761
70,0.575,838.01599,-174.00833,594.45001,760.56952,-145.54327,467.49341,760.98389,-44.53888,457.1377
71,0.583,832.51257,-176.06493,592.75684,755.81598,-146.9603,465.5799,755.12091,-46.80556,456.20068
72,0.592,826.25665,-176.80266,590.34766,748.75342,-148.04298,463.67017,746.95465,-47.38916,453.95731
73,0.6,819.09039,-179.10237,589.70288,741.54053,-148.46591,462.93399,739.6178,-49.92947,452.37918
74,0.608,811.52118,-178.66226,590.49084,734.15546,-149.8201,461.78232,732.52844,-51.91585,452.66528
75,0.617,804.99091,-180.18956,590.92383,728.68658,-151.20476,461.67953,724.71869,-53.76266,453.07379
76,0.625,796.30762,-180.56584,591.21869,721.8606,-151.86049,460.66714,718.22546,-56.10989,453.73007
77,0.633,789.10931,-183.28474,591.43585,717.16559,-153.89053,461.03488,712.07855,-56.07047,454.69257
78,0.642,784.71411,-184.26796,591.7337,712.30164,-153.76096,459.95819,705.99249,-58.89513,454.05331
79,0.65,778.37457,-185.41991,591.18298,707.41595,-154.94109,459.20798,701.88507,-59.43136,454.008
80,0.658,773.37616,-186.18425,590.30792,702.10162,-154.4671,458.13828,697.8501,-58.54004,453.94269
81,0.667,767.78571,-186.592,589.73376,699.64563,-154.61104,456.68573,692.99298,-59.29432,452.57687
82,0.675,763.19415,-187.62131,589.49646,694.31873,-155.51219,455.59402,689.81494,-60.23377,449.84396
83,0.683,761.83813,-186.45982,587.96918,690.05939,-155.53465,454.04175,686.92102,-58.94589,448.92905
84,0.692,757.95435,-187.42307,586.52191,687.69012,-156.21136,454.08023,684.2666,-59.57258,447.70221
85,0.7,754.96564,-187.57523,586.43909,682.4657,-157.62822,452.06973,681.19684,-60.95502,446.19437
86,0.708,747.26379,-190.09399,586.93658,680.08575,-158.91237,451.75266,676.28711,-60.8624,446.03934
87,0.717,744.81677,-191.88805,585.85773,677.3468,-160.32855,450.19647,673.82214,-61.44024,445.69733
88,0.725,739.25977,-192.11096,585.70837,674.28979,-161.66333,449.27234,671.23987,-63.19433,444.42029
89,0.733,735.95959,-192.89154,585.91333,672.35852,-162.11153,449.73257,667.90619,-63.84985,444.09857
90,0.742,731.46844,-192.66885,585.25134,668.50092,-162.57652,447.93829,665.76782,-64.68845,442.55887
91,0.75,726.00885,-194.4388,586.72491,666.43982,-164.56261,447.50421,660.86908,-67.06121,441.5524
92,0.758,721.64929,-196.13568,586.22021,665.58447,-165.03229,446.54211,660.38831,-67.28587,440.71243
93,0.767,718.14215,-195.8858,586.42078,663.5058,-165.00879,445.91077,659.98138,-67.33065,439.99707
94,0.775,714.85236,-197.00832,586.83215,660.86365,-166.67731,445.86426,654.8233,-68.82472,439.87146
95,0.783,710.91583,-197.00992,585.87659,659.07294,-166.66724,445.78406,651.43097,-69.59957,439.25519
96,0.792,706.22375,-195.96413,586.71509,657.95612,-166.76128,445.45084,650.13812,-69.83322,438.62027
97,0.8,705.25494,-196.13669,586.01361,656.19995,-166.6378,444.75385,648.82501,-70.00769,437.70261
98,0.808,700.91089,-196.70253,586.21704,656.01831,-166.87462,443.81491,646.51123,-69.4547,437.2551
99,0.817,699.77295,-196.97533,586.56482,653.92261,-167.20779,443.60806,644.72278,-69.53024,437.5152
100,0.825,694.22333,-195.49232,586.7655,649.64825,-167.01274,443.33881,641.62903,-70.3952,437.25366
101,0.833,690.55859,-193.89551,587.22955,648.04095,-167.1935,442.49564,639.61456,-71.28533,436.38528
102,0.842,691.16791,-196.16129,586.95233,645.85474,-167.23477,442.59546,638.35486,-70.81464,435.50803
103,0.85,687.99908,-195.43625,586.80334,644.92639,-167.68001,440.50955,635.50055,-69.94923,434.71088
104,0.858,684.91559,-195.33911,586.56726,642.2818,-166.28571,441.30524,635.03076,-70.52789,433.88397
105,0.867,682.65472,-195.26715,586.146,640.79547,-165.9834,441.0195,634.38647,-70.55083,433.29782
106,0.875,678.54053,-194.93193,585.72461,639.4718,-166.26085,440.81772,631.38513,-69.71905,433.00931
107,0.883,675.07147,-194.95392,586.05072,637.89771,-167.14908,439.52414,629.3327,-68.92065,432.23636
108,0.892,670.83276,-194.02303,586.42371,634.27399,-165.8656,439.92935,626.77985,-69.8732,431.5354
109,0.9,668.26611,-193.94478,586.68121,632.37244,-165.68541,438.69522,625.17584,-69.50217,430.2868
110,0.908,664.49097,-193.73634,585.93274,631.92181,-165.5614,438.11044,622.82703,-68.88013,429.81964
111,0.917,659.98022,-193.6503,585.50378,628.00519,-166.1118,437.52878,620.2489,-68.67445,428.67438
112,0.925,657.30676,-193.88921,585.40967,625.29846,-166.40393,436.9689,619.25012,-67.87454,428.17108
113,0.933,652.51385,-191.82477,584.11316,623.31592,-166.2005,436.16516,614.57568,-67.98846,426.72348
114,0.942,647.59479,-192.22559,583.58374,620.2099,-165.16089,435.3584,611.47266,-67.70507,425.94794
115,0.95,643.96027,-191.24248,583.34106,617.23938,-164.76108,433.96851,608.96021,-67.89424,425.20413
116,0.958,639.18713,-190.47508,582.39948,615.09558,-165.04768,433.81921,605.17609,-66.39333,424.30466
117,0.967,634.35809,-190.23849,582.18414,610.02002,-164.4926,432.66885,601.7428,-66.4334,423.51437
118,0.975,629.53894,-189.59558,582.01782,606.46283,-163.71509,431.55933,597.33441,-66.67033,421.92667
119,0.983,624.22382,-188.93857,581.1842,602.09387,-162.56543,431.36932,593.98041,-64.89118,420.87018
120,0.992,617.63452,-188.30611,580.68701,596.31287,-162.74901,429.36163,590.02557,-64.25233,419.81885
121,1,612.82678,-188.82327,580.07556,592.5675,-162.62836,427.47736,584.78308,-64.21233,418.99448
122,1.008,606.3988,-187.25423,579.0462,587.09753,-161.82005,426.85391,580.01849,-63.92168,418.39136
123,1.017,599.75146,-186.1535,577.71198,581.22852,-161.56656,425.71976,574.68976,-63.05873,417.04605
124,1.025,592.617,-185.26414,577.19849,576.69244,-161.18007,425.26706,568.88116,-63.30587,415.25793
125,1.033,586.30811,-184.65872,576.74841,570.23212,-161.13965,423.55566,564.32654,-61.40229,414.58322
126,1.042,578.85791,-184.24887,576.56958,563.47534,-160.70169,422.70679,555.89374,-61.80344,412.83603
127,1.05,570.53998,-183.85864,575.63739,555.16504,-161.31169,422.60895,548.70422,-61.11242,412.42722
128,1.058,562.47906,-183.56973,575.41907,546.74921,-160.15109,422.4194,540.09729,-60.41451,411.94843
129,1.067,554.58606,-183.33549,575.57135,535.71356,-161.11957,422.45596,527.85358,-59.72403,411.83887
130,1.075,544.73706,-183.586,576.27368,524.24103,-159.9882,421.61737,516.36823,-58.59542,412.69882
131,1.083,534.70685,-183.58025,574.97546,509.65747,-161.90213,422.31152,502.49615,-58.65024,412.70337
132,1.092,524.1507,-182.67145,575.31635,495.04623,-162.32135,422.87665,490.16925,-58.24041,412.31235
133,1.1,512.19507,-183.91035,574.79828,480.38074,-163.27434,423.49658,473.83368,-59.98111,412.56546
134,1.108,499.78815,-184.33063,575.39459,463.73224,-164.78067,425.17331,456.61374,-59.65015,412.6767
135,1.117,487.39468,-184.41563,576.0061,448.86536,-165.73485,426.48523,440.91858,-60.68108,414.07657
136,1.125,474.27167,-184.10457,577.23901,432.89172,-165.72804,428.59805,423.51895,-63.09427,413.73764
137,1.133,462.74838,-184.34648,578.30402,418.23099,-165.97879,430.72543,409.41626,-64.5525,415.8761
138,1.142,449.91263,-184.64603,579.64923,404.10709,-165.94864,432.66058,393.27731,-65.36238,417.61075
139,1.15,438.3952,-184.37088,580.4408,390.51688,-165.51834,434.28766,378.4693,-66.18527,420.38284
140,1.158,426.47791,-184.76401,582.35901,376.44501,-165.82039,437.09454,363.43127,-65.85462,423.21332
141,1.167,415.10538,-183.73717,584.33136,363.72983,-164.67757,439.70447,349.35516,-65.5071,426.12378
142,1.175,404.37033,-182.88991,586.03693,350.79044,-163.23439,442.44528,338.23294,-63.90342,429.3761
143,1.183,393.48383,-183.03174,587.51343,338.81613,-163.27182,444.4993,326.0318,-61.60057,432.82425
144,1.192,383.30548,-181.70279,589.87225,327.2449,-161.61964,447.59573,314.58118,-59.69751,435.35245
145,1.2,373.23141,-181.35669,591.3877,315.40637,-160.78339,450.04156,304.0994,-58.10462,438.35214
146,1.208,362.90298,-180.46704,592.91003,303.61133,-159.71118,452.35138,292.48328,-55.64504,441.79205
147,1.217,353.50266,-179.27028,593.91718,292.06894,-158.32614,454.46143,282.07214,-54.34523,444.51874
148,1.225,343.32602,-179.63072,596.6637,281.04404,-158.58095,457.75198,272.13351,-53.51266,446.75562
149,1.233,333.30127,-178.60544,597.43964,271.71341,-155.65402,458.66995,262.38242,-51.67841,450.04718
150,1.242,322.56058,-176.53293,600.3764,258.1777,-153.6788,463.01578,251.19804,-50.11992,451.97858
151,1.25,314.64597,-175.90533,601.29016,248.64404,-152.23276,464.9903,241.55954,-47.7515,454.48618
152,1.258,307.55521,-174.20711,603.06671,237.50386,-150.52013,468.86548,232.94341,-47.1056,457.45047
153,1.267,300.00775,-173.55803,604.41119,227.44897,-149.49661,471.68817,222.59538,-45.20473,459.76285
154,1.275,291.34473,-172.38161,605.54395,218.785,-148.28687,473.38693,213.84412,-44.31418,462.08786
155,1.283,282.54892,-171.68407,607.55493,208.98988,-146.28505,476.51605,204.74809,-42.35306,464.71033
156,1.292,275.23853,-171.03574,608.59705,200.02892,-144.39763,478.40268,197.00792,-40.78473,465.78891
157,1.3,268.26587,-169.6562,610.13226,190.38416,-143.4295,480.24112,189.68079,-40.27733,467.57013
158,1.308,260.00961,-169.69576,612.07831,182.32359,-142.15614,481.67712,182.15657,-39.77737,468.89932
159,1.317,251.51691,-169.59518,613.44049,176.26875,-141.7686,484.94525,174.86684,-38.49031,470.99353
160,1.325,243.08093,-170.5208,615.16174,168.20166,-140.57048,485.67502,168.07408,-38.21169,471.85297
161,1.333,236.62315,-170.00401,614.58447,159.89754,-140.94537,487.0787,163.26747,-37.63748,473.16013
162,1.342,229.53194,-169.56216,615.97449,154.45061,-139.40709,487.77924,156.5455,-37.75075,473.62781
163,1.35,224.59737,-168.63434,616.33759,147.69188,-140.12817,488.52051,150.84044,-38.11462,473.75043
164,1.358,217.72833,-168.9791,615.90967,142.22105,-139.18253,488.79852,147.19879,-37.7543,473.05743
165,1.367,209.70544,-170.6066,616.21613,135.42822,-140.36809,488.96329,140.58473,-38.13121,472.69742
166,1.375,206.33968,-170.47614,616.05139,129.88873,-139.82268,488.43762,135.96996,-38.34479,471.57394
167,1.383,198.87228,-171.60654,615.68811,125.52378,-141.27335,487.72583,127.74955,-38.68591,471.63678
168,1.392,196.66264,-171.70511,614.34546,120.85324,-140.8696,486.86942,125.6753,-41.59517,470.69763
169,1.4,189.93503,-174.91646,614.6236,117.30996,-141.88742,485.41415,120.73162,-41.51285,469.93515
170,1.408,185.52841,-176.06783,613.30463,112.86845,-143.07387,485.28381,116.56721,-43.55163,468.74484
171,1.417,180.93994,-177.19557,611.27423,109.70337,-143.981,483.79614,113.02338,-44.41321,467.29977
172,1.425,176.13692,-181.8461,611.59253,106.69444,-145.39038,481.57294,108.61569,-46.14954,465.60077
173,1.433,173.54587,-182.28761,608.84918,103.90602,-146.37743,479.68732,106.19551,-46.74385,463.49402
174,1.442,172.04628,-181.40024,605.43915,100.15202,-147.96484,478.06311,101.05202,-48.29034,461.54648
175,1.45,168.39143,-181.45018,602.4967,97.40163,-149.5267,475.01526,96.69613,-48.79608,460.07733
176,1.458,164.08115,-183.24214,599.80835,93.8065,-149.81787,473.63467,90.18824,-49.13116,458.79507
177,1.467,160.74724,-184.18698,598.57617,89.58325,-151.61409,471.2767,84.80424,-49.39146,458.34726
178,1.475,156.7054,-185.17305,596.5498,84.87276,-151.9362,469.01279,79.82195,-51.89835,457.87238
179,1.483,153.36298,-184.50903,594.2254,78.96877,-152.84364,467.50928,73.72374,-52.846,457.0592
180,1.492,148.1434,-183.77875,592.70923,72.81506,-153.7979,466.18359,66.7431,-54.24976,456.58612
181,1.5,141.33282,-182.24535,593.07379,66.23888,-153.28767,464.44263,60.07626,-55.02143,457.55624
182,1.508,134.61893,-182.0325,593.43262,58.73788,-153.70004,464.55814,53.939,-55.81828,457.68555
183,1.517,126.63882,-183.04167,594.12457,51.82103,-154.69101,464.42987,47.01951,-57.33477,457.6922
184,1.525,119.46661,-184.73082,594.25421,44.58359,-155.70752,465.07321,41.17756,-58.72429,458.71204
185,1.533,112.47382,-185.31326,594.11108,38.55415,-156.63843,465.70697,35.92833,-59.80463,459.00113
186,1.542,106.13151,-188.93571,594.04834,33.96262,-158.02652,463.79181,29.58356,-62.35112,458.59726
187,1.55,100.29314,-189.49017,593.56586,27.67862,-159.89365,463.29367,23.92042,-63.98944,457.52747
188,1.558,95.52707,-191.35678,593.66895,24.41383,-160.10928,462.16058,18.8165,-65.38751,456.87949
189,1.567,88.08394,-192.07458,594.20782,19.79957,-162.50307,461.16437,14.15777,-66.96703,455.26096
190,1.575,85.85645,-192.95105,592.95074,16.57979,-163.29552,459.44531,8.0337,-67.63528,453.28528
191,1.583,81.39903,-193.87128,592.81012,13.19554,-164.01015,458.4624,6.59303,-68.69747,451.87436
192,1.592,79.44734,-193.88846,592.04785,10.95904,-164.11821,457.25497,4.30908,-68.83212,450.51904
193,1.6,75.33669,-194.60672,590.94592,8.02705,-165.16103,456.02579,-1.37635,-67.18017,450.43173
194,1.608,70.91966,-195.40306,591.26941,3.97983,-165.83141,455.55212,-7.91267,-66.45316,450.66611
195,1.617,68.00344,-195.56732,590.09998,0.95287,-166.23869,455.0426,-5.97957,-67.40047,450.11469
196,1.625,63.94378,-195.80338,589.25421,-2.90011,-165.97462,453.96808,-11.742,-67.45865,449.98474
197,1.633,58.72406,-197.02719,588.83081,-5.63728,-166.24792,453.53674,-12.79099,-67.91173,449.22473
198,1.642,55.30787,-198.15524,588.87335,-8.84821,-166.13797,452.75934,-13.34505,-68.9389,448.2793
199,1.65,49.89437,-199.12843,589.57275,-12.69826,-166.47827,453.01669,-18.78035,-69.02403,447.28073
200,1.658,44.8952,-197.40208,588.96533,-15.38297,-166.4762,451.57239,-20.86531,-69.15426,446.51776
201,1.667,39.93792,-197.78224,588.92261,-17.58369,-167.06694,450.36966,-23.67809,-68.81385,445.19836
202,1.675,40.20121,-198.71866,591.6012,-18.83007,-166.30275,449.7998,-27.48522,-68.71574,444.72461
203,1.683,34.47688,-197.17883,588.85522,-22.49667,-165.83275,449.18945,-29.00963,-68.97676,443.35773
204,1.692,30.21561,-196.52045,588.20239,-25.47013,-165.94058,448.81134,-31.02591,-68.57652,442.20251
205,1.7,24.22868,-195.93315,587.93872,-28.24962,-165.53468,447.99011,-32.89885,-68.31331,441.51035
206,1.708,22.7732,-196.67365,587.30566,-29.50742,-164.93437,447.00858,-37.33282,-68.68335,441.72125
207,1.717,19.44048,-196.72632,588.12207,-32.30967,-165.09464,446.96777,-38.67963,-67.87667,441.71103
208,1.725,15.87125,-196.12418,587.71985,-35.17162,-165.56921,447.10098,-40.76436,-67.0841,440.30008
209,1.733,12.76064,-195.35162,587.64197,-37.37924,-164.77754,446.30759,-39.29189,-66.51234,440.12497
210,1.742,10.96434,-195.44598,587.21924,-37.90172,-165.17004,444.60666,-44.6022,-67.14253,439.32043
211,1.75,6.59654,-195.39021,587.32825,-41.55043,-164.37479,444.44269,-45.69432,-67.08577,439.00012
212,1.758,4.7449,-196.74481,587.28192,-42.88185,-165.36888,444.06924,-49.52584,-67.68768,439.42749
213,1.767,0.64457,-195.7363,586.88525,-44.96204,-165.16997,443.71164,-50.37789,-68.56998,437.93634
214,1.775,-4.01405,-194.96837,586.9325,-48.51263,-165.41876,442.784,-51.78621,-66.36735,435.80386
215,1.783,-7.65284,-195.45766,586.85742,-50.26783,-165.42415,442.24365,-54.79936,-67.24641,435.54364
216,1.792,-11.29208,-194.93288,586.67279,-52.0168,-165.00089,441.42981,-56.32111,-67.81499,434.46213
217,1.8,-14.67689,-194.24759,586.44141,-53.23575,-165.19043,441.15689,-59.93214,-68.5421,432.5885
218,1.808,-19.13557,-194.70076,586.26361,-56.04409,-166.17604,440.16315,-62.93711,-67.6695,432.44028
219,1.817,-23.13625,-194.24675,586.19122,-58.47299,-165.16473,440.09247,-66.52211,-67.93413,431.05502
220,1.825,-25.91164,-193.20555,586.00189,-61.96664,-165.45921,439.06482,-67.6074,-68.70493,430.37274
221,1.833,-31.37037,-193.51651,586.22913,-62.65752,-166.36993,437.8916,-71.10369,-69.17165,429.67413
222,1.842,-34.1373,-193.53973,586.29242,-65.84893,-166.18738,437.25104,-74.19972,-69.41935,427.86954
223,1.85,-37.84461,-193.26439,585.52026,-69.53124,-167.11165,436.87985,-77.48483,-69.68016,426.97327
224,1.858,-42.30724,-192.41072,585.04681,-72.16418,-166.22736,435.38794,-81.2611,-68.42988,426.43301
225,1.867,-47.30196,-191.30116,584.88696,-74.59765,-166.28989,434.44162,-85.01781,-68.85722,425.51843
226,1.875,-51.1735,-190.70784,584.48694,-79.16662,-167.41121,434.17081,-86.8291,-69.11501,424.12912
227,1.883,-55.45283,-190.28351,583.63855,-82.50209,-166.56859,432.62894,-91.59534,-70.11274,422.68686
228,1.892,-60.91228,-189.9142,582.46381,-85.96143,-165.62518,430.92123,-98.66343,-69.49377,421.1308
229,1.9,-66.37568,-189.07205,582.15033,-90.84508,-166.03616,430.3606,-99.84978,-71.41542,420.65588
230,1.908,-71.58034,-189.27817,581.01788,-94.82469,-165.25014,429.03833,-102.48914,-65.88799,421.73221
231,1.917,-77.47757,-188.03989,580.85455,-99.09811,-164.72983,427.62903,-109.02037,-67.65099,418.81384
232,1.925,-83.93648,-188.83684,580.73322,-104.82075,-165.45862,426.75641,-114.29362,-69.10145,417.48706
233,1.933,-90.26293,-186.39635,578.81403,-110.49483,-164.48456,425.49072,-122.91887,-67.54695,416.17667
234,1.942,-97.09714,-187.07738,577.49268,-118.87799,-164.58583,424.75925,-129.88509,-67.952,414.37436
235,1.95,-105.39923,-185.75154,576.22192,-126.68959,-164.54726,422.66748,-138.25212,-66.44851,412.96573
236,1.958,-113.85397,-185.07547,575.3327,-136.82474,-164.31201,422.31967,-148.68636,-64.28475,412.73749
237,1.967,-122.67881,-185.6384,574.40985,-147.95984,-165.11256,421.84213,-159.22797,-65.2021,410.93869
238,1.975,-131.44656,-183.86368,573.97504,-161.06389,-165.63254,421.47095,-170.6042,-63.44163,410.5379
239,1.983,-144.94975,-184.00641,573.89832,-175.36725,-166.49976,420.93723,-184.04811,-61.50151,410.92221
240,1.992,-155.81885,-183.60713,573.48602,-189.81102,-167.40002,421.29263,-198.26378,-63.03433,411.16473
241,2,-166.71065,-184.3251,572.84418,-205.29054,-167.73862,422.94769,-215.64226,-64.66576,411.45978
242,2.008,-179.89346,-185.30902,572.36517,-220.16838,-167.62027,424.30798,-230.26924,-65.77271,411.44458
243,2.017,-191.9113,-185.36581,572.60852,-235.13513,-167.9588,425.37985,-246.11499,-67.20036,412.30301
244,2.025,-204.03116,-185.59254,573.70532,-248.56645,-167.81029,426.94119,-258.84076,-68.6695,412.08792
245,2.033,-214.31546,-184.60373,573.96741,-262.1026,-166.95207,428.24197,-278.79831,-68.68729,415.94516
246,2.042,-225.62398,-184.80774,575.3363,-274.95358,-167.14511,430.15533,-291.57877,-70.042,415.79993
247,2.05,-234.81665,-183.47992,575.87775,-286.94504,-165.74689,431.7149,-304.75226,-70.06995,419.82919
248,2.058,-244.93178,-182.41785,576.95984,-299.4758,-164.62146,433.72961,-318.44821,-67.38283,421.06915
249,2.067,-255.11203,-181.40068,578.1192,-310.86432,-163.2475,435.42813,-328.60422,-65.698,422.40048
250,2.075,-266.01563,-180.61708,580.38397,-323.14706,-162.56653,438.25461,-338.7858,-62.69372,426.44861
251,2.083,-274.84079,-179.34937,580.64569,-334.17325,-160.92375,439.49774,-349.44693,-59.21574,428.13406
252,2.092,-284.89212,-178.32536,582.41803,-344.63443,-158.99997,441.59177,-359.47162,-57.22257,431.08517
253,2.1,-294.99097,-176.81192,583.62433,-355.69595,-156.97627,443.30966,-368.43854,-53.89959,433.21661
254,2.108,-304.54651,-175.10405,584.70673,-367.98502,-154.80107,445.70224,-379.7135,-50.06352,436.59116
255,2.117,-314.55545,-174.3606,586.51166,-378.15002,-153.16389,447.74017,-387.82309,-47.92426,437.19681
256,2.125,-324.35486,-172.31058,588.39563,-389.21851,-150.57405,450.32477,-397.17319,-44.56704,440.22781
257,2.133,-334.20114,-170.68663,589.05261,-400.68866,-148.96335,451.78244,-405.47516,-42.33833,441.73792
258,2.142,-343.43979,-169.23181,591.05469,-411.0509,-146.87918,454.46399,-415.05679,-40.13943,443.57925
259,2.15,-352.91351,-168.59366,593.0592,-421.87234,-145.85905,457.2355,-423.34341,-38.51895,444.60001
260,2.158,-360.46481,-166.94493,593.69781,-431.01636,-143.40894,458.86014,-429.60617,-37.08522,446.54675
261,2.167,-369.46826,-165.21317,596.58453,-439.9704,-140.66527,461.92963,-438.28311,-36.63673,448.18262
262,2.175,-377.73575,-164.35402,597.62152,-449.45038,-139.38101,463.71503,-447.16602,-34.34718,450.03152
263,2.183,-386.00201,-163.43576,599.52924,-458.61267,-138.13876,466.19559,-457.24277,-33.32571,452.18777
264,2.192,-394.13135,-163.26651,601.0968,-467.73511,-137.66924,468.39438,-464.37863,-32.32499,454.95233
265,2.2,-401.53342,-161.39127,602.45331,-475.87183,-135.50117,470.24597,-471.38345,-31.71875,456.31067
266,2.208,-407.85342,-160.99515,603.2099,-481.97867,-134.30316,471.07019,-478.79504,-30.64488,458.08743
267,2.217,-414.94232,-160.05772,603.75775,-490.66763,-133.64793,473.40985,-487.37936,-30.02142,459.5408
268,2.225,-421.01566,-159.42374,605.38617,-497.86011,-133.42911,474.94147,-489.63388,-30.97109,460.71872
269,2.233,-428.89081,-160.22478,606.37488,-504.21115,-132.45102,475.57733,-499.44476,-27.48165,462.09726
270,2.242,-435.92612,-158.91673,606.93658,-510.85327,-130.8241,477.07904,-506.74561,-28.68116,462.97086
271,2.25,-441.19058,-158.54497,607.28784,-517.36444,-131.13416,477.8613,-512.77466,-28.95921,463.76334
272,2.258,-447.62512,-159.30515,608.30872,-522.05591,-130.11938,478.50653,-517.99829,-28.03855,463.95236
273,2.267,-452.82852,-160.21941,608.39618,-527.6391,-129.94373,478.59033,-524.19281,-28.20585,464.04776
274,2.275,-458.28052,-159.95943,608.33795,-532.71655,-130.42357,478.89667,-528.57745,-28.56636,464.34149
275,2.283,-462.80438,-160.22687,607.94965,-538.03973,-130.71371,478.94025,-534.49658,-28.64148,464.75238
276,2.292,-466.13144,-160.27863,607.02795,-542.28656,-130.28915,478.56174,-539.28021,-29.30786,465.42728
277,2.3,-471.32367,-161.13518,606.56293,-546.99451,-129.96881,478.38434,-543.42334,-29.59479,465.61725
278,2.308,-474.84573,-161.73181,606.25739,-550.47437,-130.62921,477.90723,-548.37042,-30.50753,465.2088
279,2.317,-478.40714,-161.99364,604.63306,-554.64996,-129.95328,478.2337,-552.25415,-30.59735,464.39917
280,2.325,-483.04364,-163.81177,603.69727,-558.3028,-130.54063,476.47073,-557.28033,-29.63621,464.12717
281,2.333,-486.58505,-164.82504,602.69739,-561.56104,-130.82716,475.6871,-561.26074,-30.2198,462.97614
282,2.342,-491.04422,-166.1369,600.12579,-564.77386,-130.17807,474.6604,-565.38135,-30.78409,461.20697
283,2.35,-493.67618,-166.0175,599.26733,-569.29187,-130.60883,473.07993,-568.98718,-31.14145,459.33792
284,2.358,-498.97968,-167.14056,597.36481,-573.43091,-130.7579,471.81253,-573.68964,-31.20081,458.05075
285,2.367,-502.07089,-165.36159,595.70837,-578.16022,-130.6953,470.53247,-576.33826,-31.75056,457.41391
286,2.375,-506.55905,-166.98035,594.36005,-583.1803,-130.79633,469.36948,-581.77466,-32.11318,456.58829
287,2.383,-511.27545,-166.70314,593.77692,-587.88446,-132.49469,467.46222,-586.80768,-32.35922,455.84253
288,2.392,-514.59045,-164.08716,593.5943,-593.28815,-132.69344,466.71631,-591.99841,-33.189,454.75876
289,2.4,-520.38959,-164.34354,591.66901,-598.59491,-133.31021,464.00543,-596.21265,-34.5266,453.70163
290,2.408,-528.07104,-164.20355,591.16687,-604.13513,-134.38277,463.06354,-603.7226,-34.11692,453.03506
291,2.417,-534.95074,-165.0544,591.45398,-609.37939,-135.38368,461.18375,-609.88513,-35.48148,452.00473
292,2.425,-540.89478,-166.33865,591.64911,-613.79938,-135.35931,459.92792,-614.13196,-37.69007,451.59982
293,2.433,-546.45135,-166.95193,591.30536,-619.37366,-138.29381,459.70721,-618.92517,-38.92381,450.60098
294,2.442,-553.3559,-168.73087,592.03265,-623.29639,-139.01308,459.49451,-623.86182,-40.30376,450.67999
295,2.45,-558.40796,-170.25533,592.04407,-628.24957,-141.56084,459.86194,-629.54401,-42.65202,450.53357
296,2.458,-564.53491,-172.22754,591.92877,-632.11298,-141.92943,458.40915,-638.34021,-42.46401,450.51422
297,2.467,-569.94623,-173.27466,591.6004,-636.43512,-142.49043,457.55252,-636.71222,-47.86849,448.76434
298,2.475,-573.97076,-174.32925,590.98291,-638.81647,-144.09993,455.74567,-641.95013,-48.81498,449.50873
299,2.483,-577.75525,-175.08755,590.30304,-642.53241,-144.04056,455.02408,-651.33478,-47.08786,448.48309
300,2.492,-582.29138,-175.18828,589.57086,-645.03467,-144.70667,453.48297,-650.81238,-50.00857,448.65778
301,2.5,-582.88672,-176.62192,587.84216,-648.40851,-145.03044,452.55103,-651.50177,-51.38383,447.67648
302,2.508,-585.28406,-177.43486,587.43451,-651.04156,-146.86234,452.61719,-655.68121,-50.42524,446.24066
303,2.517,-587.64673,-177.69093,586.77863,-652.82703,-146.43872,451.20923,-660.12708,-48.84024,447.23004
304,2.525,-590.90399,-177.77939,585.95447,-655.96948,-147.11595,450.36838,-660.98157,-48.81213,445.92151
305,2.533,-592.25598,-178.48784,585.50238,-658.92731,-147.58789,448.97858,-662.11279,-49.34725,445.60159
306,2.542,-597.69623,-179.50371,585.81378,-660.24213,-147.37822,448.46082,-664.29077,-49.41254,444.35797
307,2.55,-600.81787,-180.55284,586.75928,-662.79822,-147.97487,447.77097,-666.66541,-49.49902,444.21729
308,2.558,-606.63007,-179.5461,586.82788,-666.30164,-148.56401,447.80777,-668.51831,-50.05605,443.3432
309,2.567,-614.58594,-179.48936,587.6463,-667.94373,-148.8989,447.28827,-670.24231,-50.49153,441.88443
310,2.575,-612.29462,-180.99037,585.9173,-673.16168,-150.0004,446.74771,-673.05359,-51.02942,440.86874
311,2.583,-617.78632,-180.75325,585.13995,-672.74152,-152.09312,445.97568,-674.71124,-51.88626,440.29617
312,2.592,-623.15015,-181.14299,585.87463,-676.15198,-149.70255,444.64404,-676.74823,-52.58449,439.28033
313,2.6,-624.13837,-181.19414,586.01233,-676.31982,-150.07118,444.04025,-676.25043,-54.38731,438.08997
314,2.608,-629.04199,-181.65404,586.15948,-679.09302,-151.2627,443.72491,-680.59668,-53.83349,437.69678
315,2.617,-629.82477,-182.05589,585.69434,-680.76666,-150.39972,443.64682,-681.94446,-54.78666,437.27356
316,2.625,-634.18457,-181.18288,585.43164,-682.56506,-151.28757,442.70169,-682.67029,-51.72813,437.01038
317,2.633,-636.24097,-181.91788,584.54944,-683.56976,-151.18015,441.87274,-686.63831,-52.81474,437.0687
318,2.642,-638.11011,-181.57103,584.37939,-686.8858,-151.94049,441.65756,-688.14099,-51.94563,436.4046
319,2.65,-641.2207,-181.63744,584.80139,-687.59808,-151.99692,440.745,-689.15802,-52.59726,435.40616
320,2.658,-643.38708,-182.15041,585.19873,-688.71613,-152.61386,439.95767,-692.19135,-53.89544,434.95297
321,2.667,-647.0058,-183.10818,584.45013,-689.53052,-152.56482,439.71948,-694.49377,-54.03752,435.2937
322,2.675,-650.15387,-182.3679,583.83038,-690.22864,-152.23471,439.55511,-696.49091,-54.78949,433.63843
323,2.683,-652.90033,-182.22379,583.64404,-694.7171,-153.37222,438.90503,-697.62341,-54.47361,432.76349
324,2.692,-653.92548,-182.20683,583.7403,-697.10791,-151.69489,437.41931,-700.16107,-54.75721,432.58731
325,2.7,-658.89282,-181.58884,583.59448,-697.85675,-151.0665,438.42126,-702.50641,-56.32674,430.93521
326,2.708,-661.56287,-181.28053,583.40521,-700.09705,-152.62161,437.76709,-705.29163,-56.28148,429.87955
327,2.717,-666.38025,-181.20543,583.34058,-703.2868,-153.27422,436.60934,-706.00641,-56.32106,429.08426
328,2.725,-669.74921,-180.58807,583.90448,-704.85419,-152.40977,435.91412,-709.48907,-56.38023,428.85199
329,2.733,-673.34186,-179.64972,583.15674,-706.22736,-152.15662,435.51559,-710.58911,-56.04907,428.02747
330,2.742,-676.83948,-179.42888,582.0719,-708.26556,-152.39938,434.51465,-713.90784,-55.92746,427.75787
331,2.75,-680.31079,-178.76868,581.47974,-711.9967,-151.41074,433.85376,-717.69794,-53.3758,427.05261
332,2.758,-685.41718,-178.87279,581.72302,-712.89404,-151.35011,432.57922,-718.23138,-53.52562,425.99786
333,2.767,-689.9278,-177.89885,581.26532,-716.32947,-150.49265,431.58661,-723.55042,-53.4054,424.10626
334,2.775,-694.58295,-177.18822,580.80463,-720.59961,-150.77338,431.12201,-725.96606,-53.69012,422.78992
335,2.783,-698.97925,-176.08217,580.14655,-723.4726,-150.47986,429.93698,-729.34955,-54.4501,422.68677
336,2.792,-703.53009,-175.79242,579.6026,-726.85156,-149.68642,429.24115,-732.64893,-54.24846,421.85406
337,2.8,-708.00153,-174.83501,578.82947,-731.93188,-149.69508,427.97598,-737.28424,-50.60796,420.97604
338,2.808,-714.33154,-174.69104,578.4776,-735.88055,-148.39006,427.10519,-743.00745,-50.88668,419.84708
339,2.817,-718.15173,-173.08365,578.07721,-739.81274,-148.30035,425.76163,-744.8208,-49.98255,416.02719
340,2.825,-725.27478,-172.68901,576.40497,-745.49371,-148.15533,424.8833,-749.61279,-51.11465,416.70096
341,2.833,-731.4101,-171.95164,576.32544,-750.89117,-146.9664,422.86496,-755.90216,-50.76813,415.41931
342,2.842,-739.13715,-171.99988,574.63892,-756.82599,-146.40073,422.38577,-762.57379,-48.50817,414.06454
343,2.85,-745.37909,-169.75385,574.25494,-762.52234,-145.1808,420.47885,-768.37439,-48.32237,412.20248
344,2.858,-752.52911,-169.31052,573.08972,-769.62854,-144.90173,420.05634,-775.31165,-49.06836,411.36783
345,2.867,-759.96265,-169.36534,572.76624,-777.24841,-144.30244,419.76584,-781.96948,-46.39882,411.74121
346,2.875,-768.46564,-166.38364,571.68512,-785.64038,-142.70317,418.81937,-788.677,-45.28981,410.22421
347,2.883,-776.32941,-165.427,571.36853,-793.40436,-143.41495,418.4335,-797.37549,-43.44151,409.71844
348,2.892,-785.42249,-164.53796,572.05524,-803.82208,-142.83508,417.54712,-807.13562,-43.56094,410.38507
349,2.9,-794.31335,-165.34718,572.27454,-813.93213,-144.23677,417.59882,-817.37781,-42.8404,409.10056
350,2.908,-803.13892,-164.56795,571.52191,-825.8479,-142.9787,417.89362,-829.85724,-42.28313,409.22275
351,2.917,-813.0116,-165.49782,572.04358,-837.65936,-144.67368,418.0415,-840.62195,-42.28788,409.17532
352,2.925,-824.47314,-165.7653,572.74158,-851.13483,-145.41887,419.17987,-855.98627,-44.24446,407.84857
353,2.933,-834.52399,-164.92365,572.62634,-863.60126,-144.50998,419.68112,-867.85907,-43.47758,408.52945
354,2.942,-845.62555,-165.50597,572.98749,-877.63959,-145.48351,420.7468,-881.69818,-43.89258,408.2785
355,2.95,-856.62006,-165.32048,573.51788,-892.01556,-145.53482,422.16568,-895.69293,-43.67432,408.98376
356,2.958,-868.87616,-165.67505,575.35809,-905.73236,-145.86722,424.52695,-910.98718,-44.6684,410.75583
357,2.967,-879.21381,-165.00099,576.33173,-919.06323,-145.13083,426.44141,-924.6015,-44.6289,411.95663
358,2.975,-889.92676,-165.03093,576.55328,-932.96082,-145.43336,427.68002,-938.34851,-45.1869,413.48111
359,2.983,-900.95874,-163.50832,578.20514,-946.57782,-143.23027,430.36584,-952.59729,-43.81026,415.7236
360,2.992,-910.78949,-162.85847,578.74945,-959.15839,-142.29346,431.99799,-964.80194,-42.45543,417.73978
361,3,-921.21912,-162.80499,580.16022,-971.41669,-142.24521,434.19501,-980.90253,-40.82096,420.62866
362,3.008,-931.73352,-162.24146,580.99176,-983.9541,-141.15958,435.98495,-994.46967,-38.6728,424.7561
363,3.017,-938.83514,-160.39334,582.31293,-994.59656,-138.96349,438.85529,-1005.93011,-35.63665,427.28848
364,3.025,-950.034,-159.56964,583.50726,-1007.70148,-137.75905,441.03674,-1015.6474,-34.71733,430.24579
365,3.033,-959.61102,-157.9534,584.2951,-1018.29633,-135.3707,442.53552,-1026.401,-32.39149,431.4946
366,3.042,-966.80652,-156.95717,585.23657,-1029.3009,-134.45084,445.27786,-1036.11694,-31.14417,434.08414
367,3.05,-976.76837,-154.87135,587.12091,-1040.65894,-131.37448,448.13385,-1047.62524,-29.39537,437.23715
368,3.058,-985.77838,-153.96765,588.74188,-1051.22021,-130.2843,450.68704,-1057.09668,-27.08167,440.17978
369,3.067,-1000.07544,-152.84644,593.65051,-1061.41528,-128.10866,454.08154,-1066.65942,-25.49928,443.4043
370,3.075,-1010.7785,-152.33568,595.95679,-1072.76221,-128.05873,456.03778,-1074.79456,-24.74242,445.34882
371,3.083,-1018.88623,-151.5079,596.73639,-1083.07837,-125.57961,459.02512,-1085.69312,-22.80092,447.99713
372,3.092,-1027.63879,-149.80196,598.71912,-1093.68103,-123.24567,462.18195,-1096.04895,-20.4127,451.54907
373,3.1,-1035.03748,-149.37851,600.88812,-1102.08887,-122.44825,465.09348,-1105.27625,-19.5627,453.64255
374,3.108,-1042.96484,-148.29379,602.63733,-1111.08948,-120.93649,467.64032,-1114.58459,-18.20988,455.19742
375,3.117,-1051.13806,-147.76065,604.66516,-1120.09094,-120.31137,470.28476,-1123.89026,-16.94151,458.54581
376,3.125,-1059.58167,-147.24515,605.56177,-1129.61206,-118.99162,472.08456,-1131.17725,-16.17924,460.03546
377,3.133,-1065.50586,-146.5873,606.98468,-1137.04919,-117.71497,474.62363,-1139.08459,-15.16424,462.06689
378,3.142,-1073.2135,-146.33681,608.43811,-1145.37195,-117.27834,476.63031,-1146.15198,-14.46951,464.01028
379,3.15,-1079.91406,-145.68234,610.30255,-1152.71179,-116.19141,479.12131,-1152.69788,-14.49531,465.74261
380,3.158,-1086.98975,-146.255,611.62518,-1160.22473,-116.55523,480.91296,-1159.12244,-13.7081,467.03183
381,3.167,-1093.18335,-146.20163,612.65186,-1167.14978,-115.97725,482.65134,-1161.47717,-14.0862,468.74811
382,3.175,-1099.80896,-145.59259,613.76837,-1173.34998,-114.74467,483.85086,-1169.10156,-13.16507,469.57672
383,3.183,-1105.54114,-145.16364,613.84802,-1179.74805,-113.72869,484.62906,-1175.07422,-13.09909,470.86484
384,3.192,-1111.95618,-145.32443,614.42993,-1184.95898,-115.65241,485.16074,-1181.40564,-12.1732,472.64035
385,3.2,-1117.49927,-145.66998,614.42578,-1191.43689,-114.91102,484.78946,-1186.40149,-11.91998,472.78702
386,3.208,-1122.52002,-145.79875,614.30511,-1195.5,-115.18641,485.26163,-1192.43115,-12.91107,472.54694
387,3.217,-1126.2146,-146.38033,613.14233,-1199.24866,-115.60509,485.34296,-1195.77856,-14.58633,472.4248
388,3.225,-1130.21216,-147.47168,612.17267,-1204.12976,-116.73803,483.77637,-1201.21729,-15.19331,471.80978
389,3.233,-1134.44873,-146.82161,611.45331,-1207.25793,-116.72381,483.65451,-1205.1532,-18.16255,471.27667
390,3.242,-1138.81958,-148.70929,609.98492,-1211.92126,-115.69063,482.45786,-1209.73804,-17.82469,469.8468
391,3.25,-1143.19128,-149.47594,607.99567,-1214.77344,-116.51218,480.7886,-1212.97034,-17.95883,467.80026
392,3.258,-1146.44446,-149.80998,606.54413,-1217.11304,-115.87445,478.21484,-1217.73071,-17.78749,466.79153
393,3.267,-1149.7262,-150.52208,603.58636,-1219.33337,-115.37592,477.01331,-1220.797,-18.1359,464.61444
394,3.275,-1153.20593,-150.88092,601.44647,-1224.34558,-115.27731,474.98029,-1228.57129,-18.02813,463.91458
395,3.283,-1156.9585,-150.73213,599.13281,-1228.72485,-114.91033,472.61392,-1231.38391,-17.71538,461.71338
396,3.292,-1156.09167,-151.85951,596.72675,-1233.04773,-115.32327,470.99902,-1235.04932,-17.96866,459.84521
397,3.3,-1160.67932,-151.24832,594.95428,-1236.65332,-115.20398,468.35168,-1239.92737,-17.18706,458.24365
398,3.308,-1165.08862,-150.71628,593.32251,-1241.07983,-116.66036,466.06454,-1243.2323,-17.58805,456.28018
399,3.317,-1172.72656,-149.69,591.82336,-1246.27344,-115.18438,463.97491,-1248.90735,-16.7762,455.72586
400,3.325,-1176.22681,-149.76585,590.87103,-1252.59326,-116.3198,463.18451,-1254.04309,-16.91762,453.81915
401,3.333,-1182.37732,-149.78075,590.07666,-1259.04517,-115.82272,462.30496,-1257.63696,-17.38426,452.31741
402,3.342,-1188.82092,-150.33815,589.47095,-1265.44592,-117.47258,460.42062,-1262.56824,-19.10002,451.85629
403,3.35,-1196.62207,-150.77003,590.17438,-1271.48987,-117.38161,460.86264,-1268.29004,-20.63922,451.8063
404,3.358,-1204.83374,-152.01912,591.41547,-1278.302,-119.05594,460.59375,-1275.13293,-21.73916,452.94034
405,3.367,-1210.33386,-153.01451,591.11273,-1282.30884,-119.88035,460.50073,-1279.15137,-24.76609,452.72531
406,3.375,-1216.64941,-154.13268,590.93054,-1289.78333,-121.01284,458.86194,-1284.71558,-27.02252,452.72498
407,3.383,-1222.76514,-155.48897,590.48199,-1294.21106,-122.79735,458.78552,-1289.44751,-28.55193,452.25967
408,3.392,-1228.55603,-157.11998,590.27704,-1296.18848,-124.15893,458.07492,-1293.57849,-31.15475,449.9137
