Frame#,Time,R.Heel.x,R.Heel.y,R.Heel.z,R.Toe.x,R.Toe.y,R.Toe.z,R.MedFoot.x,R.MedFoot.y,R.MedFoot.z
1,0,-1223.3418,-150.40198,159.48976,-1044.46802,-296.75891,120.10325,-1061.38843,-232.62935,133.50272
2,0.008,-1203.74353,-151.77164,149.8754,-1019.71606,-297.1109,119.4228,-1040.10388,-232.60014,131.33662
3,0.017,-1182.25793,-154.69672,139.63234,-997.20496,-296.07458,119.01253,-1018.4035,-231.92163,128.37447
4,0.025,-1163.88354,-159.3429,130.27277,-973.13159,-294.36746,118.08591,-996.05597,-231.28986,127.06998
5,0.033,-1143.40417,-162.6581,121.84449,-948.34534,-291.32901,116.28838,-973.92548,-229.96779,124.67551
6,0.042,-1123.95081,-167.54352,112.45921,-924.43188,-288.56342,115.77025,-951.92584,-229.05968,123.41026
7,0.05,-1103.39587,-173.1041,105.16238,-899.32367,-284.32489,114.03711,-929.33618,-225.78874,120.33837
8,0.058,-1082.83801,-178.94466,98.96877,-874.65863,-279.23944,111.80407,-907.20282,-222.54828,117.98192
9,0.067,-1064.11096,-183.35274,93.53146,-850.83966,-274.4682,108.27353,-885.80377,-217.59076,114.71013
10,0.075,-1045.27881,-187.74979,90.61504,-827.15009,-267.32791,104.22102,-864.52454,-215.707,112.43119
11,0.083,-1026.50842,-194.04149,87.41345,-804.29364,-260.65378,99.1104,-845.06641,-212.01714,110.06018
12,0.092,-1008.51538,-198.09355,87.46861,-780.5683,-252.70291,94.1984,-827.03882,-206.57211,108.02798
13,0.1,-991.7912,-202.65247,87.52847,-759.16278,-246.74666,89.78758,-809.56616,-202.51546,107.46124
14,0.108,-978.03119,-204.33754,89.39197,-739.11755,-239.56789,86.43945,-795.06543,-198.40588,105.59447
15,0.117,-965.70129,-205.09724,90.47418,-723.28284,-232.5419,81.89456,-782.05933,-195.62955,105.78684
16,0.125,-956.26318,-204.87492,91.54164,-713.20972,-227.45679,78.24203,-772.67529,-193.71497,105.58846
17,0.133,-949.06256,-202.9272,92.21063,-706.10907,-223.16257,73.31894,-765.29712,-191.64861,105.00732
18,0.142,-944.80737,-199.42046,91.54939,-702.63928,-218.81895,69.73748,-760.82556,-188.33269,102.50906
19,0.15,-942.92963,-195.14561,91.42601,-701.72711,-214.74208,64.50813,-759.45325,-184.30583,98.72932
20,0.158,-944.01398,-190.16782,90.37317,-703.42096,-209.98656,58.4329,-759.4873,-180.79553,95.49615
21,0.167,-947.05969,-185.02882,88.97884,-707.24597,-205.49138,52.39327,-762.98364,-176.45322,91.13693
22,0.175,-951.17108,-180.06664,85.40958,-711.76318,-199.24529,46.73883,-767.39404,-171.43826,88.58344
23,0.183,-956.89215,-176.37468,80.34974,-715.57971,-192.50513,47.89776,-772.93628,-162.83261,86.31366
24,0.192,-962.08435,-174.84894,76.90861,-719.96735,-183.84219,50.66258,-779.88776,-154.31276,83.99908
25,0.2,-967.1543,-172.61337,75.29962,-725.16815,-175.18716,52.19215,-786.10767,-146.20805,82.6471
26,0.208,-971.67603,-169.80489,71.24828,-731.46533,-168.21698,53.10332,-790.49426,-141.79405,81.40736
27,0.217,-976.60602,-169.01474,67.47072,-737.78699,-162.25362,52.96501,-796.38184,-138.552,81.00646
28,0.225,-980.66748,-167.28554,63.67281,-743.15588,-158.47646,54.48201,-800.78485,-134.32355,80.90337
29,0.233,-983.71503,-169.45729,60.60874,-747.02429,-155.7287,55.14374,-806.01801,-131.09335,81.06754
30,0.242,-986.08783,-170.71097,55.89176,-748.89459,-153.30331,56.72408,-809.53796,-129.71948,80.78982
31,0.25,-987.3952,-172.76024,52.12022,-750.42859,-150.34268,59.5746,-812.7442,-128.218,80.75699
32,0.258,-988.23621,-175.39816,47.98425,-751.65222,-148.75133,61.38569,-814.51263,-128.54861,80.10056
33,0.267,-989.32343,-177.40758,45.16969,-752.18787,-149.62613,62.82855,-816.34167,-131.12526,80.03062
34,0.275,-989.84039,-177.40834,42.41518,-753.68274,-152.11754,64.17846,-816.0351,-132.54237,80.30128
35,0.283,-989.67548,-176.47029,41.85497,-754.03308,-155.29329,63.86995,-815.09802,-134.00648,81.17846
36,0.292,-988.71655,-175.08435,41.26731,-754.48444,-158.36255,63.17625,-814.52356,-133.40704,80.80694
37,0.3,-988.21667,-174.71323,41.69139,-754.35266,-159.60011,62.57663,-814.09534,-132.32864,80.19849
38,0.308,-987.86066,-174.04106,42.14115,-753.30853,-156.44229,62.46441,-814.35504,-130.53741,78.83287
39,0.317,-987.38483,-173.70094,42.55736,-751.87085,-155.07295,63.22844,-813.74823,-131.24387,78.74053
40,0.325,-987.13135,-173.38867,42.72219,-751.5163,-154.48674,62.69764,-812.51111,-131.76352,79.4272
41,0.333,-986.82953,-173.6895,42.59058,-751.08472,-154.9308,61.61371,-811.97992,-130.83376,78.91346
42,0.342,-986.7395,-174.05365,42.65788,-750.83551,-154.38324,60.55976,-812.58691,-129.98714,78.01625
43,0.35,-987.37109,-175.07413,43.38087,-750.44794,-153.29819,60.16596,-812.40912,-128.61841,76.64922
44,0.358,-987.19135,-174.95752,43.4699,-750.47253,-152.34079,59.90459,-812.20978,-128.53293,75.82337
45,0.367,-986.65503,-174.12074,42.76648,-750.67059,-152.35614,59.66078,-812.13721,-129.39857,75.59267
46,0.375,-986.55652,-174.34743,42.81049,-751.25964,-151.99297,58.86065,-811.81042,-129.25241,74.86154
47,0.383,-986.82874,-174.6855,43.56715,-751.5401,-152.01207,58.31036,-811.35132,-128.87898,75.26751
48,0.392,-986.85187,-174.19714,43.56782,-751.12231,-151.10512,57.52245,-811.435,-128.70801,75.06629
49,0.4,-986.9314,-174.25735,43.3906,-751.01172,-150.64143,56.94868,-811.35583,-128.49838,74.78536
50,0.408,-986.87622,-174.15477,43.54147,-750.76056,-150.51721,56.84394,-811.02234,-128.30966,74.70148
51,0.417,-987.03613,-174.39619,43.52216,-750.98755,-150.67227,56.78991,-810.9624,-128.45494,74.74488
52,0.425,-987.33618,-174.60391,43.53997,-751.17041,-151.00359,56.82775,-810.91589,-128.49869,74.80734
53,0.433,-986.30835,-173.68129,42.64378,-751.26404,-151.45805,57.14,-811.22571,-128.97728,74.40459
54,0.442,-986.68243,-173.81128,42.53408,-751.36829,-151.98979,57.63222,-811.21143,-129.00758,74.52391
55,0.45,-987.15204,-174.25023,43.48601,-751.56366,-152.76573,58.17245,-811.51282,-129.34859,74.53271
56,0.458,-986.95551,-173.34274,42.58678,-751.72198,-153.01115,58.60445,-811.92834,-129.58118,74.85262
57,0.467,-986.48602,-174.18143,42.78861,-751.6355,-153.17722,59.21826,-811.45587,-129.88896,75.06987
58,0.475,-986.3808,-174.04671,42.88771,-751.58545,-153.15234,59.25502,-811.96808,-129.46565,74.85513
59,0.483,-986.90137,-174.65347,43.93779,-751.48047,-153.48521,59.52595,-811.98645,-129.56514,74.93855
60,0.492,-986.90137,-174.65347,43.93779,-751.72168,-153.86252,59.88952,-811.96259,-129.78061,75.34568
61,0.5,-986.52625,-173.68369,43.13781,-751.72168,-153.86252,59.88952,-811.98761,-130.01109,75.2046
62,0.508,-986.64948,-173.11456,43.16452,-751.70483,-153.80722,60.11852,-812.13031,-129.67305,74.88396
63,0.517,-986.8631,-172.09335,42.30055,-751.7168,-154.07335,60.75392,-811.26727,-129.29373,74.79734
64,0.525,-986.91608,-172.30347,43.09998,-751.75989,-154.21103,60.8255,-811.37946,-130.4102,75.27126
65,0.533,-987.03253,-171.9868,43.28763,-751.83777,-154.06784,61.25475,-812.41296,-129.75677,74.50903
66,0.542,-987.03253,-171.9868,43.28763,-751.92609,-154.34277,61.43563,-812.21997,-129.56911,74.4537
67,0.55,-987.06586,-171.53238,43.28846,-751.72656,-154.37267,61.36551,-811.1203,-129.32559,74.14531
68,0.558,-988.32269,-171.03572,44.67981,-751.93994,-153.89226,60.94505,-810.98877,-129.46632,73.757
69,0.567,-988.08429,-170.40967,44.6054,-752.11267,-153.99075,60.67827,-810.56909,-129.44888,73.289
70,0.575,-988.26282,-170.39389,44.95939,-752.19269,-154.00383,60.12275,-810.44495,-129.69887,72.53279
71,0.583,-987.77863,-169.96165,44.45707,-752.22034,-154.17831,59.76786,-810.51227,-128.65715,71.47833
72,0.592,-987.43121,-168.18164,43.42198,-751.47107,-152.76305,58.48228,-809.55438,-128.08452,70.46358
73,0.6,-986.91168,-167.47716,43.86563,-749.90063,-152.65002,57.29043,-809.43835,-127.57623,69.0381
74,0.608,-986.65369,-166.79372,44.01838,-748.51111,-152.44489,55.82087,-808.90356,-126.04214,68.56576
75,0.617,-986.69934,-166.12251,44.47324,-747.36023,-152.8264,53.97573,-808.84839,-125.46699,67.89388
76,0.625,-986.71912,-164.98083,44.72396,-745.9975,-152.06389,52.79839,-808.34149,-124.44257,67.27128
77,0.633,-986.5332,-164.51018,44.94565,-745.14246,-152.33044,52.83134,-807.81683,-124.31659,66.70786
78,0.642,-986.41479,-162.97993,45.07233,-747.36292,-149.19948,49.97165,-807.22388,-123.84158,66.06961
79,0.65,-986.25061,-162.44911,45.18046,-746.1488,-150.06267,49.41934,-806.77814,-122.9014,65.82127
80,0.658,-986.34277,-161.46266,45.0441,-746.70923,-149.51465,48.89106,-806.87091,-123.02624,65.62343
81,0.667,-986.59033,-161.035,45.18867,-745.94891,-149.35443,48.57531,-807.04272,-121.89612,65.46668
82,0.675,-986.76154,-161.35483,45.93619,-746.20142,-148.81369,47.93981,-807.48883,-121.11469,65.10783
83,0.683,-986.76154,-161.35483,45.93619,-746.45996,-147.97357,47.46093,-807.46381,-120.96299,65.03345
84,0.692,-986.76154,-161.35483,45.93619,-746.35681,-148.44731,47.33142,-807.52246,-121.10326,64.99422
85,0.7,-986.78662,-161.23192,46.06922,-745.66968,-148.6599,46.55121,-807.49963,-121.21802,65.0208
86,0.708,-986.78662,-161.23192,46.06922,-745.66968,-148.6599,46.55121,-806.76483,-122.36031,65.11616
87,0.717,-986.68671,-161.15657,46.12912,-745.67053,-148.77527,46.65008,-806.67834,-122.68217,65.13232
88,0.725,-987.21411,-161.44278,47.3951,-746.16553,-148.94997,46.51181,-806.67834,-122.68217,65.13232
89,0.733,-987.21411,-161.44278,47.3951,-746.2381,-149.16309,46.3717,-806.64813,-122.8099,65.19988
90,0.742,-986.09906,-160.31894,47.70383,-746.08838,-149.14262,46.33619,-806.12402,-122.45969,65.82776
91,0.75,-986.74719,-161.18013,48.44701,-746.02185,-149.28163,46.20005,-805.79407,-122.49828,65.95467
92,0.758,-986.28796,-161.40138,49.502,-745.78058,-149.34651,45.92805,-805.78955,-122.49066,65.8863
93,0.767,-985.59955,-160.66344,50.1664,-745.51941,-149.53873,45.92302,-805.62183,-122.28697,65.28349
94,0.775,-984.98114,-160.87271,50.8118,-745.45953,-149.66539,45.78566,-805.57343,-121.48457,64.22512
95,0.783,-984.96979,-160.47627,51.48516,-745.31207,-149.81055,45.65871,-805.25195,-121.33387,64.3476
96,0.792,-983.85089,-160.28679,52.49743,-745.20734,-149.71814,45.60678,-804.88336,-120.97831,64.41448
97,0.8,-983.2179,-158.97437,53.83088,-744.94586,-149.40154,45.46832,-804.3432,-120.41016,65.1115
98,0.808,-982.92151,-157.95383,55.99996,-744.94586,-149.40154,45.46832,-804.16559,-119.62864,64.90704
99,0.817,-982.51282,-158.3344,57.15998,-744.77344,-148.37859,44.99023,-803.3432,-119.39681,65.11304
100,0.825,-981.71893,-156.01595,59.17736,-744.30042,-148.80286,44.93336,-802.99689,-118.98074,65.2267
101,0.833,-981.45184,-155.65311,61.90144,-744.0199,-148.51283,44.70203,-802.18805,-119.14929,65.44331
102,0.842,-979.28241,-155.8192,64.83355,-743.52283,-148.86885,44.75824,-801.64313,-118.78374,66.0896
103,0.85,-979.11469,-155.01846,67.42287,-743.54565,-148.63261,44.77792,-800.2226,-118.97485,66.43346
104,0.858,-978.12775,-154.31937,72.19671,-743.29938,-148.61827,44.80401,-798.95251,-119.03053,67.23212
105,0.867,-976.57605,-154.17868,76.92342,-743.02826,-148.62802,45.13942,-797.44177,-119.80169,68.00388
106,0.875,-974.71417,-152.27391,82.38908,-741.92639,-149.52679,45.49409,-796.10547,-119.63997,69.35413
107,0.883,-972.34125,-151.33621,88.16181,-741.31488,-151.29254,45.2334,-795.03235,-120.76579,69.58703
108,0.892,-969.71216,-148.99411,95.44915,-740.96594,-151.39751,45.36373,-792.28461,-122.22514,71.31915
109,0.9,-965.89282,-147.20311,103.08745,-740.66107,-151.97624,45.5172,-789.98785,-122.65123,73.23585
110,0.908,-961.44629,-145.28073,112.98741,-739.58759,-152.73238,45.79779,-787.32532,-123.4528,74.43027
111,0.917,-954.93921,-142.13657,123.4667,-738.50653,-153.75459,45.79765,-783.05353,-124.43047,76.25089
112,0.925,-948.35211,-139.31993,136.33615,-738.33514,-154.88069,45.6707,-779.12421,-125.58344,77.15565
113,0.933,-939.06073,-137.32039,149.12546,-738.61066,-155.20699,45.00605,-773.96332,-126.21447,78.30361
114,0.942,-929.0354,-134.90738,163.01755,-739.80573,-156.29285,44.55938,-769.87006,-127.11503,79.38496
115,0.95,-917.68921,-135.39951,176.79617,-740.77924,-155.21288,42.66942,-765.72626,-127.38258,80.00775
116,0.958,-906.6145,-135.58772,189.56746,-740.96802,-154.62335,43.27333,-761.24939,-128.41039,83.24521
117,0.967,-896.25696,-134.4166,200.77652,-738.70703,-156.39081,46.84972,-754.69751,-129.3672,89.77059
118,0.975,-886.58783,-132.7523,211.32695,-733.11377,-159.57706,50.79317,-748.18896,-129.51729,95.35298
119,0.983,-875.05975,-128.50766,220.71194,-724.81964,-165.17882,55.66025,-740.54852,-132.88474,101.29202
120,0.992,-862.59271,-123.33224,230.56142,-716.68158,-176.72241,60.86484,-731.50299,-140.39735,106.26267
121,1,-848.80682,-117.06465,237.27751,-709.23755,-192.8073,65.48258,-720.91577,-149.07025,112.35822
122,1.008,-834.44788,-110.89196,242.905,-702.58954,-208.75902,70.99706,-710.53235,-158.05011,117.55081
123,1.017,-819.43207,-106.24944,247.53246,-695.94623,-225.43478,77.83186,-700.01611,-166.53661,123.62041
124,1.025,-804.10986,-102.93359,251.37155,-689.28119,-239.90576,84.13439,-689.29779,-173.5843,128.81293
125,1.033,-789.9967,-101.21213,253.43871,-679.76508,-250.37514,93.39005,-676.52551,-180.48341,133.91458
126,1.042,-776.9765,-100.40826,255.87613,-666.69543,-255.38141,103.53595,-662.48438,-184.41356,138.9411
127,1.05,-763.5033,-102.07189,257.70804,-651.46027,-258.79608,112.42966,-648.07886,-188.15413,143.76428
128,1.058,-750.5816,-104.61989,258.53244,-634.34937,-259.44662,118.78412,-632.9718,-190.68106,148.12172
129,1.067,-738.24756,-107.10178,259.31641,-615.81,-260.89154,123.65372,-615.89331,-193.30531,152.38193
130,1.075,-725.47943,-110.92271,258.97095,-595.07404,-261.29755,127.02676,-599.13214,-194.13284,154.91689
131,1.083,-711.44952,-115.22842,257.63705,-574.15863,-261.63293,128.9987,-581.11481,-194.99814,157.62076
132,1.092,-697.61676,-118.28757,255.87311,-552.69604,-261.53519,131.32466,-561.6861,-198.05656,160.79681
133,1.1,-682.97443,-121.74167,252.77982,-531.90112,-261.98672,133.38982,-543.64081,-198.97592,162.50357
134,1.108,-666.85663,-124.17986,248.5062,-511.10745,-264.15558,135.97366,-524.995,-201.4496,163.33694
135,1.117,-651.20996,-125.34564,243.41162,-490.64948,-266.87198,138.46973,-506.0715,-204.20198,163.62602
136,1.125,-633.51239,-128.14856,238.28741,-471.59521,-269.66812,140.21605,-486.23325,-206.53725,164.14761
137,1.133,-617.5639,-127.73439,231.75682,-452.21887,-273.46243,141.80069,-466.50644,-211.21796,163.56941
138,1.142,-598.03961,-130.71989,224.12871,-431.34656,-276.60846,141.89645,-445.95114,-212.86368,162.42284
139,1.15,-579.38928,-133.38017,216.50764,-410.37427,-280.49789,142.81178,-425.59692,-216.06796,161.22516
140,1.158,-560.95563,-135.06998,207.91328,-388.74951,-283.63202,142.72867,-404.59708,-218.41272,159.27739
141,1.167,-543.39258,-139.21352,199.72725,-366.11032,-286.92175,141.58618,-382.08472,-218.98491,157.56514
142,1.175,-523.40186,-141.54037,190.53659,-343.34476,-289.0665,140.67191,-362.04611,-221.63983,156.01372
143,1.183,-502.31775,-143.64627,180.7352,-319.88895,-290.51297,138.40965,-340.07635,-223.54207,152.79306
144,1.192,-484.23666,-147.03477,170.4369,-296.52979,-291.09711,137.46916,-318.36612,-225.03346,150.25894
145,1.2,-463.47964,-151.13036,159.85269,-272.36322,-290.07086,134.38759,-295.92639,-224.82529,146.59807
146,1.208,-443.66602,-154.44321,150.09108,-247.72108,-288.51526,131.63329,-273.27969,-224.4599,143.65837
147,1.217,-422.27139,-157.95528,139.61354,-223.28038,-286.34473,128.8231,-251.0211,-223.92218,140.62186
148,1.225,-401.88443,-162.05658,130.1651,-197.28214,-283.96887,125.20646,-228.74155,-223.00665,137.23758
149,1.233,-381.15439,-166.97838,121.26604,-171.93217,-281.32629,121.97921,-205.76118,-221.78206,133.36449
150,1.242,-358.74405,-172.65594,113.34538,-146.09244,-278.444,116.63718,-182.60645,-220.15523,129.53285
151,1.25,-337.0097,-176.69095,106.52802,-119.56707,-274.4173,111.67825,-160.03622,-218.55962,124.80762
152,1.258,-315.36395,-183.5432,101.0582,-93.51248,-269.28131,104.98363,-136.81958,-216.3692,120.07024
153,1.267,-294.44724,-188.96451,97.07327,-67.80925,-263.76346,97.55298,-113.30003,-211.56114,115.07668
154,1.275,-273.75641,-195.70798,94.48906,-40.31125,-254.83966,88.30817,-91.00786,-207.3315,109.97375
155,1.283,-253.27229,-201.00146,92.10625,-13.41575,-245.74913,83.28032,-70.00134,-202.43536,107.5484
156,1.292,-235.14568,-205.57941,92.22472,9.61882,-237.05087,78.87108,-51.05242,-199.08774,106.5012
157,1.3,-217.78642,-209.29091,93.35165,28.52267,-229.8676,76.44714,-33.95594,-196.35933,105.43387
158,1.308,-202.02182,-210.63377,95.12616,42.71111,-223.69612,75.0673,-19.38734,-195.15019,106.12682
159,1.317,-191.38667,-211.16841,96.08855,54.53601,-221.14708,74.87315,-7.27192,-196.1852,107.71772
160,1.325,-182.98517,-208.517,96.23886,63.16999,-222.2175,74.61873,1.71765,-198.26656,109.62355
161,1.333,-177.50842,-204.15945,94.68098,68.10445,-225.48772,73.4194,7.83778,-200.63583,109.19146
162,1.342,-175.28606,-197.15871,92.82623,69.15691,-229.73849,71.19646,9.78333,-201.19624,105.66667
163,1.35,-175.39703,-190.43637,91.83166,65.70737,-232.29933,66.73219,8.98401,-200.92166,101.37631
164,1.358,-178.36746,-183.78899,89.59593,59.64374,-235.1656,60.81761,6.28388,-200.49782,95.7236
165,1.367,-182.87654,-177.05058,85.65497,51.07287,-235.42157,53.94268,2.19828,-197.06686,89.51967
166,1.375,-188.77011,-173.56027,79.34307,42.29253,-229.69783,47.88347,-3.53667,-191.03079,86.63763
167,1.383,-194.70087,-170.21892,72.87296,38.76771,-219.46986,49.81343,-9.62146,-179.89319,85.74544
168,1.392,-199.26187,-168.24849,69.16202,35.95952,-207.17415,54.64103,-16.37045,-167.39032,82.92478
169,1.4,-203.12047,-164.98856,65.92922,33.79805,-193.38091,59.2686,-22.52439,-157.09505,80.07019
170,1.408,-207.33533,-162.05693,60.69842,30.522,-181.41426,60.96815,-26.27295,-152.69138,79.46533
171,1.417,-209.53996,-160.15736,55.3777,26.15439,-174.96419,61.25086,-29.59016,-149.27003,79.30404
172,1.425,-212.29901,-161.01218,50.65686,22.02182,-173.93088,62.72281,-33.21989,-146.23718,78.65196
173,1.433,-213.69135,-161.22067,46.17319,19.85166,-174.08521,64.50951,-35.51491,-144.02069,77.88245
174,1.442,-214.11368,-162.81343,43.23486,17.78539,-174.61281,65.7375,-36.58493,-143.8842,77.63147
175,1.45,-214.50758,-163.8176,41.28473,17.18734,-174.34518,65.98486,-36.51181,-144.73083,76.8892
176,1.458,-214.34598,-164.10266,39.55479,17.44507,-174.86423,65.10858,-36.00823,-145.54137,76.50097
177,1.467,-213.80173,-163.06932,40.25675,16.96565,-177.20049,64.32098,-34.91076,-144.87834,75.11956
178,1.475,-213.26033,-163.79576,41.91373,18.81929,-177.39053,63.41252,-34.00838,-143.54504,74.52094
179,1.483,-212.51395,-164.26157,41.82373,19.78928,-177.72775,63.43124,-34.04187,-142.95496,74.12806
180,1.492,-212.34187,-164.32556,41.95011,22.95968,-175.37877,63.64809,-33.91548,-143.19815,73.80172
181,1.5,-212.0256,-164.06627,42.54061,23.79374,-175.78311,63.03853,-33.36374,-143.84933,73.95466
182,1.508,-211.50139,-163.78764,42.54833,22.89764,-178.30136,62.10569,-32.25254,-143.82234,73.63844
183,1.517,-211.50479,-163.72716,42.65777,22.63018,-178.38936,61.52715,-32.24915,-143.27043,73.03644
184,1.525,-211.50166,-163.82542,42.71715,23.84659,-176.07417,60.99701,-32.03187,-143.17296,72.24601
185,1.533,-211.43588,-163.8429,42.81277,23.6244,-175.16428,60.56438,-31.66746,-142.68747,71.39715
186,1.542,-210.8174,-163.22891,42.70143,23.58804,-175.08694,60.26028,-31.43374,-142.51694,70.78967
187,1.55,-210.71657,-163.53078,42.90309,23.89722,-174.98402,59.8789,-30.07117,-140.81114,69.47098
188,1.558,-210.58261,-162.90942,42.88435,24.57125,-174.7829,58.8707,-30.73925,-141.81372,69.2738
189,1.567,-210.31854,-162.26047,43.01125,25.08415,-174.47827,57.6003,-30.16706,-141.40715,68.62098
190,1.575,-210.26898,-162.24088,43.01992,25.83329,-174.31168,56.34807,-29.41477,-141.08104,68.18564
191,1.583,-210.1636,-161.44954,43.02934,26.44557,-174.62784,55.14433,-28.63977,-140.80122,67.0678
192,1.592,-209.45494,-161.14647,43.27275,27.84089,-174.68176,53.3675,-27.46954,-140.1171,66.25374
193,1.6,-209.37158,-161.34344,43.94539,28.7825,-174.8582,51.75458,-27.33911,-139.64056,66.08639
194,1.608,-209.41492,-160.68661,44.29623,29.68022,-175.12816,50.98991,-26.97698,-138.95732,65.39322
195,1.617,-209.43756,-160.52464,44.90174,29.83646,-174.94197,50.26366,-26.79525,-139.1662,65.44617
196,1.625,-208.75014,-158.91765,44.4485,30.27165,-173.92761,49.38314,-26.37847,-139.32721,65.41122
197,1.633,-208.53265,-158.58388,44.72752,30.22713,-173.81786,48.73904,-26.44535,-140.16084,65.14916
198,1.642,-207.74109,-157.85767,45.03325,30.26485,-173.50131,48.63777,-26.10279,-140.23421,65.19456
199,1.65,-208.10747,-158.18375,45.27511,30.08679,-173.23892,48.38636,-25.99544,-139.80565,65.1428
200,1.658,-207.9411,-158.20233,44.88344,30.21501,-173.4472,48.22574,-25.63886,-140.48691,65.34356
201,1.667,-207.63623,-157.27815,45.14234,30.31808,-173.82761,48.36044,-25.60962,-140.75528,65.36843
202,1.675,-207.80067,-156.99251,45.1869,30.34807,-173.92188,48.42927,-25.59249,-140.89749,65.31718
203,1.683,-207.31871,-156.31577,45.16361,30.47987,-174.10579,48.3568,-25.49482,-140.44324,65.40796
204,1.692,-207.16948,-156.04457,45.276,30.5051,-174.27264,48.41475,-25.56817,-140.57965,65.59869
205,1.7,-207.24045,-155.65222,45.46703,29.58928,-175.91891,48.98779,-25.56817,-140.57965,65.59869
206,1.708,-207.34949,-155.42052,45.255,30.31374,-174.57121,48.57191,-25.56817,-140.57965,65.59869
207,1.717,-207.49762,-156.78694,45.91037,30.31374,-174.57121,48.57191,-25.20513,-141.15578,66.13265
208,1.725,-206.85286,-155.2836,45.93632,30.1436,-174.9807,48.66744,-25.38752,-140.73676,65.84444
209,1.733,-206.85286,-155.2836,45.93632,30.17235,-175.65735,49.26728,-25.92528,-140.81479,65.27095
210,1.742,-206.7276,-155.29395,45.94882,29.70849,-177.14394,49.11079,-25.61574,-141.96426,65.98913
211,1.75,-206.7128,-155.10634,46.028,30.35513,-176.40932,49.60683,-25.4939,-140.89264,65.43136
212,1.758,-206.6703,-154.87495,46.18568,30.53129,-177.14935,49.72607,-25.32416,-142.72231,66.28358
213,1.767,-206.88365,-154.62532,46.23453,30.576,-177.89757,49.97902,-25.51381,-142.29639,65.98859
214,1.775,-206.61482,-154.35248,46.63461,30.54631,-178.73088,50.42305,-25.12074,-143.13609,66.4857
215,1.783,-206.54704,-153.98651,46.80296,30.47658,-179.25145,50.81982,-24.88952,-143.15472,66.67598
216,1.792,-206.79678,-153.60378,46.77116,30.51999,-179.86604,50.93666,-25.28519,-143.6653,66.30101
217,1.8,-206.8345,-153.35471,46.74377,29.77402,-182.29289,51.86787,-24.98865,-145.34009,66.90781
218,1.808,-206.80908,-153.27043,46.80131,30.81321,-180.93883,51.52084,-25.59173,-142.47359,66.98222
219,1.817,-206.69144,-153.05789,46.94624,30.03552,-182.03865,51.82825,-24.43632,-145.06021,67.44527
220,1.825,-206.78326,-153.08902,46.981,29.72155,-182.51471,52.26027,-24.82915,-144.58748,66.49677
221,1.833,-206.56364,-152.74103,47.07902,28.93127,-183.42993,52.96126,-25.08576,-145.10945,67.20818
222,1.842,-206.66205,-152.38167,47.02618,28.30731,-183.67511,53.34944,-25.06563,-144.90237,67.20321
223,1.85,-206.60313,-152.11931,46.94783,28.14061,-183.89812,53.55201,-24.9459,-145.93697,67.28521
224,1.858,-206.5471,-151.59261,47.08808,28.17033,-184.20857,53.58313,-24.96765,-146.42737,67.31859
225,1.867,-206.51361,-151.34695,47.12941,28.02153,-184.8027,53.67931,-24.68199,-146.8064,66.95987
226,1.875,-206.46136,-150.99368,46.68655,27.86788,-185.38257,53.67349,-24.86309,-147.07024,66.94371
227,1.883,-206.38924,-151.00403,46.7368,27.40874,-186.36467,53.70495,-24.74553,-146.98174,66.95412
228,1.892,-206.47697,-150.84682,46.73394,27.3401,-186.51257,53.70254,-24.74553,-146.98174,66.95412
229,1.9,-206.45116,-150.57446,46.63964,27.33028,-186.68835,53.81858,-24.7042,-147.04794,66.83421
230,1.908,-206.43356,-150.01279,46.74313,27.292,-187.17305,53.52442,-24.41845,-147.48619,66.71341
231,1.917,-206.04257,-148.99443,47.14122,27.57465,-187.28981,53.22433,-24.27183,-147.52196,66.5263
232,1.925,-205.88356,-148.09019,47.475,28.00569,-188.17561,52.94112,-24.01361,-147.74136,66.42404
233,1.933,-205.44855,-147.16473,48.03792,28.42851,-188.69781,52.12499,-23.07193,-147.65901,66.30759
234,1.942,-205.05026,-146.65125,48.40901,29.70627,-189.15192,50.51778,-22.33673,-147.91963,66.1968
235,1.95,-204.7803,-145.95552,49.48811,31.40399,-188.38786,49.177,-21.57091,-147.59248,65.8876
236,1.958,-203.75922,-144.4695,49.93321,31.95951,-188.70735,48.37603,-20.90671,-147.44771,65.4166
237,1.967,-202.75714,-142.39595,50.66121,32.59576,-188.26312,47.98233,-19.84844,-144.96603,64.36459
238,1.975,-202.06937,-139.9855,51.4348,32.59947,-188.11874,47.89552,-20.10202,-145.76283,64.25082
239,1.983,-201.49583,-138.27316,52.39635,31.9922,-189.68552,48.54991,-19.61758,-145.25433,64.35625
240,1.992,-200.62625,-135.79437,53.19651,32.27738,-189.50922,48.68104,-18.64901,-144.69821,64.24095
241,2,-199.65862,-134.11624,54.872,32.51857,-189.25711,48.60117,-17.4947,-143.78656,64.0759
242,2.008,-198.17876,-132.33485,56.02961,32.65433,-190.0625,48.76219,-16.78649,-143.72412,64.36463
243,2.017,-197.55376,-131.23831,57.91079,32.81119,-189.89639,48.89403,-16.3081,-143.11823,64.45113
244,2.025,-196.56227,-130.08072,60.37915,32.68252,-190.77151,48.43385,-15.66869,-142.72693,65.16141
245,2.033,-195.8459,-130.34087,63.94913,33.13451,-190.35611,48.61831,-15.14728,-142.58015,65.4614
246,2.042,-193.97028,-129.12222,67.6961,33.83241,-191.03746,49.4671,-13.75011,-143.01469,65.86179
247,2.05,-192.98488,-129.67255,72.12127,34.21334,-190.37144,49.51803,-12.31994,-143.57878,67.27297
248,2.058,-190.41621,-127.74084,76.45924,34.49951,-190.29893,48.69502,-11.0974,-146.82205,68.32548
249,2.067,-188.92009,-127.00893,83.61819,35.02104,-190.51701,48.66047,-8.82981,-146.55748,69.7534
250,2.075,-185.19646,-126.83678,90.76175,35.41981,-190.86473,48.66374,-6.85597,-147.08929,71.43575
251,2.083,-181.95686,-125.22932,99.31009,35.49096,-190.81485,48.23446,-5.48622,-147.61118,72.83118
252,2.092,-177.22913,-124.80119,109.47947,35.93471,-190.52832,48.302,-2.61799,-148.37468,74.2749
253,2.1,-172.04596,-125.28685,120.27261,36.28227,-190.47145,48.19689,0.76262,-148.48196,75.6629
254,2.108,-166.27452,-124.97371,131.91284,37.13536,-190.11253,48.16723,4.23526,-149.42708,78.19247
255,2.117,-159.5836,-126.11567,143.87039,37.90208,-189.89047,48.24171,7.92718,-149.69914,81.23667
256,2.125,-153.09402,-127.13934,155.5898,39.22852,-191.02562,49.70741,11.62947,-150.3916,85.88956
257,2.133,-145.51228,-127.22501,167.08005,43.51354,-191.88277,52.67184,16.81422,-151.00185,91.3193
258,2.142,-137.45389,-126.5154,178.09483,48.64797,-193.96645,56.61521,22.52703,-150.65111,96.85299
259,2.15,-129.03835,-125.56602,187.78162,54.32531,-196.78137,61.52739,29.3959,-153.34019,103.04662
260,2.158,-118.7955,-123.64563,196.33954,65.34324,-203.35793,69.61441,36.83792,-155.23,109.26521
261,2.167,-108.4878,-121.40514,204.28503,69.49012,-210.5083,75.08218,46.14477,-160.13298,115.90788
262,2.175,-97.88879,-119.99314,211.37743,76.06687,-218.94388,83.89288,54.96576,-164.61978,122.26637
263,2.183,-86.51908,-119.06633,216.38063,85.30524,-227.13477,90.45779,65.71983,-168.42419,128.41989
264,2.192,-74.81446,-119.69029,221.11766,95.53743,-233.43619,97.50345,76.68088,-172.06642,133.45558
265,2.2,-62.53479,-119.88226,224.29012,108.86459,-237.69611,104.70205,89.24095,-174.36298,137.95786
266,2.208,-49.09987,-120.1807,226.20654,122.0151,-241.17337,111.28551,101.8698,-177.38332,141.92451
267,2.217,-36.76012,-121.84028,227.75768,136.34799,-243.21724,116.75433,116.55173,-179.48712,145.98907
268,2.225,-23.46971,-123.35927,227.53563,151.00198,-244.44241,122.41978,131.29059,-181.94063,149.45461
269,2.233,-9.3548,-125.22362,226.28995,167.85802,-244.70499,125.6837,147.30849,-183.30702,150.91266
270,2.242,5.73024,-127.8466,224.14905,185.73462,-245.93138,128.74347,164.43431,-184.27095,152.80472
271,2.25,20.97618,-130.14487,220.41774,203.43581,-246.11102,130.49245,182.15189,-185.59566,153.38994
272,2.258,36.48653,-132.54475,216.03375,222.60912,-246.15855,131.61946,200.50253,-187.09019,153.36606
273,2.267,53.24674,-135.12137,210.26163,243.47368,-246.2326,131.98994,217.93161,-187.82481,153.36273
274,2.275,70.45973,-137.23305,203.71423,264.44711,-247.00148,132.39954,238.24435,-188.00647,152.02792
275,2.283,88.15011,-139.37152,195.42821,285.79388,-247.14676,132.24561,258.04648,-188.89546,150.78378
276,2.292,106.50263,-142.77113,187.85677,308.38193,-247.60147,131.45169,279.01385,-189.03059,148.58392
277,2.3,125.76254,-145.02788,177.56392,330.8526,-247.66106,130.56186,300.8367,-189.10535,146.58061
278,2.308,145.8262,-148.77997,168.57393,353.88208,-246.66737,128.65291,321.09641,-189.16728,143.24924
279,2.317,167.46806,-151.00381,157.11116,377.31479,-245.66013,127.65176,344.87192,-189.29144,140.36295
280,2.325,187.86023,-154.22319,146.59673,401.66464,-244.5174,125.60373,367.74023,-188.38266,137.50629
281,2.333,212.07349,-156.77469,136.08365,426.45105,-243.026,124.25726,390.23361,-187.95601,134.27025
282,2.342,233.78119,-159.62869,124.54839,451.55591,-240.91698,123.86703,413.70746,-188.032,132.90227
283,2.35,257.19382,-162.79675,114.00051,477.25903,-237.62575,123.15519,436.77155,-188.5759,130.16524
284,2.358,281.32935,-167.00876,104.78983,500.66638,-236.95651,122.59034,459.45093,-187.21547,126.1795
285,2.367,305.67392,-169.39639,96.18558,525.73743,-233.47362,120.84783,484.07318,-186.21167,124.12849
286,2.375,330.3053,-172.12932,90.34541,550.96198,-232.13377,118.78201,508.34521,-184.48935,121.19915
287,2.383,353.74374,-176.58934,85.36994,575.50513,-229.20689,114.65815,533.25891,-183.16989,117.26115
288,2.392,378.2012,-180.17021,82.89595,601.45648,-224.99309,109.45612,557.91992,-180.10904,113.72195
289,2.4,401.86581,-182.73911,82.63382,628.46851,-219.80214,104.27619,582.64185,-175.96188,110.15211
290,2.408,424.98608,-186.67001,83.34604,656.20892,-214.43684,100.48245,606.2793,-173.10736,109.51926
291,2.417,446.2001,-187.88387,87.16946,682.68304,-208.89641,97.7977,628.16882,-169.46172,109.20066
292,2.425,466.48383,-188.01248,91.28397,708.79919,-201.45889,94.30884,649.22955,-166.02087,109.92185
293,2.433,484.07581,-185.86298,95.13008,730.38489,-197.63992,92.33604,666.8808,-164.58383,112.93659
294,2.442,499.29919,-181.1828,98.85028,746.4549,-194.86719,91.63354,681.91089,-164.02881,115.83265
295,2.45,510.06595,-176.27756,101.53751,756.73987,-195.21321,91.59943,694.55225,-164.40805,118.5288
296,2.458,518.88776,-169.72238,103.13631,763.96075,-194.66586,91.20279,703.29211,-165.10207,119.04976
297,2.467,524.65375,-164.92693,104.13622,768.03339,-195.61809,89.76525,709.06488,-165.64294,117.76678
298,2.475,528.34967,-159.7993,105.24316,768.01489,-197.46539,86.02232,712.72467,-164.51064,114.25037
299,2.483,530.01495,-156.70163,106.03439,768.22192,-195.92352,80.69093,714.95258,-161.26656,110.13311
300,2.492,530.96063,-151.92126,106.51495,766.78851,-193.60088,74.66326,715.34656,-158.49667,105.72614
301,2.5,530.31311,-149.15364,105.26704,765.2005,-189.85103,66.10448,714.45667,-152.90739,102.17419
302,2.508,529.11713,-144.34488,104.03484,764.39453,-184.2594,59.66709,712.44904,-149.13899,99.34988
303,2.517,527.00275,-140.88786,102.03483,765.92767,-176.66667,56.35227,710.3866,-144.66451,97.07378
304,2.525,523.38696,-138.30521,99.61213,764.11224,-170.78342,55.47451,708.11346,-138.74617,95.73881
305,2.533,520.76459,-134.12183,96.82904,760.93701,-164.56363,56.00798,704.66089,-132.49139,94.85783
306,2.542,516.99316,-131.65932,93.74039,756.17316,-159.12694,57.36876,700.35602,-127.04013,94.3135
307,2.55,513.08643,-129.59389,90.3298,752.802,-150.30858,59.89169,695.89404,-120.55685,93.93378
308,2.558,508.72595,-126.78497,85.94805,749.74579,-142.52284,61.57788,691.48975,-112.71073,93.49165
309,2.567,503.75098,-125.08236,82.68993,745.88855,-136.07613,62.61317,685.68878,-107.84483,93.44031
310,2.575,498.35001,-123.25148,79.47743,740.85107,-130.59813,63.10882,679.89355,-103.3257,93.00329
311,2.583,492.23044,-120.63144,75.86687,734.83911,-124.6452,62.52814,673.02832,-98.34071,92.33421
312,2.592,485.35068,-121.60526,72.063,728.31335,-119.24331,63.05918,665.74719,-93.06361,90.43205
313,2.6,479.18469,-120.93796,67.41586,721.52289,-113.04562,64.65497,657.73413,-87.45427,89.27433
314,2.608,473.09717,-121.3919,62.62971,714.56287,-106.92067,66.14255,649.59955,-82.45819,86.87418
315,2.617,468.44742,-121.23843,57.96925,708.00842,-101.90443,67.82978,642.76099,-78.41164,84.99172
316,2.625,465.3237,-120.60501,53.22234,703.03955,-97.90419,69.30223,637.45575,-75.37084,83.59878
317,2.633,463.87271,-120.53065,47.55192,698.31158,-95.67709,72.21775,634.92291,-73.63068,82.58523
318,2.642,463.75912,-119.33262,43.9416,695.50006,-94.51902,73.41331,634.46985,-73.3612,81.77591
319,2.65,464.10681,-118.83066,42.21096,694.17133,-95.68452,72.50034,636.41998,-72.97639,79.6017
320,2.658,463.95023,-117.71999,42.2868,693.37695,-99.85895,69.75061,640.09045,-70.97517,78.62464
321,2.667,464.86517,-116.35311,43.36001,695.35815,-98.53185,66.4736,640.8089,-68.96984,76.14771
322,2.675,465.92999,-116.88282,44.00616,697.67487,-95.61578,65.1545,639.62335,-67.07809,75.15756
323,2.683,466.28729,-115.36386,43.99937,701.96393,-89.45069,65.68909,639.17395,-64.48607,73.72499
324,2.692,466.3909,-117.05245,44.35162,703.59937,-88.11556,64.95199,639.58752,-64.79436,73.44942
325,2.7,466.40173,-116.2211,44.51693,703.80042,-89.32845,63.26731,640.79254,-65.76102,73.58743
326,2.708,466.48331,-116.92421,44.1901,703.50226,-90.02154,62.25255,640.48047,-65.30767,73.04885
327,2.717,466.67654,-117.69386,44.07526,703.45697,-89.01076,62.39635,639.79272,-64.34584,72.73632
328,2.725,466.70618,-117.97897,44.08811,703.66992,-87.79398,62.64259,639.77118,-64.43269,72.79359
329,2.733,467.26086,-117.8154,43.80141,703.36615,-88.29549,62.60847,640.5661,-65.34751,73.15681
330,2.742,466.96912,-118.47444,43.91082,703.28418,-88.79345,61.99282,640.7879,-65.76392,73.40916
331,2.75,466.88516,-117.60559,44.11324,703.82446,-88.47188,61.17399,640.82574,-65.58808,73.3969
332,2.758,466.92484,-117.89005,43.70572,704.92621,-87.98949,60.77744,640.84943,-65.7428,73.45058
333,2.767,467.30701,-117.38838,43.39457,705.26843,-87.03033,60.48254,640.9566,-65.4415,73.39085
334,2.775,466.49704,-118.07755,44.29879,705.17401,-87.63457,60.25397,640.91785,-65.81522,73.39745
335,2.783,466.62906,-117.96548,44.27176,705.00903,-86.93051,59.87201,640.6275,-64.83159,73.15496
336,2.792,466.47458,-117.90631,44.22316,704.74298,-86.23309,59.48501,640.07123,-64.13891,72.99463
337,2.8,466.23236,-118.13373,44.35091,704.76489,-86.03252,59.53247,639.91962,-63.91035,73.15122
338,2.808,466.41589,-117.79939,44.27305,704.77277,-85.86485,59.51148,639.98535,-63.98784,73.20718
339,2.817,466.31827,-118.27523,44.43101,704.79742,-85.68874,59.46752,639.91962,-63.91035,73.15122
340,2.825,466.38641,-118.44798,44.62093,704.58423,-85.12254,59.83117,639.96387,-63.82932,73.2014
341,2.833,466.15131,-118.38627,44.56629,704.37054,-84.86062,59.74193,639.89612,-63.82769,73.52545
342,2.842,465.93002,-118.29026,44.56014,704.55457,-84.75309,59.86609,639.91205,-63.80104,73.70246
343,2.85,466.01401,-118.15974,44.4628,704.38733,-85.50372,60.17294,640.08398,-63.98555,74.14518
344,2.858,465.95792,-117.9611,44.32284,704.23389,-85.70926,60.15969,640.08496,-64.22807,74.27668
345,2.867,466.12762,-118.08624,44.40554,703.94421,-85.91748,60.53862,640.38892,-64.36876,74.86405
346,2.875,466.03354,-118.18662,44.37721,704.12488,-86.079,60.93443,640.44318,-64.93815,75.41013
347,2.883,465.9379,-118.13226,44.43253,704.51746,-85.83257,61.49466,639.69269,-64.63452,74.92013
348,2.892,466.03354,-118.18662,44.37721,704.16797,-86.64849,60.92075,639.45819,-65.17118,75.14445
349,2.9,465.97897,-118.34689,44.41523,704.27307,-86.60083,61.47307,639.75677,-65.38798,75.23936
350,2.908,465.90915,-117.99428,44.36412,704.11224,-86.97112,61.68929,639.83795,-65.61545,75.47746
351,2.917,465.79944,-117.8564,44.49396,703.49841,-87.91718,62.31219,639.47461,-66.26698,75.35766
352,2.925,465.60776,-117.22388,44.59631,703.06561,-88.65273,62.63708,639.60748,-66.33972,75.68684
353,2.933,465.54819,-116.999,44.54013,703.13257,-89.13062,63.01077,638.99103,-66.42663,75.68922
354,2.942,465.43253,-117.23099,44.60849,703.13208,-88.93641,62.73092,639.26978,-66.7625,75.88538
355,2.95,465.43253,-117.23099,44.60849,703.40472,-89.99501,63.63508,639.64624,-67.97673,76.45235
356,2.958,465.38708,-117.10119,44.65738,703.19012,-89.76678,63.85962,639.64624,-67.97673,76.45235
357,2.967,465.3811,-117.02304,44.721,703.37939,-89.95282,63.95397,639.78729,-68.10499,76.52029
358,2.975,465.44894,-116.35279,44.85556,703.18665,-89.40443,63.62938,640.07843,-68.33418,76.08631
359,2.983,465.59918,-116.04847,45.04446,702.97247,-90.38516,63.83515,640.27551,-68.90482,76.00159
360,2.992,465.64835,-115.81042,45.10666,703.26935,-90.87262,63.31097,640.39728,-68.78184,75.50276
361,3,465.63428,-115.63575,45.1372,703.7135,-91.24252,62.78566,640.78021,-68.33987,75.17149
362,3.008,465.70309,-115.38055,45.25023,703.8974,-91.89749,62.25496,641.41791,-69.05767,74.46391
363,3.017,466.01639,-114.35345,45.6118,704.14716,-92.18988,61.90921,642.10638,-68.9873,74.13821
364,3.025,466.3244,-113.6962,45.80581,704.33282,-91.98686,61.37353,642.27582,-68.5574,73.77207
365,3.033,466.30057,-113.44255,45.94626,705.0332,-92.48129,60.76201,642.59235,-68.00541,73.53058
366,3.042,466.25479,-112.73763,46.26999,704.84943,-92.31016,60.23934,643.11603,-67.85195,72.71535
367,3.05,466.39517,-111.66856,46.47738,704.82404,-92.57929,60.06673,643.3999,-67.58059,72.38338
368,3.058,466.45676,-111.40915,46.97732,705.29956,-93.07273,59.71664,643.65277,-67.93948,72.04701
369,3.067,466.34473,-109.96517,47.1883,705.58118,-93.44474,59.20549,643.85724,-67.95903,71.98006
370,3.075,466.51099,-109.66946,47.21034,705.83612,-93.46574,58.43079,644.39142,-67.97723,71.36887
371,3.083,466.56125,-108.49235,47.81692,706.61108,-94.29653,57.44629,644.94934,-68.32971,70.98256
372,3.092,466.80283,-107.35175,48.15734,706.61078,-94.63305,56.5067,645.62354,-68.42791,70.42371
373,3.1,467.01492,-105.77363,49.12531,707.48828,-95.27467,55.44954,646.48718,-68.44601,70.85124
374,3.108,466.89923,-103.95735,49.87086,707.80707,-95.58305,54.54419,647.02673,-68.04946,69.91467
375,3.117,467.8056,-101.27881,50.67521,708.5957,-96.18042,53.53338,648.48865,-68.09472,69.11588
376,3.125,468.88916,-100.13168,51.7685,709.37286,-97.13414,51.09906,649.49768,-67.80815,69.16431
377,3.133,469.17981,-97.41185,53.64273,710.33899,-97.63019,50.58564,650.80981,-67.38278,69.17918
378,3.142,470.89389,-94.50282,54.5192,711.39569,-96.9305,49.1573,651.7019,-67.13982,68.88267
379,3.15,471.70328,-92.18602,57.09245,712.45355,-96.95598,48.37254,653.0506,-67.03471,69.03471
380,3.158,472.32318,-90.82857,59.68624,713.05872,-97.48903,47.25642,654.38232,-66.66919,68.47581
381,3.167,473.96887,-89.77625,62.04818,713.29175,-97.41327,47.00412,655.40173,-66.42371,69.01735
382,3.175,475.11356,-88.54022,66.37772,714.59979,-96.39357,46.93541,656.53027,-66.30402,69.33512
383,3.183,476.12369,-85.49953,69.41369,714.57043,-97.44651,46.87442,657.58307,-66.46521,69.85158
384,3.192,477.60083,-84.70184,75.52969,714.97791,-97.7169,46.8959,659.67194,-67.36045,71.18671
385,3.2,480.98438,-84.21101,81.98659,715.93134,-98.59328,46.67595,662.69196,-68.48016,72.4129
386,3.208,484.02985,-82.30192,89.6066,716.25842,-100.04595,46.26822,664.47168,-69.4127,73.76573
387,3.217,488.29034,-80.49996,99.15532,717.55621,-100.69453,45.82763,668.16254,-70.51099,75.98752
388,3.225,493.50928,-78.20042,111.0206,718.75995,-101.76023,45.5603,671.54083,-71.881,77.25193
389,3.233,500.69601,-75.52039,124.18921,719.87476,-102.66247,45.60523,675.85114,-73.11505,79.01412
390,3.242,509.77606,-74.41164,137.61342,720.41022,-103.3899,45.03748,679.97101,-74.81361,80.74885
391,3.25,519.77838,-74.62086,153.5399,720.56555,-104.88284,44.72931,685.58319,-76.77538,81.92202
392,3.258,530.58386,-76.07859,168.49127,720.16486,-104.63877,43.97982,689.5976,-76.6734,83.0103
393,3.267,541.91168,-78.9259,182.3477,718.99585,-104.96407,43.07334,693.86243,-79.28444,84.19106
394,3.275,553.24139,-79.82994,194.95714,719.61194,-106.32746,44.08837,699.00128,-80.66235,89.39535
395,3.283,563.72321,-80.37321,206.71164,724.13904,-109.95839,47.10784,705.71509,-81.52402,94.71516
396,3.292,575.00909,-79.98903,217.41429,730.45435,-118.2169,51.62753,712.73474,-87.32854,99.81055
397,3.3,588.19519,-77.69136,227.70621,736.48041,-130.96162,56.26513,721.52612,-97.45472,104.86385
398,3.308,602.42493,-75.87358,235.62,742.22931,-147.43654,61.05674,730.32428,-108.86907,109.24894
399,3.317,616.57733,-74.23451,242.86125,747.8194,-166.80811,65.73347,739.4881,-119.82287,113.98524
400,3.325,631.27753,-73.04984,248.68146,754.4682,-185.5869,72.70135,749.19769,-131.45113,119.00104
401,3.333,645.77417,-73.50685,252.06107,762.362,-203.56396,78.67528,758.8866,-142.00511,124.68533
402,3.342,659.72589,-74.75065,255.73567,769.39056,-220.23032,87.82619,770.16309,-151.89462,129.21072
403,3.35,672.33978,-79.41288,258.48441,780.61316,-230.16422,96.99647,782.86169,-160.21762,134.34244
404,3.358,684.89063,-83.98937,259.79056,793.94501,-239.80592,105.65749,795.67926,-166.99301,137.7281
405,3.367,696.12744,-89.87006,261.34543,809.85077,-243.32799,111.55988,810.36194,-173.82393,142.23497
406,3.375,707.43842,-96.80004,262.12741,827.75684,-245.89755,116.64999,825.84515,-178.28365,144.52533
407,3.383,718.36584,-104.61542,262.20709,846.36395,-250.43665,120.11304,841.92834,-183.49849,147.62749
408,3.392,730.38538,-112.64194,261.62439,866.87622,-253.78296,122.79828,858.20288,-189.43349,152.46121
409,3.4,742.57471,-120.40407,259.42117,886.38501,-256.54236,124.69008,875.02533,-193.78012,153.41058
410,3.408,755.83612,-126.95955,256.81058,906.11084,-260.46548,126.51074,892.297,-198.5076,154.21527
411,3.417,769.62006,-133.09106,252.58151,925.86584,-264.96405,128.52699,910.65332,-204.93527,156.17607
412,3.425,784.11499,-139.88914,247.89711,943.63196,-270.49005,130.01369,926.93152,-210.13142,154.67052
413,3.433,799.26935,-145.18394,241.98863,963.14294,-277.64429,131.66812,946.49268,-216.22321,154.27565
414,3.442,814.94501,-150.90157,234.82701,981.48352,-283.84616,132.09904,963.88019,-222.1627,153.31653
415,3.45,830.69012,-157.02777,227.33963,1000.7851,-291.46463,131.76851,983.50562,-229.12889,151.20447
416,3.458,846.50922,-163.06364,218.7404,1021.52191,-298.25339,131.52953,1002.15887,-234.18767,149.33258
417,3.467,862.7843,-169.29924,210.55986,1042.96631,-303.48108,130.38884,1020.77118,-239.04263,145.65752
418,3.475,878.51624,-177.11354,202.6615,1064.26477,-308.87283,129.10629,1042.94019,-242.504,144.94405
419,3.483,894.75214,-184.29793,193.87788,1085.89832,-313.57239,127.36904,1059.11023,-245.30585,141.76286
420,3.492,912.06256,-190.56845,185.05829,1107.45398,-316.58682,124.87067,1078.39111,-251.15445,137.98799
421,3.5,928.69629,-197.55791,175.77251,1128.89404,-317.60208,121.94661,1098.35303,-254.18407,134.70151
422,3.508,946.92938,-201.85095,166.21349,1149.20703,-319.91492,119.71267,1118.16125,-257.31876,129.94789
423,3.517,965.40497,-207.1452,156.8287,1170.57104,-321.89218,117.18781,1139.4884,-260.99054,128.3434
424,3.525,983.45227,-212.69861,146.86398,1192.53418,-323.62732,113.56014,1160.25134,-262.81906,123.42071
425,3.533,1004.99066,-215.71504,137.36903,1215.46082,-324.37061,109.44666,1180.65137,-263.6705,118.42483
426,3.542,1025.42871,-221.61755,129.27527,1238.13318,-324.80655,104.15508,1202.02966,-263.66364,112.37602
427,3.55,1043.72729,-227.1769,121.38158,1261.87036,-323.14145,97.32954,1223.70093,-264.52197,107.45894
428,3.558,1063.88379,-232.1947,114.45901,1285.84192,-320.1282,89.60103,1244.54297,-264.15939,102.19978
429,3.567,1083.99646,-237.67462,108.72346,1310.54443,-316.39948,80.56763,1266.9165,-261.98807,96.43754
430,3.575,1104.46863,-242.99492,102.86958,1334.77087,-311.69095,71.69495,1287.91479,-259.01083,90.91055
431,3.583,1126.08472,-246.5553,98.79621,1359.10925,-305.9592,62.71398,1310.11414,-255.44717,85.97519
432,3.592,1146.32166,-251.25751,94.35207,1384.60852,-296.67914,54.52673,1331.79382,-251.31741,81.14883
433,3.6,1167.12695,-255.29453,91.37172,1407.59045,-287.28632,49.54075,1352.245,-244.65428,79.06142
434,3.608,1188.13147,-258.07574,89.59823,1429.495,-276.50659,47.02746,1372.30615,-238.44711,77.90483
435,3.617,1207.03577,-260.87012,88.90248,1450.30835,-264.89456,46.54163,1389.69617,-232.41362,79.20293
436,3.625,1225.47424,-262.89734,87.41281,1468.83521,-253.67542,48.08831,1406.85132,-226.77179,81.86419
437,3.633,1242.19727,-264.2572,87.1439,1486.1731,-243.18381,51.598,1421.64282,-220.77505,85.9864
438,3.642,1256.14087,-264.0675,86.88844,1501.19373,-234.85858,57.47803,1435.00293,-215.72136,91.53114
439,3.65,1267.0127,-261.01804,85.38531,1513.8396,-230.8279,65.25982,1446.03357,-214.35422,97.28126
440,3.658,1274.33386,-256.17377,82.60827,1520.93335,-231.40508,74.32394,1454.26892,-216.37541,102.35005
441,3.667,1278.70886,-249.96902,79.96311,1524.57214,-237.72475,79.60719,1459.43005,-219.32999,106.06938
442,3.675,1280.2998,-242.42815,77.89308,1525.51123,-244.36731,81.2156,1462.57556,-222.90192,106.25278
443,3.683,1280.06616,-235.45296,75.24898,1522.52319,-252.85316,77.15402,1462.37305,-225.89253,103.27909
444,3.692,1278.41809,-229.49335,72.63464,1518.5094,-258.93744,71.48588,1460.4408,-228.16022,99.92893
445,3.7,1274.96033,-222.69916,70.259,1513.04736,-264.47018,66.70765,1457.646,-225.71371,95.28506
446,3.708,1270.48181,-217.06941,65.21672,1506.12085,-263.69308,62.02021,1452.85413,-222.13606,91.41823
447,3.717,1264.47961,-212.75008,60.24669,1499.23645,-258.75922,57.73905,1445.94214,-217.52036,88.78877
448,3.725,1258.61609,-209.43018,55.97349,1494.72864,-254.21687,61.86094,1440.18469,-211.92734,87.89719
449,3.733,1252.85974,-207.7018,51.05358,1492.06042,-245.8401,66.02737,1433.92529,-204.30602,86.64255
450,3.742,1248.08984,-205.65602,46.77534,1487.37439,-237.73334,69.58051,1427.94336,-198.08694,84.25587
451,3.75,1244.2843,-203.11624,42.09563,1482.6084,-228.51027,70.57594,1423.31543,-191.38454,81.3815
452,3.758,1241.55396,-201.64197,37.66064,1477.67883,-222.45576,71.60048,1419.50684,-185.57259,78.50425
453,3.767,1240.54187,-201.73634,34.68882,1473.40247,-218.97824,71.56586,1418.7998,-183.91483,77.16313
454,3.775,1242.64893,-201.44836,37.05988,1470.20386,-218.64902,68.02153,1420.93872,-185.40608,75.74883
455,3.783,1245.39343,-201.41733,39.87844,1470.65198,-220.46994,63.97761,1425.65906,-185.15494,74.40813
456,3.792,1246.37097,-201.05722,39.81123,1473.18054,-222.49995,62.02993,1428.19373,-185.11906,73.73347
457,3.8,1246.42822,-201.06592,39.714,1478.64929,-221.6335,63.19331,1427.28967,-181.65732,71.15752
458,3.808,1246.69031,-201.2459,40.09412,1483.6283,-219.07648,62.31571,1427.46924,-179.61011,69.92358
459,3.817,1246.979,-201.45828,40.60975,1487.1217,-216.85997,60.00644,1427.96643,-176.82845,68.03273
460,3.825,1247.40955,-201.52541,41.36273,1487.15588,-214.75249,58.41538,1428.84851,-175.99968,66.40026
