Frame#,Time,Top.Head.x,Top.Head.y,Top.Head.z,Front.Head.x,Front.Head.y,Front.Head.z,Rear.Head.x,Rear.Head.y,Rear.Head.z,Jaw.x,Jaw.y,Jaw.z
1,0,-875.42877,-16.9109,1804.61072,-796.69482,-26.69415,1660.81458,-1006.9657,-11.8354,1769.20435,-894.07294,-24.71992,1527.01062
2,0.008,-869.62665,-18.1609,1805.61487,-790.30713,-28.85965,1660.87219,-1000.61511,-12.88881,1769.4646,-885.81555,-24.66516,1528.29907
3,0.017,-863.59521,-20.30057,1805.07458,-783.41595,-29.52265,1662.26917,-994.13757,-13.9872,1769.25757,-879.22711,-26.08355,1528.5481
4,0.025,-857.75214,-22.36617,1805.63977,-777.42865,-31.21297,1662.87524,-987.31653,-15.78405,1768.59082,-872.63904,-26.81178,1528.54529
5,0.033,-852.05267,-25.05362,1805.27673,-769.37854,-31.36215,1662.94775,-981.23059,-16.99194,1769.41821,-864.99652,-25.53167,1528.3551
6,0.042,-844.00037,-25.23746,1804.69604,-764.17249,-34.93392,1662.85803,-974.53247,-18.0077,1768.7533,-859.87347,-29.1913,1527.85547
7,0.05,-837.00262,-26.98653,1804.45935,-755.9032,-33.92567,1661.4314,-967.40881,-19.17643,1768.15735,-851.09833,-27.60045,1526.64758
8,0.058,-830.2373,-28.61048,1804.15649,-750.27356,-36.13567,1660.49304,-960.77582,-19.13298,1766.68994,-845.55774,-28.41876,1526.36169
9,0.067,-822.08746,-30.04037,1802.84509,-742.09796,-37.3616,1658.22302,-953.49524,-21.04312,1766.37646,-839.086,-31.52743,1526.01794
10,0.075,-815.08575,-30.2837,1802.06531,-735.39264,-38.47314,1657.5061,-945.12195,-21.05113,1766.26123,-831.87555,-31.24065,1524.60645
11,0.083,-807.02667,-28.59194,1800.85132,-727.89172,-37.37823,1656.53882,-937.44421,-21.97781,1765.70251,-825.77606,-31.7426,1524.25281
12,0.092,-800.06598,-30.11232,1799.49158,-720.50714,-36.32555,1654.93469,-930.78821,-22.03087,1765.47815,-819.54608,-32.24419,1522.8197
13,0.1,-791.06763,-28.34229,1798.33032,-713.4101,-36.33068,1653.43054,-922.50726,-23.26816,1764.36621,-811.83832,-31.38,1521.59766
14,0.108,-784.37787,-29.69147,1797.4303,-706.98132,-37.91055,1652.56543,-915.27441,-22.8224,1763.9397,-805.49738,-33.07399,1520.29053
15,0.117,-777.19153,-29.11288,1796.61536,-699.54382,-37.34084,1651.86743,-908.25775,-23.25614,1763.06616,-798.83496,-33.12116,1518.60974
16,0.125,-770.04962,-29.69942,1795.39001,-693.14697,-37.2019,1649.6958,-901.23853,-23.33409,1761.72168,-791.60004,-32.15849,1518.01758
17,0.133,-762.48993,-27.8356,1794.74121,-685.63525,-35.32278,1648.74048,-893.03247,-23.3879,1761.09985,-785.33655,-31.52709,1517.66504
18,0.142,-755.7077,-28.14248,1794.16858,-678.37848,-34.0292,1647.37952,-886.74829,-23.33033,1760.11572,-778.78882,-31.4518,1515.24268
19,0.15,-748.20245,-26.89575,1792.58252,-672.41119,-33.68668,1647.04858,-878.99091,-24.07471,1758.57605,-771.02948,-30.33976,1515.63403
20,0.158,-742.13965,-28.19674,1791.83496,-664.15778,-34.02463,1647.06079,-873.27563,-22.84166,1757.61096,-763.25079,-30.13672,1513.93762
21,0.167,-735.0415,-26.51802,1791.00024,-658.13184,-34.59353,1646.93018,-866.59094,-23.64441,1756.41321,-756.67279,-30.84622,1513.32068
22,0.175,-728.83203,-28.14536,1790.49182,-650.21545,-34.49338,1646.42517,-859.57513,-23.11644,1755.6366,-747.08801,-30.40521,1512.67957
23,0.183,-721.92413,-27.2946,1790.12317,-642.61517,-32.72857,1645.03479,-852.40253,-22.53728,1753.96643,-740.61176,-31.70433,1511.37573
24,0.192,-714.94196,-26.67076,1788.42871,-636.20636,-32.85299,1643.76355,-845.83813,-22.28248,1752.77454,-733.62854,-29.73688,1511.31506
25,0.2,-708.29596,-27.33286,1788.33911,-628.4223,-32.08836,1644.33228,-837.63855,-21.83794,1751.77246,-725.27216,-29.26594,1510.35693
26,0.208,-701.40186,-26.78702,1786.69971,-620.50348,-32.62706,1643.10339,-831.51965,-21.71358,1750.62939,-718.47955,-30.08146,1510.62134
27,0.217,-693.72473,-26.82906,1786.1134,-613.68604,-35.03687,1642.3595,-824.35919,-21.58946,1749.27917,-709.29926,-31.64149,1508.18237
28,0.225,-686.63831,-26.34634,1784.71814,-606.79529,-34.10788,1641.86914,-817.52728,-21.65425,1749.03723,-701.43872,-30.57033,1507.65625
29,0.233,-679.42401,-25.42503,1784.30627,-598.47351,-31.73146,1640.64917,-809.15979,-20.0587,1747.9895,-693.55579,-29.44866,1506.63586
30,0.242,-672.4129,-24.6672,1783.32581,-591.15125,-34.17218,1641.36743,-801.59729,-19.07196,1746.06567,-686.43445,-29.60163,1505.58923
31,0.25,-663.40784,-23.86381,1780.85913,-580.53149,-33.97692,1639.57556,-794.99658,-17.57347,1744.59119,-678.77032,-28.76913,1504.41785
32,0.258,-656.04572,-22.32155,1781.03101,-573.65985,-33.23851,1638.8396,-786.48438,-16.1358,1743.31458,-669.51898,-28.14622,1503.84082
33,0.267,-648.10022,-23.29316,1779.69434,-567.1911,-32.76324,1637.19409,-778.90436,-15.03969,1741.98047,-662.74646,-28.2064,1503.20862
34,0.275,-639.30811,-20.44395,1779.38623,-559.23419,-30.57018,1636.14734,-769.5011,-13.82895,1741.46692,-653.9715,-27.17392,1501.31055
35,0.283,-630.83344,-19.04556,1778.06506,-550.60492,-28.92335,1634.02563,-761.72687,-12.07116,1740.16797,-645.22064,-25.18789,1500.32642
36,0.292,-623.11401,-17.06703,1777.37915,-541.70099,-27.32719,1633.46851,-753.96088,-8.33863,1740.59192,-638.12952,-24.15103,1499.271
37,0.3,-614.57837,-15.90946,1775.77539,-534.18463,-25.77422,1632.10327,-745.95203,-6.90854,1738.86169,-630.65198,-22.89368,1498.75244
38,0.308,-604.93286,-13.39249,1775.77893,-525.29523,-23.50478,1631.85376,-735.58868,-5.98057,1739.56628,-622.4859,-20.39824,1497.58984
39,0.317,-595.86926,-10.25269,1774.82983,-516.10583,-19.96489,1631.60071,-726.6283,-4.33685,1739.47095,-612.9502,-18.39164,1498.13123
40,0.325,-586.75256,-7.70109,1774.54272,-506.79248,-16.61737,1630.4884,-717.66608,-2.56858,1740.22656,-604.93134,-16.30545,1497.51746
41,0.333,-578.27008,-3.68889,1774.40576,-498.45761,-15.86989,1631.26636,-708.99487,-0.59358,1740.53418,-597.06989,-14.38013,1498.24695
42,0.342,-570.297,-1.02777,1776.03918,-490.44769,-11.82988,1631.95447,-700.62817,0.27794,1740.94775,-588.29181,-12.98822,1499.1571
43,0.35,-560.82648,2.77728,1776.50256,-482.86295,-6.94979,1633.33838,-690.71515,2.4691,1742.31909,-580.90875,-11.28893,1500.19055
44,0.358,-551.95605,3.34024,1779.62732,-473.71521,-4.12643,1633.65051,-684.54266,4.47636,1743.13232,-571.40302,-8.7094,1501.33569
45,0.367,-544.80267,5.30115,1779.776,-464.4809,-1.89352,1636.34534,-675.25519,5.84083,1744.40222,-562.23865,-6.72448,1502.12463
46,0.375,-537.10089,9.05124,1781.84546,-457.34882,0.72586,1638.03345,-668.22333,7.09062,1745.68213,-553.55597,-3.7659,1504.65991
47,0.383,-529.75415,10.92436,1783.43481,-449.56396,2.284,1640.98669,-660.63702,8.11339,1747.52441,-545.19507,-1.83874,1505.86633
48,0.392,-523.25989,11.6293,1785.56189,-439.8226,4.36094,1643.1593,-652.13715,10.5029,1748.90759,-534.84747,-1.04715,1508.92175
49,0.4,-514.17365,12.21327,1788.58484,-431.97385,7.08961,1645.79004,-645.58661,11.47651,1749.95618,-527.26825,-0.51841,1511.13
50,0.408,-506.81796,14.24903,1790.7616,-423.73557,7.30495,1648.29602,-637.72241,11.32691,1751.62122,-517.18433,1.07432,1512.65442
51,0.417,-500.17776,13.40822,1790.93103,-415.24915,6.5316,1650.54517,-629.95349,12.60637,1752.26062,-509.22684,3.13023,1514.17456
52,0.425,-493.10434,15.27944,1794.49353,-407.89008,7.99132,1651.66211,-621.73145,13.36355,1753.2887,-499.39279,1.66028,1516.10632
53,0.433,-484.39288,14.77075,1794.48425,-399.6272,6.54647,1655.39429,-614.18634,13.17684,1753.49341,-491.44565,2.63828,1517.91748
54,0.442,-476.45053,16.0594,1797.6637,-391.23669,7.82652,1657.11169,-606.38318,13.4206,1755.04907,-482.27286,2.72189,1519.17371
55,0.45,-469.52325,14.89602,1797.83459,-382.69403,5.46499,1658.32922,-597.45984,15.38765,1756.00427,-473.74567,2.38734,1520.93835
56,0.458,-460.76514,14.15982,1798.2865,-374.31967,5.89519,1659.00513,-590.41577,15.88293,1757.29626,-465.29062,2.15851,1520.64685
57,0.467,-451.89896,12.4496,1799.32581,-365.52286,5.74095,1659.94019,-581.88928,16.33973,1757.33948,-455.83533,2.97334,1522.64929
58,0.475,-443.06216,13.50255,1799.99805,-357.35358,3.58287,1659.60364,-571.87128,16.70017,1759.19885,-448.07526,2.6382,1522.61279
59,0.483,-433.05475,14.21337,1799.6687,-348.11743,3.81721,1658.95154,-564.40991,16.65968,1759.34937,-440.25668,1.38718,1522.42871
60,0.492,-423.10757,12.07571,1799.50745,-339.4819,2.38968,1658.07935,-553.6676,15.76728,1759.25891,-432.94873,2.68359,1521.85425
61,0.5,-413.3623,11.80937,1798.974,-330.75259,2.48894,1656.82275,-545.23633,16.29988,1759.9657,-424.61523,1.80509,1521.73804
62,0.508,-404.06143,12.21264,1798.40002,-322.59326,2.38764,1657.11365,-534.86682,16.01745,1761.56519,-417.20676,0.86726,1520.79358
63,0.517,-394.33276,11.36304,1798.60864,-313.62686,1.0752,1655.77112,-526.57794,17.10642,1761.83032,-409.25055,1.93354,1520.5918
64,0.525,-385.74625,10.43908,1798.55664,-305.40173,0.7588,1654.87646,-516.81604,15.44991,1763.32458,-401.81784,1.29008,1520.67395
65,0.533,-375.42871,10.4338,1797.43787,-297.11276,1.08284,1652.98853,-508.66296,14.62415,1762.23328,-395.17404,1.49988,1520.6886
66,0.542,-367.83862,8.812,1798.12061,-289.18042,0.59956,1653.16614,-499.40396,13.35141,1764.81909,-386.24332,2.04619,1519.9386
67,0.55,-358.54959,8.91274,1798.86328,-282.26471,0.27263,1652.90784,-491.01395,15.10306,1764.59766,-379.43256,2.59619,1520.84839
68,0.558,-350.61188,9.6485,1798.70142,-273.17993,0.44087,1653.55005,-483.76279,14.93583,1764.34277,-371.75589,2.03725,1521.81177
69,0.567,-343.07968,8.72022,1798.97778,-265.59802,0.0811,1653.89392,-474.8042,15.25547,1766.09753,-364.97842,2.14699,1521.89771
70,0.575,-336.16254,8.32321,1799.74463,-258.53018,0.30886,1655.24414,-468.16251,14.9655,1766.99011,-357.43463,2.97059,1522.9646
71,0.583,-328.39798,10.02236,1801.60962,-250.74312,-0.06994,1656.71973,-461.51443,14.626,1767.05688,-350.14722,2.86565,1524.3877
72,0.592,-322.34457,9.44102,1802.63708,-243.4101,1.15126,1657.66028,-454.52402,15.21582,1767.59473,-341.61404,3.05057,1524.77576
73,0.6,-316.29791,9.74268,1803.24695,-236.39696,1.2165,1659.65662,-448.33554,14.51965,1767.44238,-333.97852,2.24711,1525.82043
74,0.608,-309.09937,9.8181,1803.98267,-229.49503,2.02361,1661.27661,-440.45322,14.18139,1768.05994,-326.3226,2.99706,1527.17346
75,0.617,-303.37863,9.67223,1805.54236,-222.80649,1.0958,1662.36633,-433.3512,15.00966,1769.75098,-317.80856,3.17511,1528.5437
76,0.625,-296.41104,10.03604,1807.24634,-215.08574,1.12176,1664.07874,-427.34705,14.38656,1770.15247,-311.27344,3.30468,1529.19043
77,0.633,-289.52127,9.79616,1807.68506,-208.74071,2.12231,1664.64197,-420.7774,14.23751,1770.22961,-303.46048,2.53098,1530.41406
78,0.642,-282.81873,10.76317,1808.14197,-200.49136,2.47309,1665.90881,-413.89926,13.63717,1769.95776,-295.80173,3.77374,1530.27649
79,0.65,-276.5994,9.31809,1808.49597,-193.03777,1.38106,1666.20154,-407.74292,13.59868,1770.32703,-287.68619,3.52623,1530.48499
80,0.658,-269.6882,9.37255,1809.45557,-186.52678,2.3503,1667.44678,-400.20169,14.24827,1769.58044,-280.49518,2.58043,1531.71191
81,0.667,-263.2276,9.23953,1809.68835,-179.33879,0.90122,1668.15247,-392.54425,12.97886,1770.89636,-272.52237,2.4758,1532.16284
82,0.675,-254.61134,8.06749,1810.28613,-170.46355,1.10575,1668.75415,-385.58176,12.73583,1770.21252,-264.24603,2.04373,1532.39197
83,0.683,-247.20284,7.70905,1809.83948,-164.10359,0.71347,1668.68286,-377.71402,13.15629,1769.974,-256.40533,1.44956,1532.31409
84,0.692,-239.76932,7.0542,1810.08752,-155.54573,0.18072,1667.66235,-369.1376,12.01996,1770.47119,-248.60316,1.21627,1531.60278
85,0.7,-231.22437,6.69407,1808.78845,-147.60796,-1.39113,1667.65784,-361.15515,12.76712,1769.72217,-241.3735,-0.34501,1531.56287
86,0.708,-223.62656,5.80337,1807.70203,-139.84564,-2.58303,1667.32214,-354.24161,11.76981,1768.21106,-232.73363,0.96438,1530.75854
87,0.717,-214.72084,4.65284,1807.77649,-131.03642,-2.70183,1666.1637,-344.44904,10.61104,1767.91821,-225.07362,-1.12237,1530.09937
88,0.725,-206.64087,3.96222,1806.33423,-123.21102,-4.66777,1664.34656,-336.34555,9.69678,1767.77271,-217.0206,-1.55941,1528.28015
89,0.733,-197.45345,2.66988,1805.32178,-114.77671,-3.88888,1662.70056,-327.81805,8.67457,1766.34216,-208.87563,-1.49698,1526.95825
90,0.742,-188.614,2.42658,1803.51025,-105.77461,-5.59997,1661.19592,-319.16272,8.77273,1765.54382,-200.96806,-2.87076,1525.43872
91,0.75,-178.90414,1.49533,1802.55469,-96.76767,-7.1786,1659.10974,-309.96719,7.47995,1764.36804,-192.3868,-2.61863,1524.29419
92,0.758,-170.47308,0.24986,1800.66797,-88.61526,-7.97279,1657.05115,-300.99344,6.08904,1763.06689,-185.09061,-4.52316,1522.92664
93,0.767,-161.45993,-0.86104,1798.82056,-80.37156,-8.9193,1656.33728,-292.24658,6.4222,1762.2926,-176.40326,-4.34549,1521.14807
94,0.775,-152.138,-0.78906,1796.56653,-71.65081,-9.31292,1653.00537,-282.81506,6.06651,1760.0929,-167.96989,-6.45086,1518.88086
95,0.783,-142.31107,-2.59733,1794.1842,-63.51889,-10.44897,1650.96533,-273.68036,4.69513,1757.93506,-159.44235,-7.51159,1518.33679
96,0.792,-134.75026,-3.48836,1792.9165,-55.44909,-11.02857,1649.2179,-264.79593,3.04078,1757.25281,-151.47299,-7.55882,1516.01074
97,0.8,-125.0511,-5.35508,1792.14502,-46.25751,-11.89447,1647.10852,-256.23611,1.99912,1755.97229,-143.58322,-8.84385,1513.47693
98,0.808,-116.80179,-4.43468,1789.49182,-37.11728,-13.48931,1645.38599,-248.03889,1.39277,1753.87585,-135.63661,-8.93724,1512.6123
99,0.817,-107.87635,-6.50757,1787.4408,-29.49602,-14.13037,1643.59912,-238.77353,0.23511,1753.09448,-127.09625,-10.27567,1510.22681
100,0.825,-100.13164,-7.21307,1786.68689,-20.47645,-14.99902,1642.66235,-230.92149,0.0354,1751.0498,-117.91064,-11.7079,1510.172
101,0.833,-90.50986,-7.72251,1786.14063,-12.12563,-14.66325,1641.38013,-222.53549,-2.35633,1750.48975,-109.94064,-12.82534,1508.99768
102,0.842,-83.4789,-10.29828,1784.56873,-4.69249,-16.6453,1640.72852,-214.49364,-3.4598,1748.93713,-101.96491,-14.20407,1507.46143
103,0.85,-74.33054,-9.67805,1783.98865,3.47436,-16.89566,1639.39685,-206.32912,-4.98552,1748.88196,-93.0457,-15.40394,1506.62573
104,0.858,-67.08312,-12.17248,1783.71082,11.87939,-18.63636,1639.08386,-198.94051,-7.07565,1747.67725,-85.3253,-16.53575,1505.99951
105,0.867,-58.93098,-13.39641,1783.27808,20.35626,-19.89251,1638.98914,-190.9133,-8.26046,1746.35681,-76.69778,-17.5601,1505.7179
106,0.875,-52.40214,-17.11348,1781.9519,29.4829,-22.2077,1638.69263,-183.27835,-10.73233,1745.43665,-67.98208,-19.24355,1504.57703
107,0.883,-43.62006,-16.82637,1781.58594,36.86829,-23.60785,1638.13733,-174.35338,-13.53548,1745.02795,-58.84974,-20.6361,1504.40149
108,0.892,-35.31695,-19.58935,1781.87793,45.53719,-25.95549,1638.19958,-166.18166,-13.64919,1744.63403,-50.36228,-22.71623,1504.09729
109,0.9,-26.35139,-21.27288,1781.4574,53.94374,-29.07483,1638.974,-156.82434,-16.59999,1745.32373,-42.37433,-24.01496,1503.40503
110,0.908,-17.65961,-24.31653,1782.76733,62.67327,-30.16899,1638.68921,-147.71918,-18.57142,1744.97351,-33.25619,-27.36455,1505.07861
111,0.917,-8.54466,-26.88393,1782.95471,72.03987,-32.13877,1638.69983,-140.29549,-21.72925,1746.1095,-24.35152,-28.99829,1504.28711
112,0.925,0.45438,-29.72745,1783.01355,80.25544,-35.33332,1639.34692,-130.87617,-23.30864,1746.43311,-16.39752,-30.58195,1505.0177
113,0.933,9.58898,-31.81331,1783.33008,88.88466,-38.73233,1639.8833,-120.89589,-25.17321,1748.0177,-8.17874,-34.16183,1505.72351
114,0.942,18.58902,-34.18179,1783.59973,98.01109,-39.97676,1640.05151,-112.65665,-26.66785,1749.16028,0.99251,-34.48256,1507.09155
115,0.95,27.66385,-37.66155,1785.17664,106.24055,-44.23878,1640.89917,-103.33283,-29.28255,1750.47412,8.53091,-37.80965,1507.66479
116,0.958,36.16086,-40.0343,1786.87756,115.02113,-45.8612,1642.15234,-94.43692,-31.50754,1752.11755,17.34585,-39.34679,1509.21338
117,0.967,45.22301,-42.2965,1787.6604,123.75833,-48.16062,1642.98645,-86.48197,-33.28299,1752.84814,26.08949,-41.62593,1510.12756
118,0.975,53.13596,-44.93479,1789.58191,131.75917,-49.61488,1644.6582,-77.67725,-35.65749,1754.4408,34.4865,-43.75388,1511.99207
119,0.983,61.53704,-45.96067,1790.29834,140.07991,-52.82444,1645.70776,-70.13518,-37.32452,1755.92334,42.49813,-45.2538,1512.92273
120,0.992,68.76756,-48.47093,1792.0592,147.98613,-54.15312,1647.67847,-61.74948,-38.91977,1756.85657,51.43209,-47.46102,1515.08386
121,1,77.45589,-49.57437,1793.98694,156.86212,-54.83346,1648.93506,-54.40317,-40.60876,1757.37634,59.59793,-49.32653,1516.37927
122,1.008,85.75423,-50.13441,1794.14417,164.76205,-56.1343,1650.61353,-45.08473,-41.62227,1758.79553,68.13844,-50.29959,1517.28455
123,1.017,92.12923,-50.16348,1795.65186,173.29366,-56.34277,1651.77625,-38.69242,-43.08184,1759.74451,76.97365,-50.78725,1517.65479
124,1.025,100.98939,-50.79847,1796.11804,181.36031,-57.77623,1653.07751,-29.91764,-43.92823,1758.9928,85.67141,-51.85682,1518.5769
125,1.033,107.897,-53.49984,1797.75122,189.56398,-57.86803,1653.12439,-22.78212,-45.22005,1759.40344,92.68896,-52.88599,1520.00708
126,1.042,116.31651,-52.89301,1797.88538,196.17908,-58.44696,1654.33008,-13.97099,-47.93495,1760.9978,101.50273,-52.49027,1520.16724
127,1.05,125.0435,-52.97565,1798.13525,205.13551,-58.11235,1654.66016,-6.19425,-48.16371,1761.99451,108.48405,-54.30634,1520.67786
128,1.058,133.05251,-52.73978,1798.3053,212.90729,-57.14357,1655.03162,1.80446,-48.8274,1762.13208,115.67084,-54.43678,1521.71252
129,1.067,140.61984,-53.75378,1798.51135,220.26016,-57.10159,1655.27173,9.35073,-49.52943,1763.59265,123.77522,-53.92391,1521.64026
130,1.075,148.93768,-52.85619,1798.97998,228.06729,-55.94694,1655.27222,16.57163,-50.68284,1763.91089,131.299,-54.90565,1521.57312
131,1.083,156.33842,-53.21038,1799.48279,235.31126,-57.82882,1655.6687,25.00141,-50.96942,1764.24512,137.08267,-55.01224,1522.25671
132,1.092,163.4644,-54.0598,1800.0907,242.15906,-57.25342,1655.61877,32.14246,-52.64431,1765.14307,144.57518,-55.0023,1521.82788
133,1.1,171.68982,-54.27275,1800.3938,250.29173,-57.08055,1655.58948,40.61255,-53.72163,1765.94177,152.13405,-56.00199,1523.40442
134,1.108,178.9913,-54.19411,1801.19995,257.58716,-57.09578,1655.59961,47.52198,-54.75511,1766.6062,158.5562,-56.99677,1523.16748
135,1.117,184.88766,-55.07876,1801.78772,264.35446,-57.72771,1656.97156,53.87848,-56.3731,1767.42188,166.15237,-55.94868,1524.34131
136,1.125,192.84386,-55.65131,1802.67688,271.38211,-58.16803,1658.06323,61.15661,-56.60192,1767.76709,174.127,-58.28901,1524.91357
137,1.133,199.94452,-56.06267,1803.04932,278.3999,-59.58792,1659.23657,68.12809,-57.03721,1768.22681,181.23981,-58.83782,1525.6488
138,1.142,206.03159,-57.92931,1804.81189,284.95923,-59.91371,1659.61621,75.23554,-57.46995,1768.89771,187.96544,-61.23138,1526.77295
139,1.15,212.31702,-58.84845,1805.22009,292.94687,-62.24962,1661.7771,81.0992,-58.11596,1769.21387,196.23804,-61.86269,1527.89612
140,1.158,219.59921,-60.11036,1806.08154,299.62268,-63.81927,1662.55579,87.21941,-59.32928,1769.7843,203.40627,-63.2547,1528.651
141,1.167,225.98471,-61.92442,1806.78516,306.17233,-65.93771,1663.97656,95.13428,-59.71078,1770.50464,211.14198,-63.14378,1529.04858
142,1.175,232.46484,-63.13745,1807.52734,313.73438,-65.71227,1663.97339,101.36221,-59.24788,1770.24231,218.91376,-65.54768,1530.09753
143,1.183,238.44476,-64.68712,1807.5824,320.68753,-68.79279,1665.64819,107.68886,-61.2872,1769.81421,225.98203,-67.64136,1530.58252
144,1.192,246.34796,-65.58685,1808.54797,328.35953,-70.43642,1666.02698,115.56457,-63.4074,1770.05469,234.06226,-69.40147,1530.95691
145,1.2,252.75067,-66.93513,1808.81409,336.77487,-71.78464,1666.21375,122.27203,-62.84836,1769.40894,241.41978,-69.53165,1531.25647
146,1.208,260.46402,-68.33857,1808.78589,342.4985,-72.81529,1666.3335,129.79091,-64.75619,1769.10303,249.0118,-70.52082,1531.40857
147,1.217,266.97549,-70.85321,1808.41345,350.1192,-73.90698,1666.5603,136.83636,-65.99294,1769.44177,256.94589,-70.76125,1530.34875
148,1.225,275.12628,-71.46319,1808.45435,357.37943,-75.52014,1666.776,144.12746,-66.61803,1768.69702,263.96008,-72.37415,1529.97717
149,1.233,283.36325,-71.86145,1807.92627,365.23514,-76.10879,1664.8252,151.80725,-66.17844,1767.52112,271.33423,-73.25229,1529.83508
150,1.242,290.60663,-72.78183,1806.43628,372.80258,-76.67603,1664.18311,160.54932,-67.71516,1767.85754,278.82285,-74.20055,1529.5509
151,1.25,297.93359,-72.65903,1805.28809,380.54761,-78.21899,1662.7572,167.66498,-67.77511,1767.77808,285.52219,-74.17025,1527.34985
152,1.258,306.97708,-72.98557,1804.63354,388.0018,-77.67872,1661.8053,176.60381,-68.77853,1766.4458,293.41989,-74.6086,1526.47412
153,1.267,314.32843,-73.17884,1803.4718,395.79254,-78.3049,1660.12744,183.80078,-68.97254,1766.11108,300.53708,-74.16405,1525.68567
154,1.275,323.2619,-74.18338,1802.36133,403.57434,-77.86084,1658.86023,193.12895,-70.47367,1765.71301,307.43359,-74.54868,1525.16931
155,1.283,331.70627,-73.291,1800.4425,411.56168,-77.86771,1656.68494,199.92128,-69.85953,1765.31067,314.95148,-73.76495,1523.37756
156,1.292,339.68085,-72.46384,1799.62256,419.07489,-76.99844,1655.58069,208.15201,-70.22704,1763.59631,322.08694,-74.07426,1522.02686
157,1.3,347.15579,-72.17738,1798.2395,426.09247,-76.08698,1654.30554,216.04318,-69.99061,1762.83496,328.8371,-74.65011,1521.31091
158,1.308,356.03854,-72.10516,1797.37549,434.66489,-74.71665,1652.97791,224.38275,-70.21243,1762.31262,336.53314,-73.71941,1519.29919
159,1.317,362.95053,-71.01929,1796.39001,441.20941,-73.76272,1651.43396,231.97806,-71.3098,1760.65759,343.56509,-73.7365,1518.25488
160,1.325,370.84583,-71.1489,1794.7085,449.19669,-73.1405,1650.98657,239.24373,-70.24908,1759.92554,351.40939,-73.58404,1517.84363
161,1.333,376.92691,-70.99883,1793.54053,456.59866,-73.59608,1650.09766,246.70341,-70.39293,1758.76697,358.42535,-72.18711,1517.04492
162,1.342,385.44662,-70.26943,1793.97839,463.71875,-72.65154,1649.50427,253.9966,-70.56657,1758.0957,366.32858,-71.56927,1515.48401
163,1.35,392.86966,-70.75771,1793.59802,471.09277,-72.27214,1649.27954,260.53793,-70.066,1757.12744,374.40924,-71.54444,1515.36267
164,1.358,399.74109,-71.18073,1793.10974,479.25235,-73.26705,1648.96606,268.1228,-70.35404,1755.19019,382.80682,-72.00082,1515.3584
165,1.367,405.94336,-70.66021,1791.81458,486.80014,-72.35238,1648.47241,275.20758,-69.60816,1755.15088,390.13159,-71.3502,1513.93469
166,1.375,413.77985,-70.77628,1791.20752,494.67075,-72.30406,1648.70886,282.04382,-69.92362,1752.5946,398.35654,-71.91573,1513.61353
167,1.383,420.37506,-70.05486,1790.6825,501.52905,-72.24059,1648.02783,289.63168,-69.38733,1752.82642,406.51709,-70.92622,1512.67163
168,1.392,428.01572,-68.92982,1789.97986,509.34735,-72.55169,1647.93347,297.53879,-68.90101,1751.39648,413.78378,-72.32594,1512.797
169,1.4,435.00754,-69.14862,1789.85303,517.63452,-73.67964,1647.23218,304.02133,-67.74266,1750.42712,422.56155,-71.84239,1511.76868
170,1.408,442.46362,-69.12011,1788.90564,524.71375,-73.49355,1645.86633,312.14603,-67.52121,1750.04382,430.2778,-71.20393,1510.65063
171,1.417,449.50812,-68.82689,1787.94019,533.30927,-74.21829,1645.33728,319.74088,-65.32678,1748.61108,439.24347,-71.83688,1509.88489
172,1.425,457.47116,-68.21677,1786.5238,540.48163,-74.50127,1644.84363,327.09732,-64.73891,1747.7677,446.81848,-70.91907,1508.7428
173,1.433,465.62167,-68.23424,1785.5979,548.0733,-73.59125,1643.83447,335.68353,-64.05012,1746.51855,454.65793,-69.91023,1507.58386
174,1.442,474.32458,-67.98362,1784.63696,556.70752,-73.78331,1642.82544,342.80554,-61.66049,1745.47131,463.68567,-70.80815,1506.63562
175,1.45,481.96637,-66.49165,1784.21899,565.0777,-72.77304,1642.18018,351.73532,-61.31292,1744.58521,471.75882,-69.88994,1506.39392
176,1.458,490.65894,-65.44687,1782.43628,573.11768,-71.57705,1640.97754,361.16983,-59.90043,1743.59229,479.62717,-68.91877,1504.74854
177,1.467,499.15451,-64.36023,1781.29797,582.09839,-71.49953,1639.32446,369.01978,-59.90019,1742.79199,487.6824,-67.13179,1503.29785
178,1.475,507.93173,-62.1843,1780.05005,590.10046,-69.50058,1638.52112,377.37567,-57.0436,1741.64636,496.31177,-65.66115,1502.76697
179,1.483,516.05756,-59.86424,1779.1322,598.94299,-66.80331,1636.55029,386.23016,-54.31054,1740.10815,504.65039,-63.91943,1501.71204
180,1.492,525.68286,-57.62951,1778.52747,607.67816,-64.71259,1635.61169,395.28754,-52.82964,1740.18188,512.95917,-61.88187,1500.15002
181,1.5,535.05212,-54.5994,1778.37769,615.97064,-61.87639,1635.04309,405.0593,-51.18447,1739.7804,520.5592,-60.17195,1499.66846
182,1.508,544.89307,-52.34433,1779.05933,624.90204,-59.6936,1634.98425,413.03354,-48.7916,1740.93396,529.37347,-58.57646,1499.90796
183,1.517,554.22925,-49.06309,1778.14771,633.82922,-55.7645,1634.23132,423.19675,-46.37505,1740.85901,537.68915,-55.61967,1500.4054
184,1.525,562.24231,-45.7531,1778.74292,643.26721,-53.31622,1634.93884,431.61771,-44.6434,1741.35034,545.88312,-53.13192,1500.79614
185,1.533,570.36188,-43.25257,1779.6748,650.99091,-49.51487,1635.51306,439.74509,-42.55164,1742.81873,554.27222,-50.65344,1501.09631
186,1.542,579.6283,-39.60699,1780.01233,659.77014,-46.84275,1636.83508,448.57669,-39.4861,1743.31921,563.72809,-50.1918,1502.26379
187,1.55,587.39258,-36.36275,1781.95544,668.75629,-43.48943,1638.62256,456.51654,-38.19903,1744.04028,572.83582,-48.05575,1503.41357
188,1.558,596.08368,-34.59967,1783.15662,676.83344,-40.18428,1639.70178,464.91614,-37.12199,1744.87646,582.2597,-45.44814,1505.245
189,1.567,603.24707,-31.31064,1784.995,685.43671,-38.24787,1642.14697,472.99274,-35.02594,1746.78455,590.39948,-43.05107,1507.50867
190,1.575,612.29266,-30.41138,1786.54895,693.78857,-36.45161,1644.56494,481.39215,-32.92468,1747.74121,598.93298,-41.78305,1508.93066
191,1.583,619.42218,-28.30648,1788.84375,701.38556,-34.35013,1647.08972,488.62329,-31.66453,1749.72778,607.93353,-39.73754,1511.13684
192,1.592,626.28674,-27.31236,1791.52795,709.80853,-32.61608,1649.32361,496.57956,-30.65611,1751.06055,617.13995,-39.1999,1513.04688
193,1.6,633.26379,-26.38162,1793.40063,718.43121,-32.0707,1652.27441,504.07474,-29.29336,1751.87476,625.79443,-37.3829,1514.93738
194,1.608,640.96991,-26.10684,1794.86304,726.59924,-31.37364,1654.29407,511.89557,-28.47039,1753.18555,634.93134,-35.85918,1516.82947
195,1.617,648.77106,-25.77742,1796.66394,733.9491,-30.83712,1656.1134,518.7326,-29.17814,1754.5116,643.82104,-35.54362,1518.68054
196,1.625,656.3703,-25.0956,1797.94189,742.65631,-31.23094,1658.76917,526.67426,-27.52985,1755.0321,652.85492,-35.84899,1519.44714
197,1.633,664.12714,-24.32401,1799.95728,750.63831,-29.93421,1659.87537,535.26581,-27.19498,1756.50488,660.8266,-34.79133,1521.57178
198,1.642,672.29944,-23.56961,1800.99976,759.53705,-31.14812,1661.62976,542.74408,-27.35915,1757.7417,669.87598,-35.33659,1522.48035
199,1.65,680.72003,-24.50267,1802.01721,767.44135,-31.25228,1662.68921,551.29297,-26.82211,1759.02368,677.68182,-34.69578,1523.77209
200,1.658,688.86322,-25.04395,1802.89453,775.85492,-31.61187,1663.0929,560.51404,-26.27599,1759.75513,686.28467,-34.97839,1525.18188
201,1.667,698.68976,-25.22693,1803.68311,784.47217,-31.52158,1663.1438,569.64325,-26.67304,1760.77478,692.31769,-33.92515,1525.32739
202,1.675,708.09747,-25.39992,1803.17163,792.90497,-32.61702,1663.42102,578.1532,-25.75827,1761.79089,701.24689,-33.94455,1525.64673
203,1.683,717.49603,-25.17701,1804.52417,801.29919,-32.00955,1662.40869,587.22162,-24.92432,1762.33435,709.04364,-34.1824,1525.28162
204,1.692,726.67047,-25.68553,1804.37952,810.43805,-32.08223,1661.76099,596.5625,-26.24257,1763.22437,716.94849,-33.95097,1525.53149
205,1.7,735.73914,-26.95862,1803.86951,818.14929,-33.13913,1661.61768,605.47131,-25.98776,1764.11792,724.4585,-33.82228,1525.72424
206,1.708,746.13531,-27.55533,1803.57043,826.44434,-33.42481,1660.58545,614.17047,-25.84686,1764.39856,732.09094,-33.52715,1525.51086
207,1.717,754.21021,-27.17507,1802.77979,835.14966,-33.26854,1660.56946,623.32465,-26.47482,1766.00403,740.16656,-33.20375,1525.77087
208,1.725,762.78662,-27.76105,1803.40674,843.01746,-34.05322,1660.08081,631.97095,-27.33989,1766.47253,747.42432,-33.5839,1525.2771
209,1.733,771.30804,-28.65188,1803.94629,851.38818,-33.60706,1659.78528,640.13074,-26.79677,1767.0144,754.3927,-32.42175,1526.04102
210,1.742,779.71033,-28.32828,1804.33972,858.87561,-33.47167,1660.08984,648.94202,-26.93439,1767.44592,761.89075,-32.07151,1525.86902
211,1.75,787.77454,-28.45251,1804.59412,866.79254,-32.83936,1660.50391,656.67249,-27.08247,1768.51599,770.25739,-31.63942,1526.5968
212,1.758,795.91327,-28.58537,1804.73047,874.64832,-33.56306,1661.50317,664.38348,-25.87805,1768.63379,778.05945,-31.38355,1527.02954
213,1.767,802.67419,-28.53485,1805.67383,882.41632,-32.58949,1662.20349,672.51947,-26.8373,1768.79248,786.13159,-31.5618,1528.26013
214,1.775,810.69958,-28.1606,1806.32397,890.32269,-33.34998,1663.11609,679.15637,-25.67011,1769.6604,794.44513,-31.10582,1528.67029
215,1.783,818.13654,-27.93263,1806.9165,897.89594,-32.97505,1663.84534,686.47925,-25.29495,1770.81189,802.22052,-31.2252,1529.77771
216,1.792,824.08246,-27.00839,1808.40234,905.70288,-32.95195,1664.96387,694.06952,-23.54349,1770.64478,810.41278,-31.02046,1530.45081
217,1.8,831.13019,-25.96555,1808.74011,913.13538,-32.5564,1665.2533,701.18195,-23.59604,1770.77502,817.9588,-30.52531,1530.52966
218,1.808,839.74896,-25.96992,1810.06189,920.91986,-32.30265,1666.31836,709.0625,-23.57986,1770.59607,826.1825,-30.46408,1531.02795
219,1.817,846.02991,-24.41229,1809.86877,928.34259,-32.05923,1666.55115,715.97144,-22.00989,1770.81335,833.64886,-30.59012,1531.43469
220,1.825,853.10748,-25.10401,1810.19067,935.25494,-30.80144,1667.49353,723.75275,-22.5033,1771.3064,841.86548,-30.33468,1531.69324
221,1.833,861.20093,-24.00221,1810.20056,943.15198,-30.599,1668.16553,731.54736,-21.36321,1770.99744,849.42926,-29.86748,1531.82861
222,1.842,868.51703,-23.5179,1811.19019,950.60535,-30.62436,1667.6311,738.65564,-20.75035,1771.42517,856.32178,-30.26545,1531.70337
223,1.85,877.24774,-22.82001,1810.62561,958.61932,-30.16602,1667.35522,746.44861,-20.77228,1770.98108,864.05438,-29.39855,1532.0387
224,1.858,884.58319,-21.69909,1810.30151,967.05426,-29.80746,1667.50574,753.85883,-20.42017,1771.00012,871.48035,-29.74491,1531.92505
225,1.867,892.33008,-23.06653,1809.59827,974.44617,-29.62037,1667.3988,762.39111,-21.58268,1770.90735,879.5813,-29.62791,1531.68274
226,1.875,900.34631,-22.35691,1808.98792,983.35449,-29.69725,1667.10718,769.97968,-22.34269,1770.0415,887.41028,-29.37815,1531.9325
227,1.883,908.12274,-23.42583,1809.1853,990.1925,-29.19722,1666.53149,777.59717,-19.92019,1769.64587,895.03613,-29.85014,1531.10889
228,1.892,916.37665,-22.69244,1808.62537,998.40747,-29.91811,1665.92139,786.16443,-21.48009,1769.1416,903.16919,-29.25435,1530.14172
229,1.9,925.01685,-22.90888,1807.98181,1006.42584,-30.51834,1664.59094,794.3371,-21.69898,1769.29309,911.31879,-29.63703,1529.46729
230,1.908,932.60773,-23.57799,1806.70886,1014.41364,-30.63146,1663.74402,802.29443,-22.08556,1768.005,919.75745,-29.3819,1528.81506
231,1.917,941.78766,-24.45058,1806.49573,1022.58301,-29.74062,1662.91003,810.69116,-23.64402,1767.12952,927.21661,-30.10385,1528.0033
232,1.925,950.79999,-24.41084,1805.34595,1031.06494,-29.92164,1661.65735,818.44305,-21.98702,1766.43848,935.27063,-29.55391,1526.43518
233,1.933,958.86066,-25.30806,1803.5177,1039.33691,-31.65739,1659.91003,827.08301,-23.71334,1766.55334,943.35205,-30.4809,1525.51123
234,1.942,967.34045,-26.36785,1802.49805,1047.12439,-32.33422,1659.6272,835.56128,-24.4851,1764.91516,951.71753,-30.80092,1524.35974
235,1.95,975.08795,-26.5463,1801.0304,1055.5343,-33.48306,1657.15063,844.30731,-25.33779,1763.72424,959.63232,-31.30315,1523.0238
236,1.958,983.55945,-29.06262,1799.95361,1063.41113,-34.35099,1656.38049,853.0155,-25.3182,1762.66797,967.21344,-32.03519,1521.98364
237,1.967,992.19269,-29.64777,1799.0885,1071.55933,-35.2027,1654.73608,861.4646,-26.6273,1761.85229,975.77759,-32.83782,1520.49536
238,1.975,1000.09235,-29.6751,1797.08105,1079.70215,-35.14428,1652.84558,868.95221,-26.37268,1759.71521,983.45282,-33.70019,1519.34094
239,1.983,1007.80884,-29.99365,1795.85974,1087.72327,-36.41298,1652.35181,877.13556,-26.24882,1759.18005,991.22253,-34.01638,1517.97546
240,1.992,1016.41852,-30.83737,1795.14075,1096.19458,-37.39004,1650.65125,885.1817,-27.6789,1758.61377,999.20874,-35.03497,1517.28979
241,2,1024.89661,-31.12009,1794.00745,1103.4491,-38.64957,1649.427,893.08234,-30.0603,1758.05762,1006.85956,-35.25612,1515.19958
242,2.008,1032.198,-33.82143,1792.78479,1112.39807,-38.49197,1648.91943,901.78851,-30.84075,1756.74792,1015.23157,-36.66223,1514.42395
243,2.017,1040.0791,-34.89458,1792.1217,1120.06311,-40.23743,1648.73425,908.89795,-30.89532,1754.78076,1023.901,-38.28734,1514.02466
244,2.025,1048.20837,-35.26606,1792.01599,1127.83154,-41.71244,1647.29089,917.16852,-30.00599,1754.46582,1030.88318,-38.66927,1513.74805
245,2.033,1055.22461,-36.36481,1790.62097,1137.12268,-42.02732,1647.25037,925.01813,-32.5345,1753.59656,1040.20398,-40.06479,1512.79895
246,2.042,1063.01038,-37.42541,1789.6615,1144.34448,-43.45033,1647.6051,932.97443,-34.22117,1752.58118,1047.81946,-40.52833,1511.94592
247,2.05,1071.37903,-38.35939,1789.78955,1152.91528,-44.8056,1647.17737,940.91315,-35.58563,1751.79089,1057.44604,-41.88508,1511.72412
248,2.058,1079.28149,-40.36768,1790.35962,1161.13696,-46.52465,1645.69177,948.06757,-36.08177,1750.7207,1065.58167,-43.15279,1511.26123
249,2.067,1087.86877,-41.40581,1788.62512,1169.06006,-47.76657,1646.34399,956.79675,-35.54843,1749.5824,1073.85168,-44.46434,1510.89209
250,2.075,1096.09229,-42.85765,1788.32922,1177.83875,-48.62359,1645.69104,964.67139,-39.23727,1749.91016,1082.40369,-45.09569,1509.7937
251,2.083,1104.49207,-43.76373,1787.47522,1185.77148,-49.33348,1645.55444,975.05713,-40.5787,1749.39246,1091.97742,-46.53698,1509.82336
252,2.092,1113.77942,-45.01616,1788.00452,1194.06641,-51.50097,1644.70166,982.39929,-40.78635,1748.78186,1099.50513,-47.10534,1509.58997
253,2.1,1121.86194,-46.87321,1787.2124,1203.37427,-52.16546,1643.9447,991.87476,-43.91784,1748.86121,1107.87549,-47.936,1508.2655
254,2.108,1131.45044,-47.96997,1787.02112,1211.89929,-52.92139,1644.22131,1000.88904,-43.29739,1750.10217,1116.55432,-49.74432,1508.82935
255,2.117,1140.48267,-48.63929,1787.03564,1220.97119,-53.15442,1644.18152,1009.80634,-47.37385,1750.98511,1124.68945,-49.99778,1508.91064
256,2.125,1149.0343,-49.82558,1787.43188,1229.84937,-54.13234,1644.89722,1018.72644,-46.94031,1751.08838,1133.50989,-51.29396,1509.56616
257,2.133,1158.25562,-51.17088,1788.33081,1238.59644,-54.58549,1645.27722,1028.34717,-47.57071,1751.802,1140.81067,-51.31484,1509.78455
258,2.142,1166.5033,-52.8068,1789.34045,1248.30762,-56.50855,1646.32129,1037.92065,-51.28135,1753.01099,1151.2865,-52.87337,1511.22083
259,2.15,1176.85901,-53.91151,1790.56555,1256.86438,-56.92601,1647.29004,1045.55957,-50.38041,1753.63281,1160.36401,-53.74504,1512.0061
260,2.158,1183.89478,-54.84569,1791.35522,1265.60791,-58.1576,1648.27502,1053.80334,-51.33036,1754.8103,1169.06421,-54.69461,1513.63159
261,2.167,1192.8645,-55.55075,1792.65039,1274.24194,-58.99582,1649.8717,1062.4054,-52.50964,1754.84668,1179.09888,-56.59056,1514.91211
262,2.175,1201.05078,-55.68621,1793.86987,1283.88123,-60.43308,1651.53906,1070.94641,-53.50137,1756.04175,1188.1969,-57.32943,1516.19299
263,2.183,1209.46082,-57.2658,1794.65149,1292.63342,-61.1332,1652.78064,1079.98914,-55.52605,1757.16956,1197.62817,-59.15986,1517.354
264,2.192,1219.25708,-58.42456,1796.37891,1302.00818,-62.34487,1654.07788,1088.54199,-56.66519,1757.42517,1206.52637,-60.76516,1517.755
265,2.2,1226.479,-58.28353,1796.06348,1309.71655,-63.03829,1654.73779,1096.28357,-56.96665,1757.99487,1215.83423,-61.802,1518.39929
266,2.208,1234.84082,-59.69975,1797.19312,1318.00073,-64.43958,1654.7616,1104.77136,-57.19732,1757.38489,1224.59192,-62.73405,1519.12939
267,2.217,1243.45557,-59.37614,1797.15076,1326.8374,-65.88024,1655.29724,1113.70483,-56.95723,1758.00098,1233.50745,-64.00704,1518.98694
268,2.225,1251.61084,-62.78714,1797.83069,1335.50403,-66.6264,1655.6543,1122.58667,-60.33162,1757.86548,1242.25659,-64.4395,1519.93433
269,2.233,1261.39844,-62.83167,1797.70642,1344.28381,-66.21154,1655.20923,1130.52271,-61.01904,1758.53967,1249.93958,-64.90102,1519.71448
270,2.242,1271.01953,-62.23232,1797.37048,1352.97913,-66.69338,1655.13196,1141.03943,-60.21447,1759.40149,1257.99695,-65.2201,1519.70679
271,2.25,1279.49109,-64.16946,1797.21155,1361.28577,-68.00509,1653.70569,1147.92712,-61.49416,1760.25793,1265.3739,-66.09555,1519.88867
272,2.258,1288.53943,-62.71783,1796.36865,1369.64368,-68.02848,1652.62134,1157.09338,-60.49389,1760.46484,1272.70935,-66.24373,1519.02844
273,2.267,1298.21301,-62.3655,1796.43481,1377.96191,-66.85412,1652.75696,1166.55518,-60.89162,1760.68018,1279.75647,-67.25394,1518.25049
274,2.275,1306.4469,-64.17321,1795.95764,1385.19226,-66.78647,1651.52063,1175.55774,-64.07343,1761.62427,1287.96008,-67.83665,1518.69128
275,2.283,1314.56433,-62.57951,1796.03271,1393.50415,-67.70487,1651.09497,1183.54883,-63.31836,1762.63904,1295.12317,-67.59454,1518.13208
276,2.292,1323.875,-62.29503,1796.82813,1401.41711,-67.06221,1650.70825,1192.08887,-62.04011,1762.53052,1302.81763,-68.56717,1519.17773
277,2.3,1331.44202,-64.01952,1796.9812,1409.36597,-67.27454,1651.48022,1199.80017,-64.00315,1762.52283,1310.4292,-68.62478,1519.29358
278,2.308,1339.37415,-62.55358,1797.16394,1417.28687,-67.36351,1651.93433,1207.77197,-63.81461,1763.29639,1317.12561,-69.15129,1520.20581
279,2.317,1346.61157,-64.14106,1797.84155,1424.54016,-67.3963,1652.82996,1214.33557,-64.79074,1764.0863,1325.81482,-69.45278,1520.73987
280,2.325,1353.08984,-62.13723,1799.24817,1431.52783,-67.34446,1654.61401,1222.22266,-64.5462,1764.99951,1333.05005,-69.79415,1521.48425
281,2.333,1359.04749,-63.86105,1799.86963,1439.23828,-67.37887,1655.88672,1228.81494,-64.69561,1765.39014,1340.67395,-69.7383,1522.61902
282,2.342,1366.42639,-62.93198,1801.03223,1446.76953,-66.88174,1657.82849,1234.57166,-64.83564,1766.44006,1347.72217,-70.31858,1524.28687
283,2.35,1372.09216,-63.78358,1801.46313,1453.89319,-67.30131,1659.53015,1241.51782,-66.70519,1766.79431,1356.08289,-70.60684,1525.2937
284,2.358,1379.57336,-63.58605,1804.02832,1460.22961,-67.71981,1660.65466,1249.3905,-66.25462,1767.0647,1363.95544,-70.23612,1525.77844
285,2.367,1384.14221,-63.77163,1805.04846,1467.25574,-68.61334,1662.4364,1254.92212,-68.41244,1767.47571,1371.40649,-71.0403,1527.46301
286,2.375,1392.29956,-63.97338,1806.45935,1473.88599,-68.47774,1663.88757,1262.22876,-67.01639,1766.93396,1378.93579,-72.69997,1528.47583
287,2.383,1397.09314,-64.50187,1806.32654,1481.1886,-68.53165,1665.03308,1267.81604,-69.53764,1768.66272,1385.86133,-72.60747,1528.60266
288,2.392,1404.02783,-67.41453,1806.95801,1488.08228,-69.76724,1665.67712,1275.2677,-68.35609,1768.12183,1394.11597,-72.92574,1529.57617
289,2.4,1410.77039,-67.34698,1807.14844,1495.3595,-70.4025,1666.82434,1281.10571,-70.35014,1768.77319,1402.40173,-72.70614,1530.03345
290,2.408,1417.29834,-69.0788,1807.25134,1502.99854,-71.14056,1667.35999,1287.672,-70.44556,1769.58557,1409.66174,-73.14233,1530.64795
291,2.417,1424.81018,-68.79603,1808.0437,1509.74927,-72.09887,1667.00085,1294.1825,-71.84223,1768.80518,1415.85059,-73.9188,1530.41284
292,2.425,1431.10193,-69.60353,1808.10193,1517.68542,-71.91418,1666.80615,1302.43958,-70.32513,1766.55811,1422.73389,-73.90304,1530.04993
293,2.433,1440.30847,-69.92215,1809.04016,1524.88098,-73.15257,1666.65564,1309.25623,-72.25084,1767.10364,1430.85583,-74.89503,1529.5509
294,2.442,1447.92969,-72.15318,1807.50073,1531.7085,-73.53652,1665.59155,1317.32703,-71.1108,1767.46887,1437.6571,-75.09948,1529.44092
295,2.45,1455.41113,-70.95949,1806.5824,1539.03931,-73.80387,1664.62732,1324.47241,-73.35986,1767.60999,1445.91138,-74.40788,1527.95276
296,2.458,1462.1814,-71.78218,1805.83423,1547.23022,-73.96521,1663.65356,1332.49573,-72.61753,1766.06152,1452.45142,-75.09045,1527.63367
297,2.467,1470.58337,-70.89888,1804.76611,1554.84106,-74.21431,1661.75549,1340.37122,-74.5894,1766.00366,1459.8728,-75.86781,1526.2428
298,2.475,1479.02124,-73.40987,1802.30713,1562.99573,-74.23962,1659.8877,1347.98059,-72.17839,1764.17139,1466.37549,-75.41705,1524.75476
299,2.483,1488.08032,-71.48928,1800.85645,1571.10938,-76.03809,1658.66016,1357.4519,-72.31862,1763.61084,1473.77161,-74.43826,1523.99292
300,2.492,1495.75305,-73.21622,1799.06323,1577.47034,-73.43484,1657.59973,1363.98376,-73.48868,1762.29626,1480.75049,-75.35645,1521.37207
301,2.5,1503.54199,-71.69679,1798.98389,1585.57959,-73.34018,1655.35583,1373.10803,-72.10479,1761.74622,1489.40833,-74.95054,1520.77734
302,2.508,1514.60962,-71.09542,1797.83118,1594.27698,-72.29539,1653.40527,1380.94983,-70.79895,1760.6897,1496.745,-74.44185,1519.59583
303,2.517,1520.53235,-70.86654,1795.97668,1602.24927,-73.42439,1652.35193,1388.11572,-72.48625,1759.49353,1503.77405,-74.32401,1517.11096
304,2.525,1528.18652,-69.52531,1793.05054,1609.17664,-72.59146,1649.9231,1396.66675,-70.09361,1757.8053,1510.61853,-73.63536,1516.14917
305,2.533,1535.65198,-69.20311,1792.12305,1616.23315,-70.99986,1648.95801,1404.87671,-69.17553,1756.96838,1518.90173,-72.0326,1515.71326
306,2.542,1543.70947,-68.30047,1791.37512,1623.94971,-69.3982,1647.18958,1411.76013,-70.13622,1756.61682,1526.69421,-72.21008,1513.52478
307,2.55,1552.16125,-66.95175,1790.49622,1632.85144,-68.38822,1646.77466,1421.01318,-68.84122,1755.20215,1533.49658,-70.14884,1512.4519
308,2.558,1558.46973,-66.52898,1788.80286,1639.47363,-67.48393,1645.69214,1429.17615,-68.73525,1753.74487,1541.37939,-70.09271,1511.63989
309,2.567,1565.97644,-66.95186,1787.53833,1647.19873,-67.20164,1644.81616,1435.05188,-67.89864,1752.97827,1548.45898,-69.82719,1510.90186
310,2.575,1574.9458,-66.07166,1786.31335,1654.20972,-67.75837,1643.40833,1441.73145,-65.37209,1751.08313,1557.17236,-68.60869,1509.3761
311,2.583,1581.40674,-63.03886,1786.20422,1662.55103,-65.59315,1643.00952,1450.61304,-64.34789,1749.47571,1564.79199,-67.57425,1508.2251
312,2.592,1589.04272,-61.06291,1786.29639,1670.38708,-65.56672,1642.69714,1457.75989,-64.75496,1749.56714,1572.4458,-66.93081,1508.11621
313,2.6,1595.45178,-60.17659,1786.60474,1678.38562,-64.48287,1642.18896,1463.81592,-60.08506,1749.12634,1579.73889,-66.5527,1507.59326
314,2.608,1602.52588,-58.48276,1783.8877,1685.38,-63.53286,1641.68335,1470.97559,-58.70958,1746.81775,1587.81262,-63.82313,1506.72278
315,2.617,1609.03809,-57.85601,1782.56714,1692.41663,-62.3418,1640.74426,1478.51282,-58.88091,1747.25317,1595.828,-64.37351,1505.64941
316,2.625,1617.21155,-56.11995,1782.85266,1699.22485,-60.82964,1640.66821,1487.0271,-58.44743,1746.60132,1603.36755,-62.13271,1505.21533
317,2.633,1624.29541,-53.34853,1782.40088,1708.48132,-57.71175,1640.43042,1493.91223,-56.16356,1744.80676,1611.64148,-60.80603,1504.48914
318,2.642,1630.86646,-52.27931,1782.17346,1715.96045,-56.59519,1640.61462,1500.48218,-51.27736,1743.36035,1620.01648,-58.94069,1504.68799
319,2.65,1638.19885,-51.20037,1781.24072,1723.42383,-54.94863,1640.29297,1506.07434,-49.69225,1742.61401,1627.19531,-57.92511,1503.87817
320,2.658,1646.97949,-47.55555,1780.88269,1730.41821,-52.93678,1640.42847,1515.34399,-49.51212,1742.66968,1636.6167,-55.20111,1503.91467
321,2.667,1654.92712,-44.88148,1781.07458,1738.5304,-49.84346,1639.85559,1522.98596,-46.97939,1741.03723,1644.047,-53.44932,1503.11914
322,2.675,1661.13733,-44.24466,1780.03479,1747.92712,-48.15268,1638.58398,1531.12854,-44.88751,1740.5293,1652.40186,-52.48636,1501.63354
323,2.683,1670.66492,-39.73563,1780.30005,1755.00269,-46.89325,1637.68286,1539.99219,-41.08672,1741.8252,1661.15527,-50.29601,1501.89478
324,2.692,1678.66077,-38.92836,1779.83777,1764.75903,-42.71477,1637.66016,1547.61084,-42.4062,1740.46057,1669.40088,-48.04659,1501.52734
325,2.7,1687.57227,-35.7924,1778.78162,1772.62585,-41.05169,1637.80286,1556.82043,-39.42442,1742.60474,1676.55908,-45.72985,1501.86121
326,2.708,1695.33679,-32.68444,1779.10864,1779.2207,-38.67263,1637.37415,1565.78284,-37.93243,1741.97791,1684.69971,-42.6405,1501.51953
327,2.717,1705.17834,-30.05676,1780.24658,1790.01733,-35.05553,1637.85132,1573.95215,-36.3778,1741.94873,1693.27222,-41.17289,1501.92627
328,2.725,1713.04272,-28.42121,1780.15979,1796.93274,-32.08064,1637.48096,1582.36218,-31.12349,1742.81897,1700.80151,-38.95625,1502.86743
329,2.733,1721.5929,-25.16758,1780.54443,1804.92651,-30.53065,1638.68872,1590.60022,-30.0155,1745.40051,1708.56445,-37.31971,1503.2428
330,2.742,1730.22876,-22.94436,1782.25757,1813.07324,-27.24124,1640.37769,1598.66357,-30.47677,1745.71326,1717.51843,-33.98545,1505.43518
331,2.75,1738.98987,-20.72833,1784.24805,1821.97827,-24.13233,1642.76331,1608.89661,-29.23163,1746.58533,1725.90527,-33.03516,1506.54578
332,2.758,1746.74792,-19.71684,1786.51379,1830.29517,-22.81024,1644.56885,1616.21094,-26.98018,1747.31311,1734.71289,-31.11755,1508.32373
333,2.767,1753.68518,-17.46046,1787.54138,1837.76038,-22.42938,1645.82202,1622.90552,-24.19054,1749.49463,1742.02002,-30.47258,1509.99133
334,2.775,1760.96826,-16.61305,1788.97986,1845.61743,-22.56868,1647.80518,1629.83521,-23.55872,1750.03845,1751.88208,-28.44476,1511.75684
335,2.783,1768.8186,-15.39689,1791.43799,1854.5553,-18.63217,1651.23022,1638.07153,-22.59693,1751.07483,1759.30737,-27.23405,1513.5675
336,2.792,1776.26282,-15.26291,1793.97156,1861.83289,-18.59177,1653.07678,1645.30908,-22.09652,1753.50464,1768.83032,-25.34929,1515.82581
337,2.8,1782.36743,-15.18218,1795.69299,1869.60364,-18.25398,1655.24805,1652.40442,-20.62507,1754.96167,1777.79736,-25.94972,1517.40466
338,2.808,1790.09509,-13.88964,1797.52185,1878.05957,-17.47472,1656.82202,1660.3429,-19.70843,1755.78687,1786.60803,-24.30732,1518.37366
339,2.817,1796.61841,-13.51076,1797.94287,1884.81799,-18.72015,1658.23975,1667.73291,-19.6388,1755.94556,1794.56189,-23.50614,1519.72852
340,2.825,1804.78882,-14.94893,1799.04724,1892.34753,-19.05417,1658.90979,1675.12158,-18.40256,1757.07532,1802.66785,-23.70892,1520.96375
341,2.833,1813.28113,-14.57429,1799.97766,1900.5835,-18.4606,1660.19446,1682.86096,-19.55449,1757.12976,1811.15466,-23.43616,1522.26831
342,2.842,1821.60474,-13.66871,1800.61841,1909.63538,-18.18956,1660.19971,1690.57446,-18.46952,1757.56384,1819.05652,-22.76794,1522.98438
343,2.85,1829.32324,-12.64515,1800.65417,1917.21692,-17.47601,1660.46985,1700.27087,-17.95653,1760.36182,1825.8678,-22.81758,1523.52051
344,2.858,1838.005,-13.22202,1801.09961,1924.04663,-17.5407,1661.02869,1709.0636,-17.98978,1760.49536,1833.90344,-21.88764,1524.01892
345,2.867,1846.75464,-13.2783,1800.53906,1932.2688,-18.0539,1660.07739,1717.82153,-17.65561,1759.94849,1841.43433,-21.9865,1523.28638
346,2.875,1855.96252,-13.4943,1800.29834,1940.76062,-17.93438,1659.62305,1725.49048,-17.87803,1761.16284,1848.56506,-21.45509,1523.55542
347,2.883,1864.09692,-13.01505,1800.98938,1947.40259,-18.43681,1658.68372,1734.39807,-16.85139,1760.89673,1855.03625,-20.66724,1523.46899
348,2.892,1874.11292,-12.11016,1800.86169,1955.74878,-19.22043,1658.23657,1742.72559,-15.8352,1763.08423,1861.32629,-21.37759,1523.19946
349,2.9,1881.177,-13.3598,1800.61975,1963.32898,-17.38674,1657.52698,1752.98254,-17.57866,1763.46826,1868.20459,-20.77203,1523.31677
350,2.908,1889.97888,-14.25248,1799.87744,1971.875,-17.88389,1657.34656,1760.5708,-15.98445,1764.26208,1875.19556,-20.66711,1522.38342
351,2.917,1897.57898,-14.23035,1800.64148,1978.98975,-18.39096,1656.92957,1767.85059,-17.15998,1765.2251,1882.69775,-20.31932,1523.09656
352,2.925,1905.70532,-14.68038,1800.9679,1986.82727,-16.80966,1657.70496,1774.88098,-14.85403,1766.5155,1890.04431,-19.78169,1523.87109
353,2.933,1913.51331,-14.60608,1801.77112,1993.44238,-16.23406,1658.20972,1783.25964,-14.55385,1766.75769,1895.70422,-19.13133,1524.07397
354,2.942,1921.2583,-13.59922,1802.9436,2001.10938,-16.37364,1659.28394,1791.76953,-16.23031,1766.83398,1903.59192,-18.89639,1525.03931
355,2.95,1927.51062,-13.03683,1803.20496,2008.13904,-16.64298,1658.95886,1797.7168,-15.62976,1767.85571,1910.78906,-18.58462,1525.15039
356,2.958,1933.70032,-13.09688,1804.23413,2014.63831,-16.54044,1660.40088,1804.79053,-14.68569,1767.31665,1918.32153,-18.6048,1526.06946
357,2.967,1940.28687,-12.80201,1805.2063,2021.70471,-16.19067,1661.38806,1811.86401,-16.32876,1767.50159,1925.87854,-18.57191,1526.90649
358,2.975,1946.39185,-12.31808,1805.45374,2028.04602,-15.91533,1662.53455,1816.10693,-12.84644,1767.73193,1933.01453,-17.68709,1527.72241
359,2.983,1952.65833,-12.80136,1806.22607,2035.3186,-15.86145,1663.53137,1823.78015,-14.92652,1769.4397,1940.80481,-17.81388,1528.49976
360,2.992,1960.18225,-12.69456,1807.63916,2042.76428,-15.61518,1664.86438,1829.90857,-12.0154,1769.85803,1947.43115,-17.23756,1529.06482
361,3,1967.89819,-12.29261,1807.99451,2049.72632,-15.09671,1665.09619,1837.42554,-13.85043,1770.76953,1955.61792,-18.53246,1530.44604
362,3.008,1973.59534,-11.9867,1808.42383,2056.83789,-15.27355,1666.56152,1842.50366,-13.17124,1770.42615,1962.22034,-17.393,1530.99634
363,3.017,1980.56067,-12.45774,1808.4314,2063.16089,-14.99484,1667.09204,1848.33081,-12.17065,1771.51221,1969.20361,-16.32521,1531.49292
364,3.025,1986.23438,-12.1503,1808.86267,2070.01367,-14.75208,1666.89905,1855.64233,-12.38087,1769.66199,1976.72095,-16.14745,1531.88782
365,3.033,1993.21204,-11.35525,1808.11304,2078.14551,-15.4244,1667.19019,1862.43298,-11.18193,1769.18933,1984.5238,-17.37948,1531.16309
366,3.042,2000.79773,-11.12186,1808.08118,2084.94141,-15.17912,1667.12256,1870.03442,-11.56803,1770.50134,1991.7395,-16.75485,1531.3623
367,3.05,2008.73547,-11.22574,1808.66797,2091.71509,-14.61119,1666.85193,1877.23596,-11.74089,1769.65137,1997.17981,-16.07917,1531.09119
368,3.058,2015.29651,-11.4066,1808.5343,2099.15356,-15.44345,1666.37939,1884.75562,-12.44126,1769.90857,2005.57898,-16.68872,1530.57971
369,3.067,2023.86511,-10.23068,1807.03369,2106.5564,-15.47036,1666.04761,1891.42688,-11.11731,1767.24341,2012.52295,-17.37807,1530.07129
370,3.075,2031.50549,-10.87549,1807.07275,2114.19092,-15.91579,1663.99304,1899.34644,-10.04205,1768.38318,2019.48254,-17.60623,1529.54688
371,3.083,2038.38306,-11.6126,1805.93677,2122.08179,-15.23832,1663.01099,1908.23486,-11.20937,1768.16528,2026.59241,-18.56122,1528.48779
372,3.092,2047.52319,-10.73831,1804.78455,2129.16211,-15.07551,1661.67383,1915.15527,-13.21463,1767.90491,2034.03833,-18.2044,1527.53723
373,3.1,2054.12451,-11.26729,1803.22705,2136.5481,-16.45822,1660.64587,1924.23865,-12.50708,1765.4314,2040.94666,-18.20126,1526.51843
374,3.108,2063.10034,-10.78181,1801.76697,2143.84399,-16.13067,1658.79492,1931.9165,-14.06462,1764.74292,2047.74219,-18.57457,1525.03247
375,3.117,2070.57886,-11.94699,1800.38391,2151.88184,-17.49585,1656.72339,1939.31775,-11.5103,1765.07324,2055.80493,-19.39824,1523.27991
376,3.125,2078.51099,-12.61088,1799.27734,2159.15259,-16.78356,1654.8468,1945.79211,-14.33852,1763.40381,2061.45728,-19.67343,1521.70593
377,3.133,2088.63306,-13.47525,1797.60229,2165.91406,-17.35831,1652.44287,1955.31604,-15.36476,1762.27429,2069.13062,-19.68814,1520.27173
378,3.142,2094.25146,-13.86286,1795.79517,2173.30298,-16.61501,1651.48975,1960.73303,-15.22853,1762.11987,2075.35303,-20.49697,1517.89929
379,3.15,2101.93628,-15.03504,1794.08118,2180.7605,-17.87674,1650.1803,1970.49744,-17.91763,1760.55103,2081.96924,-20.91856,1517.17566
380,3.158,2108.51758,-15.01577,1793.77869,2188.23486,-18.50096,1647.83984,1976.29236,-18.71057,1759.63489,2088.53198,-22.44779,1515.87598
381,3.167,2116.896,-16.12997,1791.86328,2194.50854,-19.42151,1647.91638,1983.64563,-18.90712,1758.25854,2096.05713,-23.10445,1515.54297
382,3.175,2123.34009,-16.76962,1792.18677,2201.43823,-20.64642,1646.84399,1991.61414,-22.60053,1758.66309,2103.49609,-24.16438,1514.46582
383,3.183,2129.93896,-18.18312,1791.62317,2208.02515,-21.48039,1646.76306,1996.91724,-23.41901,1758.02246,2109.69067,-24.10005,1514.14465
384,3.192,2137.25708,-20.13316,1790.75244,2215.31836,-22.05722,1646.37402,2002.20459,-22.1497,1756.11841,2117.44653,-25.60538,1513.79675
385,3.2,2142.55591,-21.21407,1791.26892,2221.65723,-24.07855,1647.54553,2009.45496,-25.11327,1754.88562,2124.58862,-26.64296,1514.01404
386,3.208,2149.50464,-22.70395,1791.15955,2229.55151,-24.45225,1647.31116,2016.89038,-27.68349,1756.25208,2132.95215,-27.50004,1513.76514
387,3.217,2155.04858,-26.16894,1791.45215,2236.36768,-26.11678,1648.29675,2025.05054,-29.73114,1752.49414,2139.56543,-29.13076,1513.99292
388,3.225,2160.0603,-28.26576,1790.69299,2242.90039,-27.93842,1648.66724,2027.81897,-33.03918,1752.74475,2146.91772,-29.9681,1513.33752
389,3.233,2167.3313,-30.73138,1790.64539,2249.63599,-30.02868,1648.12146,2036.40149,-34.16326,1753.52356,2155.28052,-30.83139,1513.4906
390,3.242,2173.38403,-32.85458,1790.76733,2257.60107,-31.60638,1648.04724,2042.95337,-35.10867,1751.89734,2161.92505,-33.23852,1512.6814
391,3.25,2181.01953,-34.85999,1790.58459,2264.02344,-32.48157,1648.23804,2050.32886,-39.88375,1751.73279,2169.15283,-34.44707,1513.01685
392,3.258,2188.40112,-35.84301,1790.66394,2271.12622,-34.45605,1648.13452,2056.22607,-41.53241,1752.78809,2176.78271,-35.96446,1513.07874
393,3.267,2196.81079,-37.44574,1790.5614,2279.65552,-35.37408,1648.32715,2065.33472,-40.35366,1753.05615,2184.13184,-36.66438,1512.43286
394,3.275,2204.03931,-40.11444,1790.99597,2286.24438,-37.78559,1648.2395,2072.15942,-42.17099,1752.44995,2190.60083,-38.40918,1513.38379
395,3.283,2210.64746,-41.58056,1790.73169,2293.31665,-39.82719,1647.61121,2080.60083,-45.74973,1754.15918,2198.00244,-40.60818,1513.06274
396,3.292,2219.59106,-42.76324,1791.61328,2301.3811,-40.19051,1647.62671,2089.54102,-46.98004,1753.81421,2204.94531,-41.46505,1513.85083
397,3.3,2227.64575,-44.05145,1791.70898,2307.63086,-42.51438,1648.01172,2094.32666,-51.78591,1754.79468,2211.90112,-43.27043,1514.0188
