Frame#,Time,Top.Head.x,Top.Head.y,Top.Head.z,Jaw.x,Jaw.y,Jaw.z
1,0,-1385.91162,114.16798,1564.93347,-1291.84753,104.90611,1451.65442
2,0.008,-1380.52588,113.72334,1565.7002,-1288.18396,103.24286,1451.35388
3,0.017,-1375.8584,114.37406,1565.57751,-1282.75513,101.14576,1450.52881
4,0.025,-1370.63525,114.76109,1564.4115,-1278.20874,106.16418,1450.89172
5,0.033,-1365.53137,115.56586,1563.90356,-1273.2937,103.90187,1450.8551
6,0.042,-1362.94397,113.66405,1563.96765,-1269.72437,101.70184,1450.3855
7,0.05,-1358.32227,114.68584,1563.53015,-1264.84534,103.90827,1450.72498
8,0.058,-1353.63928,115.01421,1564.75049,-1260.33057,105.6776,1451.75647
9,0.067,-1348.68164,113.61821,1564.40173,-1255.14136,103.98367,1450.3114
10,0.075,-1344.82092,113.75838,1563.31641,-1250.90271,100.64778,1450.12122
11,0.083,-1340.47217,112.32837,1563.1062,-1246.4967,105.15234,1450.65161
12,0.092,-1336.44653,113.98643,1563.401,-1241.60669,104.46493,1450.64441
13,0.1,-1330.58997,112.77222,1562.93579,-1237.85632,101.1182,1449.98962
14,0.108,-1328.41504,111.57314,1562.31897,-1233.08447,99.19247,1449.59302
15,0.117,-1323.04102,111.31395,1561.72998,-1228.94971,98.89802,1449.87073
16,0.125,-1318.74683,110.80429,1561.94153,-1223.36121,103.21484,1449.08508
17,0.133,-1313.95361,110.23245,1561.82495,-1219.19104,99.35926,1447.95203
18,0.142,-1310.11316,109.42677,1561.83154,-1215.08862,98.34801,1447.41846
19,0.15,-1305.65649,108.64927,1561.58606,-1211.00244,97.55424,1446.74792
20,0.158,-1300.35217,108.40767,1560.24976,-1205.73474,96.81895,1447.6283
21,0.167,-1297.48389,107.22718,1561.245,-1200.92212,97.31908,1447.18359
22,0.175,-1292.05298,107.20232,1560.88599,-1195.94971,96.13607,1447.44067
23,0.183,-1287.25928,106.49141,1560.85229,-1192.65613,94.47347,1447.70801
24,0.192,-1283.16296,104.5549,1559.13574,-1188.45898,93.38393,1447.42981
25,0.2,-1279.33704,104.25436,1559.16797,-1182.59119,96.50094,1446.28723
26,0.208,-1274.71533,102.78876,1559.68115,-1178.20154,95.15257,1445.9834
27,0.217,-1271.13208,101.04326,1560.02075,-1173.75671,92.44266,1445.76392
28,0.225,-1265.05896,99.93378,1557.59192,-1168.38721,90.40273,1444.99548
29,0.233,-1260.58447,99.50209,1557.45789,-1164.16711,87.31761,1444.74316
30,0.242,-1257.09839,97.48756,1557.33484,-1160.59302,86.78102,1444.66895
31,0.25,-1251.88184,95.78596,1555.4082,-1155.32373,90.70863,1444.91431
32,0.258,-1246.29004,96.39625,1555.12048,-1151.22607,86.8583,1443.80469
33,0.267,-1243.29236,93.27565,1555.67847,-1146.37671,84.70364,1443.8468
34,0.275,-1238.05664,91.48256,1554.77722,-1141.02502,82.68863,1443.09509
35,0.283,-1233.65564,89.89094,1553.98315,-1136.83325,78.55748,1442.38904
36,0.292,-1228.68848,88.50923,1554.02954,-1131.57422,77.02903,1440.66992
37,0.3,-1223.59875,87.15507,1553.19849,-1126.31067,79.14767,1441.4303
38,0.308,-1218.76575,84.91682,1552.55566,-1121.08716,77.81783,1442.4281
39,0.317,-1214.37598,83.01628,1552.74841,-1116.82898,77.19298,1443.11133
40,0.325,-1209.9519,82.19745,1552.74792,-1110.68787,73.95912,1442.63159
41,0.333,-1205.23352,80.28271,1553.30579,-1106.46106,71.4261,1442.00232
42,0.342,-1200.03833,78.8503,1552.66235,-1101.25964,67.9957,1441.26892
43,0.35,-1194.40112,76.99131,1551.94946,-1096.80164,74.05285,1444.02954
44,0.358,-1190.33826,74.36582,1552.42542,-1091.3009,71.17274,1444.74731
45,0.367,-1185.17395,73.56811,1553.67798,-1085.48608,67.5773,1447.06274
46,0.375,-1178.38586,71.67046,1554.13257,-1080.51624,65.14035,1446.31482
47,0.383,-1172.99695,69.90115,1553.69934,-1075.42944,62.54409,1445.96057
48,0.392,-1167.68811,67.56222,1555.50293,-1069.36829,57.88806,1444.52002
49,0.4,-1163.12708,65.43277,1555.8927,-1063.24353,61.81122,1445.79272
50,0.408,-1157.82764,65.07933,1555.74634,-1059.07507,62.27221,1449.39966
51,0.417,-1150.8689,62.58751,1557.64709,-1054.65454,58.55056,1448.59167
52,0.425,-1145.51062,61.85706,1557.87036,-1048.57031,55.04879,1448.72205
53,0.433,-1141.24451,58.27344,1559.59229,-1042.99707,52.13215,1450.65625
54,0.442,-1134.93225,57.32836,1560.06287,-1038.94067,47.52557,1449.83032
55,0.45,-1129.42517,54.80573,1561.81104,-1032.58423,46.53642,1451.64038
56,0.458,-1124.80554,53.74011,1563.1615,-1028.45227,49.23026,1454.50964
57,0.467,-1118.45447,52.00274,1564.28748,-1022.08887,46.14209,1455.23389
58,0.475,-1113.75574,49.52327,1566.13733,-1017.4502,45.97893,1457.39978
59,0.483,-1108.95984,46.61998,1567.80554,-1011.89551,43.26004,1458.54614
60,0.492,-1103.7522,45.79141,1568.79492,-1007.26257,38.47205,1458.25244
61,0.5,-1098.68286,43.52511,1570.51282,-1001.07721,35.32402,1459.07483
62,0.508,-1094.19287,42.30995,1572.21033,-997.05566,35.96045,1462.2196
63,0.517,-1089.19238,40.06256,1572.43188,-992.22614,34.77,1462.48987
64,0.525,-1083.56531,37.88511,1574.01025,-987.29138,33.15691,1463.78198
65,0.533,-1079.27173,36.36213,1573.85486,-981.72589,30.82453,1465.22949
66,0.542,-1076.23401,35.3696,1575.4032,-976.29877,30.07094,1466.89233
67,0.55,-1069.67786,32.53228,1575.85828,-972.22302,29.10663,1466.68469
68,0.558,-1064.00513,31.32065,1576.33459,-967.9892,25.13671,1466.00256
69,0.567,-1059.88123,28.91643,1576.84363,-963.20593,23.67477,1466.98291
70,0.575,-1054.54126,27.94462,1577.95264,-959.19031,19.92982,1466.55408
71,0.583,-1050.86243,26.22064,1579.00586,-951.0495,23.51494,1469.09094
72,0.592,-1044.73267,25.57148,1579.45618,-947.30005,21.84528,1468.75818
73,0.6,-1040.01257,23.54962,1578.9032,-942.77411,18.6138,1468.22888
74,0.608,-1034.70154,22.52519,1578.30005,-938.74036,17.15044,1468.40112
75,0.617,-1028.21802,20.85188,1579.01294,-934.38934,16.01121,1468.13855
76,0.625,-1025.32141,18.59835,1580.15918,-927.84772,15.80824,1468.25745
77,0.633,-1019.47491,19.0935,1580.33679,-922.83521,15.47745,1469.8623
78,0.642,-1015.07031,19.09457,1581.0625,-917.96649,10.68547,1468.85425
79,0.65,-1011.47205,16.54257,1581.45105,-912.88403,9.54579,1469.46619
80,0.658,-1005.95648,15.11775,1580.89099,-907.87878,11.4892,1469.31982
81,0.667,-999.29755,15.07563,1579.96704,-904.34967,12.76932,1470.23022
82,0.675,-994.93481,14.14468,1580.17163,-899.66785,10.23219,1469.64294
83,0.683,-991.11829,14.26427,1580.64355,-894.84058,8.23892,1469.62122
84,0.692,-985.82062,12.29783,1581.06067,-888.73242,6.61166,1467.62708
85,0.7,-980.51532,10.33162,1581.47998,-883.84875,9.02387,1469.45728
86,0.708,-975.02179,10.22649,1580.73596,-880.11279,8.38365,1468.41138
87,0.717,-970.34943,9.79072,1580.33276,-874.4505,3.26951,1466.96289
88,0.725,-964.85565,10.57536,1580.13147,-868.82703,7.74319,1468.13599
89,0.733,-960.93005,10.01451,1579.65808,-864.52399,6.62792,1466.87146
90,0.742,-955.70398,10.4936,1579.3927,-860.72461,3.6903,1464.80835
91,0.75,-950.36664,8.33488,1578.38269,-855.47345,1.88742,1464.84717
92,0.758,-944.8418,7.12949,1577.86304,-849.65039,5.61807,1465.50183
93,0.767,-938.53882,7.26229,1577.75183,-846.18054,1.50296,1462.61621
94,0.775,-932.9483,6.69052,1575.80469,-841.93182,1.25377,1461.87231
95,0.783,-929.94733,8.20922,1576.32874,-835.86609,5.3422,1463.38416
96,0.792,-925.17053,6.74561,1575.79919,-832.00238,2.12979,1460.47693
97,0.8,-919.65515,6.31844,1575.4679,-826.72028,1.40836,1460.14331
98,0.808,-915.71655,7.15204,1574.6449,-821.95313,3.04074,1460.64282
99,0.817,-910.70404,6.31742,1574.3031,-816.729,2.56894,1459.74023
100,0.825,-905.53833,5.78029,1573.73022,-812.26807,0.66538,1458.30566
101,0.833,-900.24957,6.10915,1572.51184,-807.74615,2.63985,1458.08948
102,0.842,-894.11035,4.50728,1571.06836,-802.37268,1.40109,1456.81934
103,0.85,-892.1629,4.92902,1571.11365,-797.93005,-0.48663,1455.62073
104,0.858,-885.93951,3.87171,1570.9519,-791.48633,0.73039,1454.62939
105,0.867,-880.55817,4.34578,1569.41113,-786.17676,1.85819,1454.44421
106,0.875,-874.47388,3.74205,1567.50879,-784.00476,-0.53922,1452.90808
107,0.883,-871.40265,5.82853,1567.50012,-776.94153,2.35052,1451.95715
108,0.892,-864.89661,4.65712,1566.62317,-772.36414,1.63382,1451.84509
109,0.9,-859.57813,5.10008,1565.44604,-767.41486,2.00035,1449.52905
110,0.908,-854.45026,4.10401,1565.18933,-763.30634,3.80484,1450.01563
111,0.917,-850.36713,4.7108,1565.11853,-758.72485,2.22234,1449.32349
112,0.925,-845.73322,4.93755,1563.22827,-753.5257,1.88582,1446.83325
113,0.933,-840.11041,6.41362,1562.02991,-748.68756,1.98439,1446.07312
114,0.942,-834.16895,5.60266,1562.69922,-742.72638,-0.82515,1444.73706
115,0.95,-828.89221,5.17178,1560.62622,-737.42023,4.47001,1444.66687
116,0.958,-825.07031,6.65132,1558.94556,-732.83008,1.70434,1443.82056
117,0.967,-819.67871,5.74566,1558.88037,-726.92334,1.3364,1442.96411
118,0.975,-813.85126,6.87771,1558.59216,-721.65851,2.16028,1441.40515
119,0.983,-808.6225,6.30181,1557.55432,-716.24933,3.61477,1441.94678
120,0.992,-803.79144,7.47725,1556.27014,-712.28406,4.45511,1441.9834
121,1,-799.31403,7.63568,1556.7605,-706.97913,1.76868,1438.68994
122,1.008,-793.52472,9.48981,1556.56543,-701.5943,5.08687,1439.54504
123,1.017,-789.15643,9.92776,1556.00391,-695.80658,2.79362,1438.19971
124,1.025,-782.59271,9.51696,1554.45398,-688.82336,5.27122,1437.86267
125,1.033,-777.22766,11.46858,1553.15845,-684.0542,5.13077,1437.52856
126,1.042,-771.25775,12.36212,1553.2002,-678.9892,7.27985,1437.6449
127,1.05,-766.34497,14.45456,1552.94141,-674.9491,6.5784,1437.54199
128,1.058,-758.49451,14.3709,1551.37036,-667.88452,11.13538,1437.81201
129,1.067,-754.55066,15.31917,1550.54614,-663.35156,9.50869,1437.25989
130,1.075,-748.92188,15.234,1551.96594,-656.24615,9.54472,1437.79541
131,1.083,-743.38324,17.34586,1552.30457,-650.52527,9.26414,1437.08777
132,1.092,-738.12604,17.87986,1552.03882,-643.74951,12.86091,1437.51062
133,1.1,-733.1781,20.24643,1552.76733,-639.74194,12.20636,1436.93225
134,1.108,-726.39642,20.92298,1552.8761,-632.5647,15.21119,1437.94568
135,1.117,-721.23529,22.87239,1553.271,-625.75909,15.6284,1439.1543
136,1.125,-713.64838,23.81177,1552.95837,-620.8526,16.17038,1438.92505
137,1.133,-708.06671,23.9908,1553.58923,-613.41974,20.76682,1439.55505
138,1.142,-702.3949,27.13417,1554.48779,-608.35767,17.26639,1439.50806
139,1.15,-695.58258,27.61082,1554.75781,-600.71417,21.48603,1441.01282
140,1.158,-689.99243,28.84405,1556.93103,-594.92297,22.13753,1440.72278
141,1.167,-682.87128,30.58336,1556.28931,-588.74225,22.64689,1442.22363
142,1.175,-676.90204,30.17071,1557.34509,-581.92279,22.00606,1444.96338
143,1.183,-670.06915,31.34355,1559.67725,-577.7597,24.58232,1444.30408
144,1.192,-664.91302,31.39702,1560.91931,-567.44202,23.28256,1446.54749
145,1.2,-659.59998,35.04569,1561.02429,-560.61194,23.8672,1446.9751
146,1.208,-652.75415,35.08733,1563.48157,-558.27283,26.57745,1447.57837
147,1.217,-646.9527,36.24162,1564.90906,-552.06488,28.18845,1448.03882
148,1.225,-640.3313,37.22681,1565.09119,-546.04956,29.21976,1450.93945
149,1.233,-634.55145,36.40851,1566.48877,-540.23615,29.29736,1451.28088
150,1.242,-629.33685,37.66073,1566.63757,-532.52997,29.50695,1452.23608
151,1.25,-624.71606,38.92279,1568.03955,-527.51184,30.6017,1453.29163
152,1.258,-618.14026,39.77618,1569.31531,-526.97205,32.48978,1453.58533
153,1.267,-611.6889,40.20736,1569.38416,-519.54785,33.42683,1455.20984
154,1.275,-607.06885,42.84881,1569.60559,-512.61853,32.73236,1456.76843
155,1.283,-600.72418,41.69466,1570.54211,-506.44009,33.65079,1456.17908
156,1.292,-594.77991,43.51576,1571.37231,-502.06519,34.54085,1457.04431
157,1.3,-589.30786,43.92517,1571.96069,-496.09177,34.45207,1458.43958
158,1.308,-582.33392,45.5903,1572.5636,-489.96054,34.14632,1457.42139
159,1.317,-578.50055,44.53741,1572.57776,-484.56201,35.93275,1457.40295
160,1.325,-571.56531,46.23641,1571.42273,-478.39664,36.14022,1457.09436
161,1.333,-565.6189,45.25555,1571.4563,-470.08542,39.53032,1458.66626
162,1.342,-558.72699,46.6847,1572.02209,-466.8793,38.8189,1458.82654
163,1.35,-554.01849,47.96635,1573.00513,-461.21722,38.19887,1457.89197
164,1.358,-547.77429,48.42136,1572.99902,-454.52893,41.16156,1457.79102
165,1.367,-542.52576,48.75124,1572.87061,-448.55106,38.81787,1457.82385
166,1.375,-536.88489,50.03859,1572.88721,-443.85956,39.41619,1457.8053
167,1.383,-529.57574,49.68699,1573.927,-438.09537,40.14698,1457.10876
168,1.392,-522.64209,50.22456,1572.75024,-431.81281,40.50328,1456.99731
169,1.4,-518.45007,51.69041,1571.64551,-427.25522,40.58811,1456.79968
170,1.408,-512.47742,52.13729,1572.26587,-420.52231,42.10279,1456.69934
171,1.417,-505.84674,52.45887,1572.53308,-416.62936,40.08256,1455.64001
172,1.425,-499.72992,52.702,1572.14905,-410.13699,42.58795,1455.29016
173,1.433,-496.2887,52.96832,1572.39624,-405.20129,40.19677,1454.79431
174,1.442,-489.01868,53.24142,1570.55103,-398.97113,41.02855,1453.474
175,1.45,-483.84851,52.32201,1570.79688,-393.93594,40.2866,1453.68457
176,1.458,-475.57339,52.16086,1571.46228,-387.43344,41.58142,1454.01306
177,1.467,-470.40689,51.70456,1571.31726,-382.66165,40.60048,1453.15906
178,1.475,-465.45407,53.82336,1569.52673,-377.28354,41.31096,1452.36511
179,1.483,-460.33789,51.69484,1569.33215,-372.53488,39.28885,1451.44946
180,1.492,-453.57822,52.88024,1568.93811,-367.41663,40.89976,1451.6925
181,1.5,-449.07864,51.44968,1569.0592,-362.28799,39.4895,1449.39758
182,1.508,-445.42899,52.9754,1570.05725,-357.54129,39.40673,1449.35718
183,1.517,-438.80048,51.78156,1568.45593,-352.20685,41.15181,1449.7959
184,1.525,-432.87833,50.27182,1568.85657,-346.8678,39.46056,1449.37109
185,1.533,-427.22754,52.15618,1568.81934,-342.22565,39.69858,1448.74951
186,1.542,-424.64969,51.20465,1568.42297,-337.18567,37.65774,1448.23108
187,1.55,-417.98077,48.32808,1566.59253,-332.15863,36.64284,1447.25159
188,1.558,-410.59579,49.68104,1566.40015,-327.43289,37.06587,1447.97461
189,1.567,-407.4617,48.25888,1565.7832,-322.39105,34.72833,1446.35962
190,1.575,-404.43396,46.67728,1565.11914,-316.19052,35.30589,1447.05676
191,1.583,-397.49728,47.8122,1564.54749,-311.3389,34.43333,1445.82214
192,1.592,-391.14078,44.77268,1563.67847,-305.625,33.60545,1444.88574
193,1.6,-388.15573,45.79519,1562.91797,-301.36514,33.82434,1444.02881
194,1.608,-383.44589,44.79299,1563.89514,-295.46271,33.51728,1443.8656
195,1.617,-376.08163,43.00529,1563.7262,-291.38983,32.6618,1443.17236
196,1.625,-371.33188,41.02977,1562.64246,-286.83914,29.7431,1442.9375
197,1.633,-365.1174,39.79745,1562.10254,-279.89041,29.5306,1441.51355
198,1.642,-361.51556,39.43003,1562.63562,-275.37244,28.87283,1441.32251
199,1.65,-355.9606,36.98355,1560.16296,-271.03616,26.50503,1441.07202
200,1.658,-349.69092,36.08502,1559.50122,-264.43503,26.14728,1441.18127
201,1.667,-344.35492,35.67054,1559.16394,-259.15552,26.10012,1440.0376
202,1.675,-339.52725,33.32047,1558.9624,-253.60118,23.52115,1439.20361
203,1.683,-335.32288,31.56305,1558.46265,-248.51118,21.44165,1438.41333
204,1.692,-328.24545,30.70973,1557.67737,-243.56233,18.94728,1438.73901
205,1.7,-324.24106,27.64012,1557.4292,-237.55223,19.30707,1437.24622
206,1.708,-318.66031,26.15929,1557.79382,-232.43314,17.08089,1437.09314
207,1.717,-313.90738,23.51316,1556.21887,-226.89378,15.89674,1436.29236
208,1.725,-309.29929,22.55648,1555.69214,-221.71439,15.59319,1436.31128
209,1.733,-303.22577,21.62963,1555.33813,-216.71461,13.59627,1436.19055
210,1.742,-299.8172,19.52839,1555.59448,-210.58171,9.88897,1436.84875
211,1.75,-292.86731,17.02965,1555.94751,-205.1785,10.57142,1437.17834
212,1.758,-286.75015,17.29967,1556.45325,-198.95313,8.03065,1436.28259
213,1.767,-282.12527,14.22398,1556.46655,-194.31154,8.04169,1436.60291
214,1.775,-276.6391,12.48063,1556.52551,-188.78975,6.90859,1436.31445
215,1.783,-272.32001,10.3175,1556.82507,-182.65834,4.43569,1437.17505
216,1.792,-266.01035,9.07995,1556.11279,-176.94234,2.53304,1437.89966
217,1.8,-260.06226,7.06211,1558.29578,-171.91788,1.86261,1438.06262
218,1.808,-252.75366,2.68803,1557.10205,-166.51392,0.22466,1437.93384
219,1.817,-248.05881,3.1786,1557.55249,-160.245,-2.48809,1438.95325
220,1.825,-241.54697,0.94844,1558.47925,-154.64207,-4.15122,1439.2124
221,1.833,-237.3336,-0.39619,1560.23193,-150.112,-5.48029,1439.63757
222,1.842,-229.98776,-1.63797,1560.41223,-144.04193,-8.53637,1441.44739
223,1.85,-225.22305,-3.27291,1562.81287,-139.4493,-6.83859,1442.08423
224,1.858,-218.97823,-6.66463,1562.86621,-132.77069,-9.70234,1442.56079
225,1.867,-214.23431,-7.78983,1564.7196,-129.33461,-11.7404,1444.49304
226,1.875,-208.30194,-9.25528,1565.92834,-122.92778,-14.6455,1446.75659
227,1.883,-203.93433,-11.90398,1567.11926,-117.74782,-14.67472,1447.27771
228,1.892,-197.84853,-12.34518,1569.01514,-112.70704,-17.06378,1447.81885
229,1.9,-193.16417,-14.74133,1570.453,-108.53278,-16.34723,1449.33191
230,1.908,-189.53415,-14.98434,1570.36877,-102.06203,-18.52902,1450.6488
231,1.917,-183.96721,-16.20664,1572.06592,-97.47282,-21.82681,1452.92627
232,1.925,-180.6049,-17.13108,1573.94666,-92.43037,-23.65016,1453.3219
233,1.933,-175.29482,-20.77675,1573.80933,-88.38557,-24.54181,1454.66711
234,1.942,-170.73033,-23.58736,1574.45728,-83.30296,-24.49564,1455.20422
235,1.95,-165.01202,-24.33849,1575.5426,-77.70666,-25.36963,1456.25488
236,1.958,-160.89084,-26.81495,1576.36987,-73.17013,-28.13391,1458.06152
237,1.967,-156.35121,-27.44224,1576.89136,-68.2876,-31.62326,1458.78394
238,1.975,-151.07263,-30.01866,1577.04858,-62.6986,-30.48885,1459.20239
239,1.983,-146.34642,-32.05069,1577.69238,-57.84225,-32.97692,1459.92029
240,1.992,-142.91768,-32.06947,1578.44922,-53.42582,-33.73704,1460.60046
241,2,-138.01288,-32.99529,1578.10583,-47.52374,-35.23338,1459.82764
242,2.008,-132.90408,-34.45483,1578.54443,-43.54721,-36.83086,1460.49854
243,2.017,-127.77544,-36.49328,1578.93347,-38.40351,-38.79692,1460.8053
244,2.025,-122.20667,-37.52685,1579.27148,-32.92247,-37.756,1460.78552
245,2.033,-118.59381,-38.37154,1579.66211,-27.43747,-40.15026,1460.40515
246,2.042,-112.42038,-39.71973,1578.58521,-22.56295,-40.42189,1460.59631
247,2.05,-107.69602,-39.51144,1578.33154,-17.60333,-40.68391,1461.48572
248,2.058,-102.91241,-40.96338,1578.5321,-13.91199,-40.42842,1460.43689
249,2.067,-96.8169,-41.30313,1579.23193,-9.10928,-39.19983,1460.36426
250,2.075,-91.68801,-41.27441,1579.50256,-4.3015,-42.28933,1460.98596
251,2.083,-87.45094,-42.15849,1579.43164,0.9743,-41.78898,1460.0509
252,2.092,-82.40431,-41.02235,1579.71448,5.75271,-42.62494,1460.74304
253,2.1,-75.93384,-42.07,1578.52014,11.31424,-43.40903,1459.42212
254,2.108,-71.01725,-42.22635,1578.47351,16.29515,-42.24418,1459.19385
255,2.117,-66.71491,-43.54858,1577.74573,21.52168,-43.62246,1458.87317
256,2.125,-61.09655,-42.01798,1578.45032,26.7,-43.75639,1458.72192
257,2.133,-55.92902,-40.8261,1577.2926,31.00555,-43.82748,1458.41345
258,2.142,-51.11068,-43.14973,1576.29822,35.4226,-43.36731,1457.77368
259,2.15,-45.38153,-41.51421,1575.79517,39.51202,-43.1848,1456.72437
260,2.158,-41.39236,-42.46052,1575.70093,44.7189,-42.43402,1456.177
261,2.167,-34.92352,-43.67685,1575.45276,49.36589,-42.98099,1455.87451
262,2.175,-30.48429,-40.50119,1575.34473,54.57499,-41.3678,1455.93665
263,2.183,-26.53942,-41.04682,1575.76355,59.48038,-44.96082,1454.59973
264,2.192,-19.42802,-40.28527,1574.2417,63.86895,-42.48608,1452.33679
265,2.2,-16.14351,-40.11363,1574.21704,67.98205,-42.37243,1451.92957
266,2.208,-12.12085,-39.81641,1573.16309,73.6173,-40.71428,1452.43542
267,2.217,-6.77322,-38.88404,1573.01563,77.11303,-40.03564,1451.76953
268,2.225,-2.13784,-40.70136,1572.07642,81.87689,-38.69923,1450.73645
269,2.233,3.5999,-38.36886,1572.23633,87.75478,-40.46021,1449.96973
270,2.242,8.1077,-38.99794,1571.19897,92.36443,-39.37121,1449.3241
271,2.25,12.61588,-36.7847,1570.27954,96.69359,-38.61918,1449.2124
272,2.258,17.23098,-37.7546,1569.13208,101.49359,-38.24759,1448.54358
273,2.267,21.45406,-36.60127,1568.66663,106.89082,-38.35175,1447.76428
274,2.275,26.60735,-36.02491,1568.36072,111.45639,-38.13285,1446.84912
275,2.283,32.91743,-37.48651,1567.59741,115.65234,-36.51057,1445.78333
276,2.292,37.49154,-36.78861,1566.24084,120.95538,-35.43142,1445.18335
277,2.3,42.84514,-35.84887,1566.61719,126.33327,-35.21629,1445.34045
278,2.308,48.37662,-35.945,1564.14172,131.00316,-35.81299,1443.04529
279,2.317,54.29879,-33.85858,1563.7312,136.60152,-35.04292,1442.276
280,2.325,58.52311,-33.1993,1564.25696,141.71771,-34.12048,1441.43787
281,2.333,63.82133,-33.32943,1561.60352,146.27525,-34.29528,1441.63074
282,2.342,67.55759,-30.93157,1562.2196,152.13293,-31.73912,1440.07422
283,2.35,73.18967,-28.84383,1560.79822,157.5063,-31.48358,1438.83704
284,2.358,79.29565,-29.31988,1560.66589,162.27438,-32.74063,1438.67236
285,2.367,82.80945,-28.6452,1559.92578,167.78265,-28.91632,1438.68762
286,2.375,88.04953,-27.08686,1558.79626,173.62831,-27.43304,1438.27625
287,2.383,93.87186,-26.6949,1557.81482,177.51294,-26.79646,1436.99194
288,2.392,98.84122,-24.87341,1556.9552,184.21989,-25.57357,1436.03809
289,2.4,104.67266,-23.95295,1556.97681,189.68649,-25.55276,1435.79102
290,2.408,109.83392,-21.12606,1556.44702,194.73457,-24.09242,1435.27258
291,2.417,114.75594,-20.93297,1556.38586,199.33946,-21.82331,1435.08997
292,2.425,121.08437,-19.50436,1554.52417,205.99486,-19.98177,1433.89771
293,2.433,126.52369,-18.63812,1553.77124,211.07872,-19.19103,1434.28088
294,2.442,131.9024,-17.60322,1554.47217,216.16745,-18.95038,1433.82971
295,2.45,137.42714,-15.83358,1554.25354,222.74792,-18.5005,1433.79651
296,2.458,142.68819,-13.03165,1553.97095,227.91832,-16.84181,1433.08862
297,2.467,148.42836,-12.06555,1554.09399,234.11525,-15.66055,1433.57129
298,2.475,154.90833,-9.73847,1554.09717,239.91251,-13.48196,1434.66565
299,2.483,160.00766,-7.93763,1553.78308,244.93411,-11.64477,1434.67273
300,2.492,166.61369,-7.28268,1553.6825,252.95766,-9.27164,1433.43542
301,2.5,172.48657,-4.91213,1554.49658,258.85541,-7.81238,1433.24609
302,2.508,178.24408,-2.73427,1555.11414,264.63992,-6.41597,1434.32642
303,2.517,186.02985,-2.68449,1555.36011,271.6333,-5.74742,1435.8938
304,2.525,191.44655,0.04876,1555.57056,276.81387,-3.4714,1436.18799
305,2.533,196.93697,1.47215,1555.39197,282.38889,-1.47741,1436.59338
306,2.542,204.07605,1.3107,1556.36914,288.72787,-0.32382,1437.30591
307,2.55,210.00601,3.8797,1558.0415,295.77902,1.35533,1437.04553
308,2.558,216.09134,7.17738,1558.62683,302.18808,4.32733,1437.99011
309,2.567,224.12585,7.23347,1558.9895,308.46863,4.88581,1439.2854
310,2.575,229.09161,10.3075,1560.83081,313.65335,5.65832,1439.88062
311,2.583,235.02959,10.81079,1561.69067,319.49478,7.33532,1440.57178
312,2.592,240.93295,11.68752,1562.90991,326.25784,8.3411,1442.02979
313,2.6,247.29031,14.0011,1565.19263,332.62128,10.14472,1443.97339
314,2.608,252.62726,15.87796,1566.38477,338.04391,11.12398,1444.91028
315,2.617,259.53012,16.11009,1567.45959,343.07678,12.17236,1446.9519
316,2.625,264.36661,18.26469,1568.23267,349.29111,12.53158,1447.90796
317,2.633,270.47464,19.82425,1569.18579,355.48779,13.75959,1449.78345
318,2.642,276.10687,20.10103,1570.20764,361.01407,15.31239,1449.50989
319,2.65,282.32614,21.54162,1570.57629,366.17978,17.73534,1450.29663
320,2.658,288.19791,24.58178,1570.95483,372.45279,18.5426,1452.31433
321,2.667,292.30966,23.84533,1570.57751,379.08221,19.60265,1452.4928
322,2.675,298.23029,26.18741,1572.1543,384.93011,21.14089,1452.49707
323,2.683,304.57922,27.90823,1572.71875,390.26474,20.83512,1453.21973
324,2.692,308.87451,29.0915,1572.56335,396.2431,22.93183,1453.20813
325,2.7,315.53845,29.19223,1573.62244,401.04849,23.87004,1453.1134
326,2.708,320.71274,29.55979,1573.17798,407.30453,23.76114,1452.9176
327,2.717,327.87637,32.04941,1573.0708,412.34351,24.47144,1453.39343
328,2.725,333.0751,33.69092,1573.61353,419.19772,25.87916,1453.11694
329,2.733,339.96478,34.01075,1573.13428,423.3855,27.2222,1453.15344
330,2.742,345.21262,34.65203,1573.12744,428.59229,29.18361,1453.39844
331,2.75,351.32236,36.34636,1573.82458,436.17233,29.50958,1452.21436
332,2.758,356.74103,37.93209,1574.02771,440.01334,29.44868,1452.77344
333,2.767,362.5632,38.50829,1574.33313,445.68332,30.96881,1452.77209
334,2.775,369.44659,39.51348,1573.72583,452.07318,32.14339,1451.71594
335,2.783,374.78247,39.14618,1572.79736,457.43048,32.5113,1451.85571
336,2.792,381.30414,41.23657,1573.28296,463.18094,31.30715,1452.18298
337,2.8,386.42535,41.93941,1573.08325,468.73029,32.93975,1451.83362
338,2.808,392.45801,41.54322,1572.23596,474.47388,33.57994,1451.65808
339,2.817,397.711,42.69919,1572.9126,479.13025,33.0563,1450.48022
340,2.825,403.97122,43.48418,1572.00696,485.0643,34.61784,1450.01538
341,2.833,408.44998,44.51738,1571.91724,489.86734,35.01556,1449.65186
342,2.842,415.61108,43.27731,1571.91125,495.03516,33.98081,1448.46924
343,2.85,420.29404,44.40314,1570.36035,500.6694,35.34575,1448.46643
344,2.858,427.2168,43.55922,1571.22485,505.99411,35.09362,1447.43152
345,2.867,431.3999,44.03732,1570.41809,510.94342,34.54494,1447.37646
346,2.875,437.16376,43.23174,1570.73169,516.96301,35.94727,1447.01428
347,2.883,442.77197,45.00443,1569.59082,521.62122,34.97159,1445.39307
348,2.892,448.57693,43.99513,1569.43201,525.39111,34.56642,1444.91577
349,2.9,453.73483,43.66015,1568.44885,531.09705,35.66768,1444.21643
350,2.908,459.10342,43.85468,1568.41089,536.69452,33.88459,1444.13708
351,2.917,463.87784,44.12223,1568.03271,542.1261,35.5558,1442.64697
352,2.925,469.56314,44.55537,1567.00891,545.75793,36.60098,1442.49744
353,2.933,474.25406,44.47324,1566.47424,551.61713,34.80075,1442.53113
354,2.942,479.70422,44.69542,1565.51123,556.71466,34.21358,1440.70496
355,2.95,484.31683,44.1098,1565.08569,561.61993,34.29461,1440.44495
356,2.958,489.26398,43.7771,1565.1438,566.71228,34.42586,1440.60657
357,2.967,494.55435,43.62148,1563.80493,571.2688,34.38615,1439.17236
358,2.975,500.03363,42.47262,1563.23438,576.42432,32.95331,1438.89026
359,2.983,504.95245,43.74552,1562.84167,581.31183,33.86485,1438.55347
360,2.992,509.47205,43.17679,1562.69006,586.44006,32.03295,1437.62915
361,3,514.97913,42.62631,1561.8457,591.94482,32.6032,1436.56384
362,3.008,520.15417,41.80606,1560.71838,597.09753,31.03776,1435.75891
363,3.017,525.34711,41.298,1561.39478,601.75372,32.02088,1435.07336
364,3.025,530.43201,38.68266,1559.12231,607.5462,31.50449,1435.12256
365,3.033,535.40204,39.10299,1559.12195,612.10974,30.19986,1434.18689
366,3.042,541.06793,37.84669,1558.40588,616.52271,28.81547,1432.92712
367,3.05,546.03882,38.20628,1557.27051,623.39575,28.52642,1434.15295
368,3.058,550.68939,36.92304,1557.18604,628.31421,28.51043,1432.77954
369,3.067,555.54871,36.1673,1556.44934,633.49042,27.28572,1431.05237
370,3.075,560.44318,36.13551,1554.83582,637.90216,27.55117,1430.56409
371,3.083,566.74042,33.77797,1554.42542,643.9671,26.43298,1430.65186
372,3.092,572.02991,33.15689,1553.5885,649.38165,24.04469,1430.54309
373,3.1,577.32684,32.12194,1553.75061,654.17883,24.22768,1429.96216
374,3.108,582.61145,29.9707,1553.15479,660.4917,22.62736,1429.94641
375,3.117,587.62964,30.20119,1552.61084,666.08154,23.2812,1429.75098
376,3.125,593.32513,29.91632,1552.96667,672.12616,20.68864,1428.65942
377,3.133,597.68005,28.66493,1552.75281,678.03033,19.55121,1428.40491
378,3.142,604.63043,26.80198,1552.01404,683.61505,19.57951,1428.5177
379,3.15,610.39032,25.26341,1552.73413,689.60638,17.7847,1428.76917
380,3.158,615.74329,24.16724,1553.073,695.00665,17.62377,1428.50916
381,3.167,621.49976,23.28544,1552.81641,700.82306,16.04698,1429.09753
382,3.175,627.11469,22.44757,1552.93762,706.45679,14.03045,1429.20166
383,3.183,633.78857,20.16021,1553.93311,712.79376,14.4643,1429.8418
384,3.192,639.28723,18.32676,1553.01721,718.70789,12.85745,1430.32788
385,3.2,645.81189,17.37925,1554.42566,726.39459,10.9402,1430.75073
386,3.208,652.50439,16.58705,1555.46545,730.99524,11.19763,1430.58984
387,3.217,658.05835,16.14055,1556.578,737.18585,8.46221,1431.57092
388,3.225,663.94952,14.84158,1556.70984,743.14581,7.14918,1432.69043
389,3.233,670.79333,12.75428,1557.58325,747.77057,6.98302,1433.43066
390,3.242,676.81775,11.62506,1558.34058,755.06372,5.43067,1434.27893
391,3.25,682.48578,9.56754,1559.96301,759.92975,3.21866,1435.16907
392,3.258,688.12653,9.70712,1561.19055,766.05164,3.70556,1436.2229
393,3.267,693.57532,8.07714,1562.04761,771.83734,1.70817,1437.0365
394,3.275,700.82794,6.55321,1563.80713,777.81531,-0.11017,1438.82129
395,3.283,703.73877,5.23458,1565.00354,784.12408,-0.40144,1440.55347
396,3.292,710.73804,3.52743,1566.30627,788.42908,-1.78238,1442.53491
397,3.3,716.15869,2.36005,1568.31384,794.66144,-2.006,1443.20044
398,3.308,721.49542,1.52427,1568.45459,799.85345,-2.90681,1445.76697
399,3.317,726.31891,-1.32054,1569.49097,806.01483,-4.82045,1446.3894
400,3.325,732.24731,-2.37003,1570.74963,812.65875,-5.40849,1448.9071
401,3.333,736.96472,-3.85618,1571.87622,816.97327,-7.52267,1448.58752
402,3.342,742.00848,-4.24146,1573.0918,821.52618,-8.90956,1449.06775
403,3.35,746.1853,-5.17296,1573.46167,827.37793,-10.15724,1450.60767
404,3.358,753.38959,-6.57663,1574.75439,832.51971,-10.56082,1451.30396
405,3.367,757.67389,-7.2389,1575.53467,837.38672,-12.15873,1452.13281
406,3.375,764.28296,-8.81101,1576.72351,843.44312,-12.25175,1451.82703
407,3.383,768.82996,-10.63066,1576.53491,848.56177,-14.98765,1452.26672
408,3.392,774.50842,-11.43084,1576.5155,853.94739,-14.75044,1453.55005
409,3.4,780.24194,-12.18058,1576.97485,859.11121,-15.58304,1453.42932
410,3.408,784.93127,-12.25933,1577.43982,864.51624,-16.57172,1453.63074
411,3.417,791.28589,-13.24774,1577.77173,869.70605,-16.33382,1454.21545
412,3.425,796.47992,-13.83221,1578.91687,874.95697,-17.31653,1454.54517
413,3.433,801.82794,-13.48525,1578.14526,881.62451,-17.33224,1454.71069
414,3.442,806.56262,-13.82486,1578.67029,886.53595,-18.25371,1454.3894
415,3.45,812.90881,-14.44387,1578.82153,892.29468,-18.08231,1454.91736
416,3.458,819.24097,-17.63401,1577.94019,897.12152,-19.34947,1454.9906
417,3.467,823.97174,-16.70309,1578.54688,902.57288,-17.52756,1455.77258
418,3.475,830.59332,-17.18151,1578.61414,907.80743,-18.2199,1455.50684
419,3.483,835.1228,-15.80224,1578.59192,913.70624,-18.58917,1454.96533
420,3.492,840.75836,-17.35774,1578.29883,918.81653,-17.5955,1454.67932
421,3.5,847.4007,-16.73084,1579.11682,923.74652,-17.62896,1454.22522
422,3.508,852.43542,-16.03606,1578.86804,929.12732,-18.08171,1452.72742
423,3.517,856.31812,-16.645,1577.80273,934.97034,-18.51821,1452.77429
424,3.525,862.02661,-17.43834,1579.1731,940.1145,-17.82775,1452.70447
425,3.533,867.61432,-17.10885,1578.77747,944.54218,-18.15393,1452.59143
426,3.542,872.39343,-16.3052,1577.91357,949.52069,-17.28641,1451.30908
427,3.55,878.01385,-17.60588,1577.37183,954.07544,-17.03483,1450.60596
428,3.558,882.83856,-16.32807,1576.81384,959.65723,-16.77068,1450.96082
429,3.567,888.9278,-15.67629,1576.71423,964.29852,-16.13411,1451.81995
430,3.575,893.92029,-14.70914,1577.02856,969.72925,-16.7807,1450.9458
431,3.583,898.52997,-14.14755,1576.23657,974.19019,-15.60104,1449.66113
432,3.592,903.37219,-12.803,1576.64429,978.2218,-15.44562,1449.44446
433,3.6,907.80597,-13.44897,1574.62292,983.51477,-14.82988,1449.25195
434,3.608,911.24237,-12.3252,1575.17383,988.63959,-13.34264,1448.55383
435,3.617,917.20465,-11.43737,1573.99463,992.92828,-13.23846,1447.97302
436,3.625,922.51874,-11.10193,1573.6449,998.10223,-13.41361,1447.09863
437,3.633,926.5495,-11.05089,1572.79077,1002.76404,-11.57255,1447.02661
438,3.642,931.67438,-11.32306,1572.79871,1008.62433,-11.6848,1446.05347
439,3.65,936.63721,-10.76359,1571.18311,1012.57159,-11.53179,1445.92847
440,3.658,941.43359,-8.78971,1571.77124,1017.32526,-9.55776,1445.599
441,3.667,946.97992,-10.63157,1571.05078,1023.4978,-9.72169,1444.11267
442,3.675,952.22748,-8.79727,1570.43311,1028.97852,-9.22045,1442.90491
443,3.683,956.62842,-7.76369,1568.55115,1032.995,-8.06503,1442.88452
444,3.692,962.79901,-7.84362,1568.00391,1039.22083,-8.59486,1441.82434
445,3.7,968.04907,-6.78963,1567.5387,1042.21802,-6.98891,1440.56543
446,3.708,973.34442,-5.353,1566.38403,1048.26184,-6.40593,1439.6908
447,3.717,978.43341,-6.67901,1565.65637,1054.23914,-5.48612,1439.69495
448,3.725,982.74536,-4.93052,1564.49292,1059.15039,-3.75103,1438.18774
449,3.733,987.89459,-2.93901,1562.58411,1064.40674,-4.48514,1436.7572
450,3.742,994.14966,-3.32075,1561.95337,1070.40063,-2.86417,1436.38647
451,3.75,999.06488,-0.97766,1560.23376,1075.63818,-2.36926,1435.30444
452,3.758,1002.86285,0.49792,1560.85754,1080.85876,-0.2985,1434.41931
453,3.767,1009.10449,1.29567,1559.54175,1086.02124,-0.3115,1433.20056
454,3.775,1014.96533,1.45898,1559.64355,1091.98389,0.91703,1432.69507
455,3.783,1021.14801,2.9385,1558.25293,1096.96875,2.00943,1431.69287
456,3.792,1027.43408,3.14533,1558.13416,1101.88696,3.76048,1430.70142
457,3.8,1031.99927,4.56525,1555.9469,1107.88794,4.50957,1430.66284
458,3.808,1037.61121,6.58959,1555.3573,1113.15625,6.69245,1429.45557
459,3.817,1043.28418,9.28535,1554.69739,1118.97046,7.11753,1428.34741
460,3.825,1048.79443,10.10779,1554.12573,1124.68201,7.92934,1427.63208
461,3.833,1053.16675,10.94252,1553.68579,1130.55835,9.01594,1427.33289
462,3.842,1058.77161,11.59335,1552.28613,1135.9176,12.26338,1426.74719
463,3.85,1063.64709,13.7592,1551.72107,1142.19861,11.87436,1426.97607
464,3.858,1069.97571,17.00599,1551.578,1147.5293,14.13938,1425.62781
465,3.867,1076.91138,17.38554,1550.77185,1152.96277,14.98934,1426.14624
466,3.875,1083.16992,19.87861,1551.70508,1160.23096,16.18096,1425.71936
467,3.883,1088.3446,21.50525,1550.78613,1165.19983,18.56409,1425.63428
468,3.892,1095.23792,22.62703,1550.82727,1171.77734,19.58887,1425.51099
469,3.9,1100.7583,23.66231,1550.66382,1178.48474,21.06943,1425.47314
470,3.908,1106.94751,26.32773,1551.09839,1184.51245,22.10072,1426.02466
471,3.917,1113.98535,29.01007,1551.33362,1191.40979,25.50845,1426.08923
472,3.925,1121.01367,29.36678,1550.42139,1198.35242,26.73709,1425.45044
473,3.933,1128.09265,31.94566,1551.92578,1204.69055,28.72407,1425.79285
474,3.942,1134.49316,34.79956,1552.67859,1210.18774,29.64638,1426.41394
475,3.95,1140.1947,37.08863,1552.9751,1215.42444,32.23614,1427.3385
476,3.958,1147.3009,38.31546,1554.09375,1222.25525,33.30937,1426.72632
477,3.967,1153.05518,39.8358,1554.60828,1227.95239,34.74702,1426.73706
478,3.975,1159.89502,41.92239,1555.0675,1234.56995,37.02563,1427.37
479,3.983,1167.09644,42.02036,1555.70935,1240.71838,38.16242,1428.28601
480,3.992,1173.35742,44.35608,1556.36865,1246.56055,39.78016,1429.25269
481,4,1178.84668,46.3383,1556.68774,1252.13733,41.62902,1429.81848
482,4.008,1183.88721,48.46976,1557.43555,1258.26001,42.66103,1430.74451
483,4.017,1191.16541,48.73658,1559.19055,1265.16602,43.12104,1431.51855
484,4.025,1195.7218,50.42263,1559.70349,1269.79541,45.16452,1432.53125
485,4.033,1201.88892,52.63084,1560.53149,1276.28345,45.87208,1433.70154
486,4.042,1207.7522,52.4894,1560.83826,1280.86877,47.17514,1434.30444
487,4.05,1213.47595,53.90009,1561.46118,1288.12524,47.76066,1434.61157
488,4.058,1218.09973,56.11828,1561.66858,1291.95813,49.30833,1434.77734
489,4.067,1224.57617,54.81552,1562.86389,1298.11157,50.02954,1434.66333
490,4.075,1230.21521,57.48046,1562.40613,1304.44897,51.15795,1434.89856
491,4.083,1235.56177,59.28201,1563.14905,1309.28564,51.23141,1435.9978
492,4.092,1241.5249,59.43561,1563.02795,1315.12036,52.85885,1434.97046
493,4.1,1245.96838,60.47681,1563.40198,1320.75171,53.53789,1434.81726
494,4.108,1252.80652,63.23513,1563.17834,1326.42029,54.74623,1435.47742
495,4.117,1258.86853,62.51119,1563.01074,1331.57251,55.67441,1436.61743
496,4.125,1264.04199,63.69344,1563.86658,1336.52856,56.53484,1435.65002
497,4.133,1270.1438,62.74849,1563.0011,1343.48267,56.02099,1435.17249
498,4.142,1275.98792,65.40312,1563.67395,1348.84106,57.02965,1435.09387
499,4.15,1282.62634,65.52379,1563.64258,1354.34412,57.78272,1435.28027
500,4.158,1287.90771,66.58231,1564.30127,1359.76282,58.83244,1435.12488
501,4.167,1293.80237,67.05634,1562.92017,1365.86646,59.78625,1434.54871
502,4.175,1299.36621,67.93023,1562.76465,1371.68298,58.70004,1434.33948
503,4.183,1305.51843,68.86193,1563.93494,1377.39648,59.58443,1434.04797
504,4.192,1311.18164,68.89126,1564.03589,1382.50146,59.94326,1433.48059
505,4.2,1317.92029,68.49899,1561.78198,1387.23511,59.94417,1433.50769
506,4.208,1322.68933,69.8781,1562.85535,1391.90259,60.47676,1432.94556
507,4.217,1329.04785,69.38206,1562.25977,1398.40723,61.15828,1432.06384
508,4.225,1334.05347,71.03185,1562.00708,1404.08191,61.98158,1431.87292
509,4.233,1341.68152,70.07987,1561.94202,1408.2821,60.84007,1430.60645
510,4.242,1345.93372,71.74482,1561.19336,1413.24194,60.25325,1430.79956
511,4.25,1351.52881,71.00919,1560.9436,1418.62195,61.40966,1430.14404
512,4.258,1356.79285,71.0156,1560.1416,1423.07031,60.76659,1429.33118
513,4.267,1362.38843,71.05276,1559.70386,1430.46948,62.04772,1429.14465
514,4.275,1367.7771,70.52465,1559.51086,1433.62012,59.99366,1428.32568
515,4.283,1372.86389,71.72252,1559.32227,1439.67322,60.67296,1426.78406
516,4.292,1378.95276,70.73317,1558.75732,1445.05042,61.20452,1426.90942
517,4.3,1383.67004,70.01871,1557.71008,1449.20483,59.60816,1426.35095
518,4.308,1389.40771,70.92949,1557.23621,1454.79126,59.71943,1425.65674
519,4.317,1394.96582,70.20558,1556.41211,1459.21765,59.75798,1425.28931
520,4.325,1400.05225,69.98439,1556.34485,1465.60889,58.7813,1424.01624
521,4.333,1405.69958,70.51315,1555.71497,1470.66125,59.66923,1423.48523
522,4.342,1410.0929,69.0447,1555.2644,1475.41321,59.22483,1422.47131
523,4.35,1417.00232,68.52691,1554.80884,1480.52234,58.18442,1421.5531
524,4.358,1421.67542,69.25582,1554.08472,1485.86108,58.18111,1421.37231
525,4.367,1427.47937,69.10143,1552.15381,1492.41785,57.71529,1420.55237
526,4.375,1433.0304,68.04375,1551.64783,1495.80408,56.57096,1419.88562
527,4.383,1437.29871,67.90255,1552.14001,1501.46558,56.45555,1418.77698
528,4.392,1443.89648,67.37151,1550.4635,1507.37158,56.40445,1417.80017
529,4.4,1449.82446,65.79291,1550.19006,1513.32422,55.08468,1417.48755
530,4.408,1454.5,64.96337,1549.13306,1517.89417,55.0667,1416.71521
531,4.417,1460.30078,63.31243,1548.15576,1523.43689,53.10134,1416.5343
532,4.425,1465.27209,64.66649,1548.24841,1528.27661,52.95177,1414.87927
533,4.433,1471.41418,63.84633,1546.72559,1534.07434,52.88512,1413.88501
534,4.442,1475.54175,62.38789,1545.29773,1539.34058,51.65827,1413.73425
535,4.45,1482.02344,59.85955,1545.99658,1544.91785,50.346,1412.85181
536,4.458,1487.85986,59.41525,1545.2699,1550.70056,50.09719,1411.97302
537,4.467,1493.13721,57.77654,1544.9187,1556.74292,49.5065,1411.7229
538,4.475,1497.73132,56.88682,1543.68628,1561.65576,47.54904,1410.67139
539,4.483,1502.54761,56.22145,1542.54053,1566.53333,46.06441,1409.86853
540,4.492,1509.41833,55.96187,1542.77917,1572.15198,45.74717,1409.88733
541,4.5,1513.90295,54.39667,1542.55115,1578.52246,44.42944,1409.17285
542,4.508,1519.37805,52.98333,1541.88342,1584.16479,43.23854,1409.52136
543,4.517,1525.7428,51.49082,1541.2843,1589.98987,41.94801,1408.99841
544,4.525,1530.203,50.32318,1541.09082,1596.63635,40.49348,1409.10889
545,4.533,1535.97168,48.49382,1541.81873,1601.42126,40.49905,1409.94629
546,4.542,1542.27466,47.55022,1541.76392,1607.81616,39.20169,1410.11426
547,4.55,1547.91956,45.81739,1541.9303,1614.12329,38.02456,1409.54553
548,4.558,1554.52417,45.51117,1542.28955,1621.14746,36.71638,1411.21667
549,4.567,1559.53894,43.0761,1541.75195,1625.4635,35.07358,1410.79419
550,4.575,1566.13184,41.77179,1542.85303,1632.02051,34.15819,1412.25989
551,4.583,1571.38269,40.51051,1543.44324,1638.30908,31.92101,1412.15381
552,4.592,1578.18201,39.40629,1544.27173,1643.61243,30.48656,1413.11902
553,4.6,1582.73596,38.04229,1544.36279,1650.68616,29.29102,1413.83411
554,4.608,1588.98535,35.30964,1545.77246,1656.77344,28.3298,1414.32642
555,4.617,1595.58777,34.72795,1546.85327,1663.56775,27.3728,1415.44739
556,4.625,1602.35754,33.84526,1548.98621,1668.25671,25.23799,1416.76721
557,4.633,1609.13171,30.24441,1550.17395,1674.63354,24.79187,1417.72205
558,4.642,1612.31628,29.84464,1550.11084,1681.02563,24.27814,1418.52759
559,4.65,1618.4032,28.97989,1551.09058,1686.53198,21.60229,1419.89172
560,4.658,1626.50867,26.86025,1553.27148,1692.69861,19.21271,1421.64172
561,4.667,1632.29761,25.44492,1554.5575,1698.37549,18.46612,1422.76062
