Frame#,Time,L.Forearm.x,L.Forearm.y,L.Forearm.z,L.Ulna.x,L.Ulna.y,L.Ulna.z,L.Radius.x,L.Radius.y,L.Radius.z
1,0,-1652.19995,243.64838,1053.82129,-1709.52051,261.23676,967.72998,-1636.35266,216.19208,913.11005
2,0.008,-1649.53906,244.5937,1054.14197,-1704.74573,258.95786,966.28735,-1632.9397,218.47142,913.33844
3,0.017,-1643.52905,241.35503,1052.78723,-1701.30542,258.90265,966.40839,-1629.5448,217.82304,912.94452
4,0.025,-1639.69482,239.79962,1052.36182,-1698.16638,258.20105,965.92627,-1624.37781,214.50191,912.80841
5,0.033,-1636.401,241.25253,1053.0863,-1694.34692,257.62445,966.47308,-1620.19788,213.9614,912.65277
6,0.042,-1633.24109,241.02911,1052.52795,-1690.07129,257.43787,965.1369,-1616.2699,214.17905,911.97522
7,0.05,-1629.69727,242.29616,1052.37793,-1685.1897,255.88765,965.05884,-1612.99988,213.77209,911.92169
8,0.058,-1623.03296,237.48039,1051.39331,-1681.57617,255.38812,964.82568,-1609.65076,215.88826,911.25513
9,0.067,-1619.79761,238.22162,1050.87769,-1677.82068,255.01222,964.5246,-1603.99084,212.56314,910.90369
10,0.075,-1615.71179,239.35864,1051.72937,-1673.29272,255.04852,964.1283,-1598.92444,211.78029,911.31433
11,0.083,-1611.29065,238.85826,1051.13867,-1668.33118,254.35085,963.41986,-1593.87561,211.18111,910.27698
12,0.092,-1607.2677,239.15521,1051.16516,-1664.12195,253.81422,962.98785,-1590.31873,212.32007,910.66406
13,0.1,-1601.14954,236.75293,1049.28137,-1660.15686,252.83162,962.77484,-1585.60059,212.33293,908.99634
14,0.108,-1597.34534,236.43652,1048.9823,-1654.79761,254.00554,961.43036,-1580.59534,211.79263,909.69879
15,0.117,-1593.18921,237.96173,1050.49622,-1650.07361,253.38219,961.77228,-1575.81067,211.29311,907.89014
16,0.125,-1588.49207,237.1225,1049.87378,-1645.72144,252.06633,961.95862,-1571.56006,211.49295,908.12897
17,0.133,-1584.46375,239.19955,1048.70667,-1640.06421,251.9675,959.9032,-1567.31433,212.52704,907.58032
18,0.142,-1576.9856,237.02193,1048.70642,-1634.96008,252.60123,960.11884,-1559.93884,209.10059,907.60925
19,0.15,-1572.50525,236.46449,1047.99524,-1629.74255,252.95068,959.24652,-1554.26099,208.84772,907.09393
20,0.158,-1568.39148,238.02411,1048.28845,-1625.39136,253.06148,959.06512,-1549.51099,209.49588,906.35852
21,0.167,-1563.64734,240.16443,1047.92041,-1619.46606,252.01083,958.0578,-1545.23718,210.55226,906.33612
22,0.175,-1558.22021,237.92235,1046.64966,-1614.02502,252.02275,958.07111,-1539.17603,209.92351,906.76575
23,0.183,-1553.35962,239.96109,1046.04932,-1608.41077,252.95747,956.92462,-1532.89404,209.7934,905.5293
24,0.192,-1547.24133,239.67091,1046.30139,-1603.7666,253.08653,957.01251,-1528.40491,210.77632,905.25397
25,0.2,-1541.74536,239.63376,1044.36243,-1597.33899,252.71497,956.02985,-1523.03467,210.99387,905.48615
26,0.208,-1536.6947,241.61714,1045.23999,-1591.52856,253.31927,954.9201,-1517.26001,212.69252,904.29169
27,0.217,-1532.65002,243.4193,1043.29944,-1585.19446,254.93617,953.56586,-1510.05969,210.65958,903.39349
28,0.225,-1523.85352,238.30815,1041.87109,-1579.72705,255.24728,952.72168,-1506.12427,212.18375,903.69525
29,0.233,-1518.78223,241.59781,1043.41968,-1574.20056,256.61871,952.55499,-1498.14783,212.41693,903.06506
30,0.242,-1513.24243,241.58151,1041.84119,-1567.05664,255.7448,951.53571,-1491.64478,212.21356,901.2569
31,0.25,-1507.14709,243.72426,1042.53552,-1561.32446,256.45059,950.39319,-1485.46777,211.71063,899.77863
32,0.258,-1501.02734,243.90089,1039.90393,-1554.69238,257.48987,950.14923,-1479.02454,212.71327,900.05243
33,0.267,-1493.55579,244.08522,1039.15308,-1549.2865,258.43857,949.0614,-1473.96472,214.84003,898.41644
34,0.275,-1488.80359,246.43509,1037.80566,-1541.73901,259.27414,948.00629,-1467.64087,216.76743,898.59692
35,0.283,-1482.81726,246.423,1037.72046,-1534.90125,259.95197,945.66632,-1460.74414,216.96751,897.86499
36,0.292,-1476.60364,249.84004,1036.60461,-1528.6145,261.65781,945.25476,-1452.3468,215.19107,897.47125
37,0.3,-1467.99084,247.18878,1035.07312,-1522.70337,262.81076,945.10486,-1447.37891,218.0603,896.28711
38,0.308,-1461.30554,249.03038,1034.40027,-1515.15454,263.45285,943.5719,-1440.09534,218.4606,895.133
39,0.317,-1456.47864,251.3602,1031.71619,-1507.42383,264.23245,942.90228,-1431.58948,217.37857,893.3205
40,0.325,-1449.11328,253.91711,1032.12952,-1500.84009,265.65198,942.10571,-1424.57385,218.79224,892.90735
41,0.333,-1441.22156,254.97328,1030.75781,-1493.50635,267.76096,940.97839,-1417.8562,220.86139,891.52783
42,0.342,-1433.86829,253.66046,1030.78418,-1486.67102,269.26917,939.87219,-1411.94739,221.73409,892.1499
43,0.35,-1426.45728,256.15329,1031.65259,-1478.27344,269.46149,939.58148,-1403.99573,223.6024,891.18445
44,0.358,-1420.39661,257.75803,1031.14404,-1471.91138,271.37308,939.5343,-1396.01233,223.43504,891.16357
45,0.367,-1413.64746,259.64548,1031.66541,-1463.78223,272.85446,940.39398,-1388.9397,224.74159,891.24603
46,0.375,-1402.67249,257.03033,1030.9845,-1456.74866,274.32492,940.83905,-1382.50586,227.59871,891.51959
47,0.383,-1397.46399,261.32913,1030.10815,-1448.521,275.8306,940.43298,-1373.63538,229.03337,893.42041
48,0.392,-1390.42773,261.05045,1032.32068,-1440.77881,275.59985,941.16595,-1364.7052,228.04967,893.46021
49,0.4,-1380.66101,261.34644,1033.5011,-1432.88757,277.88559,942.04578,-1360.26416,231.95259,893.88873
50,0.408,-1375.75549,265.58051,1034.55957,-1426.01184,278.496,943.13312,-1351.12024,233.22128,894.54736
51,0.417,-1366.73303,264.38126,1035.90637,-1418.1449,280.40918,944.56769,-1342.61169,232.3504,895.66437
52,0.425,-1358.15601,265.48523,1036.99402,-1410.30933,280.96054,945.43402,-1331.92505,232.20776,897.3147
53,0.433,-1351.07275,267.51721,1037.48535,-1401.52124,282.33264,946.24805,-1327.88416,235.79279,898.24988
54,0.442,-1344.60706,269.37637,1039.06458,-1393.6449,284.72324,947.62036,-1319.53784,237.3345,898.89154
55,0.45,-1334.79187,270.11038,1040.99048,-1385.4303,286.60315,948.98645,-1310.82605,238.06207,900.37921
56,0.458,-1326.74536,269.73557,1041.81665,-1377.34656,288.7637,951.10016,-1301.50024,235.87668,902.70642
57,0.467,-1317.52759,270.73428,1042.94324,-1369.36206,289.53275,952.20941,-1296.21179,240.22427,903.60413
58,0.475,-1313.14978,273.98615,1044.0614,-1360.10645,289.67972,952.51129,-1288.33557,241.49135,905.09076
59,0.483,-1304.60681,274.94855,1045.37219,-1351.77356,291.09912,952.8573,-1279.35034,243.57431,908.77991
60,0.492,-1295.59644,275.14304,1047.03162,-1345.7821,293.89487,953.35181,-1269.98242,242.55586,909.45453
61,0.5,-1286.44702,274.9679,1047.14526,-1335.9729,295.31821,954.68066,-1261.12585,242.30847,910.17554
62,0.508,-1281.57068,278.91263,1048.16394,-1327.31384,294.98102,955.59503,-1252.34119,243.38968,910.13458
63,0.517,-1273.4176,278.83606,1048.25452,-1318.52625,297.33374,955.61115,-1242.68274,245.34399,911.91797
64,0.525,-1265.04028,280.08621,1049.20422,-1310.64832,299.42557,956.21021,-1235.00195,243.46275,911.97125
65,0.533,-1256.23889,279.99191,1050.0177,-1303.31458,301.59875,956.16406,-1228.92883,248.38461,913.94025
66,0.542,-1250.42297,282.94577,1051.06726,-1293.69788,301.40274,956.10321,-1221.13831,247.95044,914.15985
67,0.55,-1242.12195,284.22348,1052.19861,-1285.1958,303.10028,956.5575,-1211.36133,249.5034,914.71332
68,0.558,-1233.9906,284.74594,1052.80859,-1276.5481,304.30838,958.58099,-1203.94788,249.18582,915.5788
69,0.567,-1226.35522,284.00604,1052.71838,-1267.19043,305.38394,959.12067,-1195.66968,249.84091,916.28168
70,0.575,-1216.87659,285.01529,1053.43237,-1258.37988,306.009,959.61237,-1187.51697,250.94092,916.60565
71,0.583,-1209.08997,285.10461,1055.60205,-1251.99133,308.85629,959.61017,-1180.26721,253.54587,918.55206
72,0.592,-1202.29224,287.48489,1057.03247,-1244.05017,309.36975,960.13751,-1171.15332,253.58723,919.85529
73,0.6,-1196.00073,288.75851,1057.05762,-1235.59766,309.9332,961.64478,-1163.54492,255.60658,920.30377
74,0.608,-1188.38733,288.50394,1057.0155,-1226.85498,310.25687,962.53394,-1155.32922,257.27423,921.66718
75,0.617,-1180.30603,288.40967,1058.77405,-1218.0769,311.27774,963.05383,-1147.02271,256.50079,922.55005
76,0.625,-1172.14331,288.77325,1059.3916,-1212.76685,311.82785,963.17065,-1139.23352,257.1004,923.27264
77,0.633,-1165.89966,289.39322,1060.80542,-1204.78503,313.23834,963.4834,-1131.3656,256.96896,924.9342
78,0.642,-1159.83167,291.92569,1060.76904,-1196.82947,312.57535,963.89478,-1122.83105,259.13663,925.55475
79,0.65,-1151.87988,291.10422,1062.45398,-1190.04407,313.27185,965.12903,-1114.68604,258.88864,925.91882
80,0.658,-1144.9646,290.89481,1062.96814,-1181.78186,313.6813,966.65308,-1108.64087,258.54129,927.06335
81,0.667,-1137.66907,291.68997,1063.13574,-1175.20752,314.4736,966.60211,-1099.81433,260.37836,928.15247
82,0.675,-1131.88916,291.98669,1063.39734,-1168.45276,313.72357,967.04156,-1092.14514,260.07761,929.03522
83,0.683,-1125.7168,292.52878,1063.68079,-1162.28528,315.01929,967.12848,-1086.30725,262.3837,929.79254
84,0.692,-1118.5647,292.99374,1064.14795,-1154.26208,314.79086,966.70282,-1078.73071,260.88498,930.47241
85,0.7,-1113.43896,293.43497,1065.14233,-1147.73853,315.83865,967.34637,-1071.8938,261.19879,930.76642
86,0.708,-1105.52991,293.84668,1065.87634,-1141.17761,315.75137,966.87067,-1065.00732,262.35254,931.58936
87,0.717,-1100.68506,294.23486,1065.99548,-1134.16614,315.61371,967.65857,-1057.57874,262.56647,932.39923
88,0.725,-1093.72192,295.108,1066.36804,-1128.06311,316.08047,967.29834,-1051.52075,262.23145,932.29193
89,0.733,-1087.61243,295.12418,1065.91895,-1121.28687,314.98264,966.89825,-1045.34705,261.90549,932.59003
90,0.742,-1082.58667,296.15942,1065.78918,-1115.38098,315.85736,966.52264,-1038.69446,259.94632,931.71991
91,0.75,-1076.89551,295.44257,1064.98865,-1108.57971,316.4108,966.58606,-1033.86926,260.87531,931.80347
92,0.758,-1069.41089,292.73074,1064.8717,-1102.2251,316.67197,967.76465,-1026.77649,261.71283,931.7135
93,0.767,-1064.7865,293.952,1065.23938,-1096.13049,315.29453,966.42322,-1020.75842,259.40802,931.28772
94,0.775,-1059.29285,293.87997,1064.58044,-1091.45898,315.48123,966.82996,-1015.55103,261.9509,931.55139
95,0.783,-1053.82349,293.63312,1064.61279,-1086.73413,316.24707,965.91632,-1011.61432,261.87897,931.50427
96,0.792,-1048.27893,293.46677,1064.23572,-1079.83997,315.4389,965.83386,-1005.87268,259.94983,931.30591
97,0.8,-1043.33716,293.66946,1064.53516,-1075.67993,315.57178,965.04736,-998.81274,259.92191,931.37506
98,0.808,-1037.10632,293.81482,1063.41943,-1069.48682,314.83609,964.63348,-993.46039,258.83533,929.14954
99,0.817,-1032.32202,294.25043,1062.59216,-1064.13501,315.24304,964.30127,-989.42651,257.95859,928.49487
100,0.825,-1026.97217,292.51215,1061.62024,-1059.53052,315.1868,963.52069,-984.88196,259.67404,928.71405
101,0.833,-1022.04688,291.48709,1061.03015,-1055.68567,314.72012,962.92267,-980.26007,259.31744,928.21722
102,0.842,-1016.44452,292.34479,1059.69092,-1050.62732,313.37,962.81848,-975.63824,258.20313,927.60284
103,0.85,-1011.37451,291.33011,1059.52209,-1047.3866,313.76248,961.95801,-971.1507,258.11111,925.77258
104,0.858,-1006.69971,291.03534,1057.85938,-1041.52502,313.09244,961.26593,-966.34619,258.31638,924.862
105,0.867,-1004.10004,290.04599,1057.56885,-1036.7749,313.24402,959.87616,-961.87695,257.69867,924.67755
106,0.875,-999.56268,291.38403,1056.68042,-1033.74878,312.87482,958.68524,-959.29626,257.69608,922.61096
107,0.883,-993.05933,290.30121,1056.54211,-1029.03284,311.6142,958.46906,-954.71454,255.78244,921.83734
108,0.892,-989.97748,287.90051,1055.84363,-1024.88525,312.14807,956.99371,-951.42523,256.19052,920.25098
109,0.9,-985.24426,288.23428,1053.65186,-1021.60889,310.06039,956.08405,-946.94879,255.7563,919.73688
110,0.908,-981.02075,288.75113,1052.5686,-1018.27502,311.0799,955.17389,-943.43378,255.69255,917.96667
111,0.917,-977.60803,287.0018,1051.17419,-1013.31024,310.67499,954.65588,-939.91339,255.53595,917.3324
112,0.925,-973.2832,288.56638,1049.71973,-1009.72601,308.79974,953.31921,-937.08807,255.71423,914.6817
113,0.933,-969.11725,287.3952,1049.72351,-1006.84717,310.08984,953.02954,-933.1994,253.57513,913.68732
114,0.942,-965.35315,286.9324,1047.78394,-1002.50116,309.49075,951.70056,-929.97302,253.43851,912.8045
115,0.95,-960.92194,285.66791,1045.82776,-1000.22943,308.48898,950.37592,-925.68652,253.38307,910.33832
116,0.958,-956.25476,284.6702,1045.36426,-996.62042,307.98071,949.49225,-923.72034,253.63504,908.89252
117,0.967,-953.85089,284.18863,1045.07019,-993.42633,307.6142,948.33429,-919.99445,251.79521,907.95648
118,0.975,-949.97729,283.65683,1044.94714,-990.2218,307.17947,948.43457,-916.81403,252.42294,906.64374
119,0.983,-944.89075,283.46732,1043.63013,-987.34436,306.18658,947.77515,-914.14178,252.73892,906.61548
120,0.992,-940.81549,283.02878,1042.75232,-983.58978,305.07928,948.33032,-910.93311,252.58624,906.19507
121,1,-937.96283,283.60242,1042.75598,-981.13733,303.99149,948.30493,-908.27673,253.16818,905.72418
122,1.008,-933.96399,280.3121,1043.52405,-977.62579,303.71429,949.17859,-905.10254,252.6232,905.2345
123,1.017,-929.75708,279.59958,1044.08093,-974.91254,302.88513,949.62891,-902.85437,250.99495,905.20709
124,1.025,-927.79749,278.29379,1044.0907,-972.35498,302.05209,950.46808,-900.0191,249.90654,904.72363
125,1.033,-923.90204,278.87402,1044.27051,-968.94806,300.96088,950.79651,-896.26172,249.63022,904.99084
126,1.042,-918.56525,279.5788,1043.83374,-967.25659,300.56345,951.72125,-894.1604,250.44057,905.68597
127,1.05,-914.97278,276.76877,1044.22131,-961.87445,299.85278,952.77869,-890.04828,249.82445,905.33215
128,1.058,-910.93292,275.61771,1043.72888,-961.28387,299.52658,953.48883,-887.82404,249.85979,905.41064
129,1.067,-907.46405,275.56583,1046.06848,-956.7124,298.86801,954.72028,-884.94885,249.34897,906.19971
130,1.075,-903.82227,275.79861,1045.49573,-954.7077,297.89957,955.30969,-882.66193,249.13016,906.34204
131,1.083,-899.15057,276.55066,1046.89465,-950.79327,298.15305,956.53711,-879.97601,249.05745,906.56519
132,1.092,-894.935,275.0946,1047.40735,-947.93164,295.76556,956.54889,-875.49341,249.79971,906.67145
133,1.1,-891.99048,273.84061,1048.08789,-943.59119,295.98779,957.2276,-872.29779,248.59488,906.4765
134,1.108,-888.46667,272.7886,1048.08044,-941.85242,295.26883,958.00751,-869.35425,246.65216,906.68121
135,1.117,-883.66998,272.96841,1047.30603,-936.67645,295.06143,958.60822,-866.73328,246.36096,906.57068
136,1.125,-879.31927,272.03601,1047.06812,-933.26831,294.38751,958.93683,-862.5304,247.51341,906.86548
137,1.133,-875.60364,271.56754,1047.26538,-929.89551,293.85431,959.26117,-859.28589,247.66528,906.77124
138,1.142,-872.31238,271.78369,1047.68555,-926.43256,293.09717,959.96973,-856.02405,246.79568,906.05438
139,1.15,-867.93542,271.30493,1047.82202,-923.31787,292.21548,959.73199,-852.49408,246.59081,906.34045
140,1.158,-864.01868,271.38998,1048.00757,-919.93939,292.72278,960.56506,-847.88153,247.17871,906.99133
141,1.167,-860.59888,271.06335,1047.87878,-915.61469,291.75403,960.72443,-840.85913,247.46135,907.24213
142,1.175,-855.20599,270.85965,1048.83008,-911.70007,291.15118,960.88452,-836.97522,248.7514,906.84113
143,1.183,-852.28857,271.23392,1049.073,-906.8316,290.07761,961.10565,-832.29846,247.5787,907.86938
144,1.192,-847.83124,269.61655,1049.71594,-902.95856,290.84018,961.79761,-830.33069,246.78799,908.18011
145,1.2,-843.06824,268.89185,1049.4679,-900.03467,289.22955,961.95288,-829.16931,244.54199,909.51691
146,1.208,-839.01575,268.80356,1051.25244,-895.58063,290.15219,963.02405,-822.38971,245.15305,909.34735
147,1.217,-834.25433,268.85971,1051.30127,-890.64154,288.34906,963.53131,-818.73676,246.039,910.27563
148,1.225,-830.33289,269.52164,1051.96997,-887.76935,288.62015,964.32471,-814.13019,245.95056,910.50879
149,1.233,-825.15411,270.50613,1052.67371,-882.87494,288.65814,965.3075,-808.8042,245.61443,910.7453
150,1.242,-820.22736,269.56235,1053.375,-877.07111,288.10022,966.43335,-805.6676,246.25018,912.0769
151,1.25,-816.73248,268.82617,1053.91565,-872.70776,288.04114,966.28577,-800.57184,245.99068,912.32556
152,1.258,-811.40533,268.94339,1054.97083,-869.85199,286.27258,967.11938,-795.99554,245.29764,913.4483
153,1.267,-806.98517,269.15402,1055.73389,-864.07471,286.87125,967.61841,-791.57922,246.51965,913.72107
154,1.275,-802.35516,267.3819,1055.96716,-859.27496,286.73438,968.70044,-785.71631,245.46835,914.21454
155,1.283,-797.12341,269.51843,1056.14587,-854.75702,287.52802,968.37994,-781.83472,243.45235,915.1355
156,1.292,-792.24359,268.77231,1056.56445,-849.54999,286.57254,969.46246,-776.43378,243.98093,915.55933
157,1.3,-787.07739,267.70523,1056.70386,-843.11597,286.47324,969.66278,-771.92096,245.47165,915.69641
158,1.308,-781.5155,269.72495,1056.89392,-839.42328,287.14362,969.87494,-766.39246,245.15248,916.02936
159,1.317,-778.13867,269.19824,1057.26453,-833.95441,287.71136,969.98822,-759.47784,245.91422,916.63232
160,1.325,-771.49084,269.55118,1057.05762,-828.45654,286.29111,970.38312,-754.74463,245.13968,916.70856
161,1.333,-766.10919,270.2319,1057.45081,-823.64063,284.99725,969.72278,-751.04675,245.94843,916.59448
162,1.342,-759.91364,269.74719,1057.1925,-818.66345,287.13562,969.38562,-744.18286,244.98517,915.42743
163,1.35,-754.88348,269.75311,1057.34253,-812.36273,287.48154,969.26257,-737.65771,245.10643,915.45544
164,1.358,-749.18018,270.38052,1056.40747,-806.28528,286.79938,968.95691,-732.39496,245.13779,915.48596
165,1.367,-743.15265,271.10992,1056.64795,-799.4165,288.43896,968.95648,-725.87775,245.77002,915.84198
166,1.375,-737.27625,269.82974,1056.25037,-793.45905,288.16174,968.42621,-720.01764,246.09085,914.45215
167,1.383,-730.73029,270.76224,1056.3429,-788.9408,288.59427,968.07428,-713.60699,245.86284,915.1496
168,1.392,-724.91089,271.08142,1055.5188,-782.83038,288.46265,968.21234,-709.09418,247.31064,914.21478
169,1.4,-719.93811,272.36307,1054.74585,-776.63727,289.67697,967.74237,-702.55676,248.19162,914.41077
170,1.408,-713.12305,272.72092,1054.05188,-770.20917,289.48376,966.9256,-696.00281,248.38309,913.01526
171,1.417,-707.08826,273.62183,1053.1001,-764.12976,290.49954,965.80322,-689.86194,248.57477,913.38654
172,1.425,-699.87115,274.67596,1052.83862,-757.57233,289.63879,964.9079,-684.263,248.14769,911.41724
173,1.433,-694.23975,274.16388,1052.49573,-750.56903,290.41165,963.74817,-676.51141,248.38261,910.79578
174,1.442,-687.0318,275.34021,1051.28723,-743.55707,290.64267,963.29816,-670.31683,247.24289,910.87775
175,1.45,-681.55762,275.16711,1051.53333,-736.40576,291.79092,963.00159,-663.99091,248.07947,909.76947
176,1.458,-673.32977,274.85907,1050.36414,-731.61823,292.53656,962.5658,-657.7196,248.45271,909.50629
177,1.467,-666.63324,275.82361,1049.87244,-725.1568,292.93887,961.65961,-650.42236,249.85533,909.56342
178,1.475,-659.67944,276.67474,1049.76697,-717.66492,293.54068,960.75171,-644.16913,250.70424,909.1001
179,1.483,-653.815,277.1127,1049.16504,-709.83789,294.15622,959.55707,-636.21552,251.62347,907.13977
180,1.492,-646.80463,278.27277,1048.15759,-703.17505,295.11203,959.25909,-629.33905,252.31436,907.16016
181,1.5,-639.64258,278.83224,1047.04041,-695.91003,295.76401,957.83942,-621.47809,253.10497,906.61224
182,1.508,-632.44952,279.81769,1045.44019,-689.2735,296.5481,956.90881,-614.81689,253.3463,906.43115
183,1.517,-625.58569,280.84445,1045.25964,-681.49164,297.4455,955.41058,-608.12671,252.95117,905.11182
184,1.525,-619.21899,281.44562,1044.11084,-673.96844,299.26266,955.13007,-598.57642,254.86314,904.10583
185,1.533,-610.69824,282.41437,1042.35876,-665.79541,298.92639,953.97534,-591.25714,254.62987,903.31232
186,1.542,-603.81262,282.91348,1041.7821,-658.03925,299.81946,952.29138,-583.63525,256.31146,903.03949
187,1.55,-596.26709,284.18774,1041.19238,-651.05719,299.63522,951.10461,-575.48187,257.47638,901.53241
188,1.558,-589.30786,285.62103,1040.31006,-642.54871,302.40048,950.15887,-569.47198,256.98279,900.39264
189,1.567,-581.59265,287.36572,1039.15601,-634.53937,303.07785,948.30688,-561.88934,257.45871,899.06702
190,1.575,-575.07794,288.23727,1038.16248,-627.7041,304.16074,947.22284,-554.46057,259.17078,898.72296
191,1.583,-566.91663,289.10953,1036.37109,-620.16779,305.58542,946.52484,-545.62219,259.83017,897.30603
192,1.592,-559.28857,291.20502,1035.39075,-611.60181,306.75653,945.00726,-536.82483,261.18619,896.31708
193,1.6,-551.19739,291.58997,1033.98425,-603.29987,307.67093,943.16376,-530.10144,262.17795,895.84845
194,1.608,-541.78363,292.35184,1032.97644,-595.45428,308.83725,942.97955,-521.84412,263.25623,893.50055
195,1.617,-535.54517,293.87567,1032.64514,-586.08002,309.90222,941.73163,-512.99628,265.05594,893.39954
196,1.625,-527.90259,295.18121,1032.41406,-579.2002,311.43448,941.73657,-505.18066,265.36929,894.12897
197,1.633,-519.11389,296.50735,1033.60535,-571.80164,311.66779,941.23865,-497.04654,266.6868,894.64783
198,1.642,-510.74234,296.99396,1033.41272,-562.29797,313.4682,942.16333,-488.58768,268.91809,894.45795
199,1.65,-502.4166,298.75668,1034.49182,-553.55975,315.14648,943.15137,-479.55862,267.89325,895.16248
200,1.658,-495.12982,299.54251,1035.64014,-545.68542,316.53506,944.50616,-472.09766,268.78012,896.20612
201,1.667,-486.42514,300.21173,1036.56067,-537.59625,317.18051,945.31934,-464.56387,268.39896,897.5274
202,1.675,-478.18076,301.54025,1038.71472,-529.40759,318.39273,946.48413,-453.47873,271.61063,899.26044
203,1.683,-470.60919,303.1586,1038.70239,-520.5293,319.24728,947.52838,-447.02893,272.60474,900.66687
204,1.692,-461.48096,304.13403,1040.6178,-512.37958,321.17734,949.32428,-438.68585,272.95135,901.72882
205,1.7,-453.39011,304.82813,1042.44275,-503.96982,321.55685,950.35065,-428.73505,274.74289,903.26941
206,1.708,-445.40439,306.87714,1043.57458,-495.073,323.34204,951.58502,-422.23883,274.69589,904.62372
207,1.717,-437.82413,307.51755,1045.56934,-486.55243,324.13721,952.24542,-413.51962,275.55508,906.83167
208,1.725,-429.00247,309.13376,1046.26074,-478.29202,326.25174,954.45959,-404.13391,276.6962,908.1059
209,1.733,-421.17569,311.19421,1047.8866,-468.50574,327.17691,955.16412,-396.3056,277.50958,910.35938
210,1.742,-412.55811,312.40887,1049.48779,-461.07623,329.06116,955.79315,-387.50482,277.86398,911.21039
211,1.75,-404.39694,312.39529,1049.8595,-451.39792,330.2771,956.18823,-379.14221,279.3111,912.4212
212,1.758,-396.05087,315.13925,1050.82507,-442.46106,332.16345,956.94189,-370.76294,279.61249,913.17004
213,1.767,-387.84952,314.88574,1051.13574,-433.64856,333.21185,958.49603,-361.46027,281.09198,914.22583
214,1.775,-379.2356,316.63458,1051.84033,-424.0076,335.50064,958.44421,-353.01236,281.94736,915.54321
215,1.783,-371.65997,317.11084,1052.5686,-416.05496,336.33673,958.94812,-343.89554,281.31476,916.26025
216,1.792,-361.4267,318.48441,1053.72119,-406.07761,337.95126,958.6015,-335.21323,283.34491,916.71008
217,1.8,-354.82959,319.20319,1054.56628,-397.50046,339.04108,960.21405,-326.59909,284.00824,917.89758
218,1.808,-346.18857,318.95734,1055.4032,-388.57864,340.17081,960.48743,-317.47678,284.08859,919.13409
219,1.817,-338.17215,320.09045,1056.00867,-380.63751,342.07281,961.87573,-308.97556,286.25266,920.15918
220,1.825,-329.98523,321.42746,1057.17224,-370.90567,342.83295,962.13751,-300.6781,287.58441,921.01752
221,1.833,-322.29221,321.56302,1059.39844,-363.0542,343.81018,963.17615,-291.82712,287.8031,922.41943
222,1.842,-314.93283,322.56461,1058.99194,-354.63211,345.25665,964.41919,-283.60687,288.53561,923.19464
223,1.85,-306.57446,323.9324,1060.57227,-346.37735,345.86899,965.19794,-275.13641,289.9332,924.05414
224,1.858,-299.44455,323.31668,1062.29688,-337.75027,346.80399,966.95886,-267.25104,290.71268,925.19299
225,1.867,-292.59149,325.75262,1062.84045,-330.85254,347.03857,967.83636,-258.87067,291.74014,927.27875
226,1.875,-284.28262,326.11786,1063.7876,-323.78433,347.75613,968.38416,-250.73524,292.52539,928.38904
227,1.883,-276.94107,326.95718,1064.89636,-317.31693,348.32639,969.36139,-242.41161,294.42252,928.52856
228,1.892,-270.22467,328.05322,1066.27856,-309.73239,350.16721,969.88275,-234.1411,293.20099,930.59747
229,1.9,-264.0849,328.74799,1065.82166,-303.88843,348.82285,970.84338,-226.68509,295.33447,931.03821
230,1.908,-256.65579,329.47528,1067.34473,-293.20779,351.11807,969.95416,-217.94594,296.30002,932.45697
231,1.917,-248.86952,329.72998,1067.11694,-285.60483,350.7023,970.00574,-211.76111,296.42236,933.17114
232,1.925,-242.09882,329.82956,1068.30139,-279.46652,351.25476,971.04456,-205.3241,296.87967,934.30176
233,1.933,-236.42557,330.61652,1068.93323,-271.70874,351.27838,971.22174,-196.6368,297.57568,934.92249
234,1.942,-230.06322,330.95941,1069.10876,-264.37918,353.02905,971.54254,-189.33284,297.85675,936.21936
235,1.95,-223.43843,331.52124,1069.72998,-257.80313,353.13095,971.99878,-183.02986,298.08356,936.51398
236,1.958,-217.24803,331.67734,1070.69922,-250.88814,353.36261,971.72882,-175.87169,298.1315,936.77997
237,1.967,-211.0627,332.50549,1070.03638,-244.07454,353.3501,971.77802,-168.84772,298.48865,937.46436
238,1.975,-205.13525,333.82919,1070.68066,-237.65625,352.88446,972.21832,-162.19891,298.66098,937.68829
239,1.983,-198.31705,334.72278,1069.96521,-231.82979,353.39609,972.11871,-156.7643,298.56616,938.41351
240,1.992,-192.63097,333.86685,1070.50146,-225.68356,353.70419,972.33472,-149.23137,300.08884,938.47852
241,2,-186.80872,334.27563,1071.08008,-219.49907,354.01248,972.02454,-143.17119,298.45901,938.70404
242,2.008,-180.68748,333.75516,1070.58093,-216.4827,353.4985,971.50897,-137.94234,298.69598,938.64221
243,2.017,-174.09973,334.37863,1070.66272,-209.41624,354.2251,970.7699,-132.17343,298.62534,937.81976
244,2.025,-169.1954,334.17636,1070.39465,-202.31877,354.46848,970.86121,-126.23266,298.88202,937.99854
245,2.033,-164.36774,334.16074,1069.18726,-195.58803,353.49994,969.97174,-121.08475,298.16049,937.71124
246,2.042,-158.34355,333.32376,1068.95227,-189.70914,354.53033,969.8703,-115.47977,298.79819,937.34985
247,2.05,-153.10016,333.67822,1067.74316,-182.94849,354.13635,969.24261,-110.26083,297.66299,936.87408
248,2.058,-148.56508,334.02203,1067.86499,-176.7108,354.55173,968.6095,-104.93615,297.39447,936.10571
249,2.067,-142.91278,333.16125,1067.07288,-170.29451,353.45349,967.65564,-99.47924,297.13443,934.89825
250,2.075,-137.62801,332.80637,1066.11145,-170.22266,352.86444,967.58118,-95.70768,297.51801,933.81207
251,2.083,-133.2951,332.84692,1065.52478,-165.56332,352.70309,967.64667,-91.29972,297.55258,933.1366
252,2.092,-128.18275,331.84134,1065.21521,-161.33781,351.77914,966.70416,-86.11027,297.33163,932.11646
253,2.1,-123.69164,332.16779,1064.58411,-157.18925,352.23526,965.67639,-82.08022,297.01874,930.79578
254,2.108,-118.15761,331.38403,1063.45337,-153.50151,352.573,965.38098,-77.26637,296.66409,930.43225
255,2.117,-114.53713,330.68475,1062.16003,-148.13095,351.13385,963.78143,-72.71471,296.27155,929.47852
256,2.125,-109.42161,330.9805,1060.47693,-144.0554,350.51266,962.41791,-68.47646,295.54916,927.93738
257,2.133,-105.24072,329.92191,1060.45264,-139.24782,350.54794,961.88678,-64.82587,295.58823,926.80316
258,2.142,-101.1274,330.06589,1058.8147,-135.92618,350.02859,961.11401,-60.17852,296.09341,925.61829
259,2.15,-96.41123,328.98828,1057.03662,-132.26942,349.90988,959.79407,-57.4429,295.54181,924.15326
260,2.158,-91.75284,328.24567,1055.67053,-127.44261,349.09082,959.18359,-53.46379,294.82986,921.59265
261,2.167,-88.09405,327.69946,1054.99976,-124.57529,348.11859,957.724,-48.56894,294.16663,921.06659
262,2.175,-85.04472,327.42963,1053.93762,-121.5062,347.76569,956.49829,-45.91802,293.71683,919.89777
263,2.183,-80.37512,326.8782,1053.36804,-116.80964,347.11957,955.90594,-43.3445,293.63361,917.77979
264,2.192,-75.86778,325.82831,1050.78101,-114.08677,345.9173,954.62183,-38.87788,292.61276,916.60156
265,2.2,-72.09384,325.09442,1049.35803,-110.78946,346.04071,953.36505,-35.38389,293.63043,914.62695
266,2.208,-67.34438,325.05042,1049.39124,-106.82314,345.10999,952.33472,-32.99295,293.30487,913.66925
267,2.217,-64.16563,324.69443,1047.46118,-103.6413,345.18976,951.43604,-28.72939,292.34943,911.90082
268,2.225,-60.8105,324.10748,1046.23682,-100.47369,344.43503,951.021,-26.31971,291.24976,910.59857
269,2.233,-55.94621,324.09912,1045.01855,-97.09173,343.237,949.81982,-22.72328,291.57599,908.66693
270,2.242,-51.30221,322.53003,1044.29407,-94.54823,342.35074,949.42511,-19.34484,290.56952,907.9162
271,2.25,-48.03513,321.77377,1044.50256,-91.0806,342.03,949.42548,-17.12895,290.24457,907.91437
272,2.258,-44.32078,321.11618,1044.15356,-87.24268,341.01248,949.98737,-13.91768,289.51892,906.42206
273,2.267,-40.02333,319.82495,1044.09473,-85.21288,340.4808,950.14612,-11.90647,289.23633,906.10931
274,2.275,-35.79576,318.72977,1043.98755,-81.38831,340.07449,950.65924,-8.24753,289.97159,906.22809
275,2.283,-32.39219,317.88678,1044.776,-79.06696,338.46939,952.04785,-5.12188,288.58957,906.69263
276,2.292,-28.71367,316.52026,1046.14575,-75.92547,337.92334,953.71484,-2.59051,287.2421,906.26404
277,2.3,-24.00319,315.81201,1046.32849,-73.26038,336.30676,954.92621,0.02643,287.86758,907.07465
278,2.308,-19.87812,314.67078,1046.90088,-69.72486,335.80338,955.64423,3.03698,286.59052,908.18365
279,2.317,-16.12564,314.06256,1048.2793,-65.92017,335.4046,957.41693,5.88962,287.1261,908.3266
280,2.325,-11.96758,313.75714,1048.89697,-64.22398,334.41263,958.03632,8.96524,285.81464,908.65771
281,2.333,-7.70479,313.79767,1049.77307,-59.64584,333.48608,959.91919,12.63359,285.55945,909.59155
282,2.342,-3.68954,314.0318,1051.20483,-56.23564,333.12692,961.20972,15.03271,285.45685,910.1344
283,2.35,0.41392,312.21094,1051.02869,-53.93093,331.48422,962.07117,18.907,284.7753,910.68005
284,2.358,4.57949,312.35736,1052.57666,-49.37403,332.51566,963.73737,21.52426,284.65967,911.7793
285,2.367,8.2743,311.84525,1053.37329,-46.37966,331.57904,964.48596,25.70897,284.52878,912.30133
286,2.375,11.83165,311.14478,1054.04004,-42.81529,330.62903,965.08954,28.75647,284.60147,913.26959
287,2.383,17.00508,310.46866,1055.05566,-38.44441,330.36856,965.54993,32.0041,284.12534,913.40332
288,2.392,20.08638,309.95801,1054.7677,-35.87436,329.0881,966.14252,35.97434,283.42191,913.52942
289,2.4,24.03703,310.28598,1055.49451,-32.29919,328.23355,967.25214,39.56029,283.57608,914.71234
290,2.408,27.93168,309.38135,1055.72461,-27.95802,328.5824,967.90656,42.54646,283.13937,914.88129
291,2.417,32.63091,309.0531,1056.9519,-24.30058,328.00623,968.47198,46.73163,283.63123,915.39093
292,2.425,36.36005,308.27097,1057.57214,-20.51216,327.73083,968.64325,50.53384,283.47592,915.67279
293,2.433,40.5415,308.38449,1058.56445,-16.88423,326.36801,969.10052,54.82197,283.09436,917.53729
294,2.442,44.60332,308.08423,1058.87634,-12.40763,326.3284,970.29315,59.46698,282.41843,917.44666
295,2.45,49.5532,307.69342,1059.20288,-8.08108,325.82169,971.91235,63.52386,282.79437,917.33752
296,2.458,52.98146,307.21313,1059.45313,-5.4571,325.89743,972.64203,66.55118,282.05414,917.51587
297,2.467,58.02767,307.09589,1061.03406,-0.41279,325.35931,973.55139,71.60754,282.85727,918.32489
298,2.475,62.59144,307.19543,1060.98059,4.33685,323.56732,973.55798,75.63847,282.4845,919.47461
299,2.483,67.05867,307.0546,1061.39148,8.15429,323.78864,974.41663,78.87117,282.87106,919.44708
300,2.492,71.68665,306.50522,1061.55347,12.32157,323.83405,975.51318,84.81117,282.20102,920.70807
301,2.5,76.7383,305.83072,1062.70227,16.76522,323.61072,976.56281,88.82768,281.86179,920.80682
302,2.508,81.46245,304.80695,1062.76367,21.74414,323.15222,976.84552,92.47567,281.27475,921.53137
303,2.517,86.14697,306.01062,1064.25183,26.20063,323.37955,977.7713,98.25206,282.13629,922.30359
304,2.525,90.5034,304.70193,1064.38501,30.92895,321.64703,977.22784,103.12038,281.51224,922.68518
305,2.533,96.38046,304.10638,1064.76599,36.69427,321.17795,977.51343,108.33927,281.74677,922.67853
306,2.542,101.61398,304.97314,1064.99048,41.42037,321.90826,978.39063,112.81614,281.53363,922.8725
307,2.55,107.21187,303.63382,1065.67322,46.33376,322.02423,978.47894,117.09613,280.30341,922.64014
308,2.558,111.89702,304.05786,1065.6748,51.29338,321.54895,978.63916,123.25036,280.93683,922.60895
309,2.567,116.84279,303.06412,1065.50244,57.0944,322.97931,978.78778,129.17433,280.33722,922.79993
310,2.575,121.835,304.36084,1065.09167,61.60597,320.01135,978.62024,133.909,280.91367,923.56555
311,2.583,126.54662,302.76407,1065.54456,67.24326,320.84848,979.08148,138.76506,280.79941,923.61713
312,2.592,133.02618,303.20453,1065.8197,72.62444,320.96072,978.48901,144.42863,279.741,923.53204
313,2.6,138.31693,303.93332,1065.82031,77.49668,321.63562,978.89008,149.51974,280.04001,922.91663
314,2.608,143.95462,302.7616,1065.62122,83.30262,321.31241,978.03931,156.25284,280.30661,922.93768
315,2.617,149.48322,303.48938,1065.06042,88.76612,320.49796,977.71313,161.2733,280.31665,922.4903
316,2.625,155.17589,303.95001,1064.44702,94.42017,319.47827,977.32117,167.23894,281.37494,922.22516
317,2.633,160.88864,302.06693,1063.64514,101.24632,319.99451,977.70422,173.01767,279.16632,921.95612
318,2.642,166.96077,302.99274,1064.02039,106.60146,320.52542,977.46875,179.57056,279.35361,921.6123
319,2.65,172.22437,303.52002,1064.2843,112.6071,320.44968,975.91669,184.56265,279.35236,921.68036
320,2.658,179.00688,304.71118,1063.43176,119.13306,320.7756,975.71008,191.13382,280.54214,920.71893
321,2.667,184.42261,303.67859,1062.02197,124.2482,319.76929,975.57452,198.13194,280.37326,920.59216
322,2.675,190.79749,303.53961,1061.5719,131.36487,319.83853,975.15094,203.97675,279.28854,920.67145
323,2.683,197.02522,304.03775,1061.31042,137.51053,320.16641,974.00323,211.7103,279.54938,919.78699
324,2.692,202.65059,304.04596,1060.59717,143.90775,320.3125,973.29559,217.4521,279.64276,919.60718
325,2.7,209.36185,304.12524,1060.0033,150.54387,320.68353,973.38843,223.89253,280.16577,919.61536
326,2.708,215.75264,304.00128,1059.77197,156.86092,318.77631,973.1795,230.51772,280.77988,918.87885
327,2.717,222.54056,305.00626,1059.82764,164.1174,319.48361,971.70935,238.00186,278.85138,917.59174
328,2.725,229.01013,304.44537,1058.93384,170.8054,319.76694,971.13788,244.6716,280.01941,917.65369
329,2.733,235.29572,304.51691,1058.63684,178.08691,320.95596,971.172,251.48425,280.1666,917.23077
330,2.742,242.42123,305.4278,1057.78235,184.14532,320.80875,969.59839,258.35547,280.48285,917.02441
331,2.75,250.13068,305.40579,1057.46436,191.42691,319.60632,969.05249,266.70377,278.75433,915.97211
332,2.758,255.60736,305.04968,1056.5885,198.29599,319.34241,968.64276,272.77097,279.60184,915.33588
333,2.767,263.29514,304.72543,1055.80042,205.72081,320.48251,967.54303,281.0538,280.08377,915.28119
334,2.775,270.45352,305.08395,1054.89282,213.91797,321.93359,966.81769,288.2995,280.76868,914.54547
335,2.783,277.20999,306.12283,1055.08215,220.90186,322.65955,965.92181,295.16119,280.22958,914.03674
336,2.792,284.93686,305.86099,1053.30164,229.3923,321.92297,964.28418,303.12454,279.21722,913.17834
337,2.8,291.97845,307.15323,1052.8313,235.88461,321.97421,963.71344,311.34589,280.26416,912.69482
338,2.808,299.66626,305.56943,1052.20874,244.32866,321.98932,962.83533,318.41949,280.29187,911.56091
339,2.817,307.03192,306.56387,1050.56677,252.28078,322.71817,961.51385,326.02469,279.9361,910.56219
340,2.825,314.65668,307.63812,1050.05347,259.86758,322.40512,960.76489,334.76605,279.87604,909.77527
341,2.833,322.25568,307.20892,1049.0752,266.9361,322.67694,959.91608,342.74609,280.75067,909.28528
342,2.842,330.67526,308.6116,1048.12671,276.07828,322.26782,958.3045,349.87994,281.45029,907.77039
343,2.85,338.36575,308.93777,1047.46436,284.05234,324.06442,956.89032,358.57062,280.59912,906.98364
344,2.858,346.1796,309.20288,1045.29626,292.25577,324.86145,955.58545,367.23364,280.4108,906.30444
345,2.867,354.36356,309.54034,1044.32898,300.42148,325.24261,954.73212,375.33554,281.5603,904.784
346,2.875,362.76294,310.77386,1043.11536,308.87814,324.93582,953.14435,383.86951,281.81433,903.86456
347,2.883,371.00983,311.51999,1042.79797,317.37207,326.11777,951.77649,392.53036,281.31979,903.10425
348,2.892,379.37173,310.62946,1042.11963,325.20401,325.99905,951.00104,400.77991,282.24646,901.80243
349,2.9,387.87329,311.00177,1040.74719,334.26999,326.82004,950.10907,409.89914,282.73126,901.6413
350,2.908,396.29697,311.5412,1040.76099,343.76471,327.01459,949.62549,418.66235,282.30981,901.06244
351,2.917,405.18561,311.82959,1040.72827,352.42706,326.96478,950.16357,426.88434,283.19727,901.04547
352,2.925,413.8038,310.97015,1041.37427,360.32355,328.39169,950.85437,436.34796,283.15869,901.90027
353,2.933,423.43564,311.27753,1041.52502,370.49765,328.68137,951.34399,444.78439,283.89578,902.50488
354,2.942,431.92709,311.34518,1042.47266,379.53152,328.84076,952.65137,453.79193,283.47845,903.12744
355,2.95,440.61389,312.60928,1043.11169,388.73898,329.24622,952.99976,463.64145,283.22552,904.89587
356,2.958,449.54932,311.54922,1044.40491,397.73746,329.61298,953.60052,471.89487,284.35391,904.78986
357,2.967,458.16681,312.573,1046.87073,407.35623,330.25729,955.29205,480.9986,283.70374,906.25635
358,2.975,467.46194,313.93918,1046.48987,415.94656,330.51855,955.91376,490.26733,283.5564,907.7467
359,2.983,476.96689,313.58807,1048.27087,424.65054,330.4014,956.08502,498.40668,284.64719,908.38226
360,2.992,485.27942,314.77994,1049.26184,433.68771,330.51529,957.26508,507.93454,284.32092,910.6781
361,3,494.03302,315.13599,1049.82385,442.57715,331.94458,958.28009,517.54413,284.13922,911.62341
362,3.008,503.65546,315.017,1051.45813,453.41949,332.45206,958.93695,527.99762,284.62955,913.44727
363,3.017,512.16748,316.57739,1052.36035,463.38602,333.61188,960.03693,536.95441,284.13495,914.17682
364,3.025,520.11578,315.52591,1054.07385,472.67365,333.30997,961.04242,545.98816,283.91852,915.38153
365,3.033,528.98297,315.62704,1054.70984,481.64203,335.34073,961.40381,555.13062,284.08347,916.6084
366,3.042,538.34949,316.69919,1054.83313,490.88879,335.88773,961.63519,563.93134,284.02789,917.49774
367,3.05,547.3476,317.21292,1056.22351,501.21741,335.55981,962.81879,574.31604,284.26004,919.43842
368,3.058,556.05505,317.42264,1057.00708,511.72778,335.93924,963.40948,584.03992,281.84073,920.11414
369,3.067,565.05072,317.26004,1057.04761,520.44055,337.27344,963.70868,593.76074,283.96576,920.00482
370,3.075,574.84277,317.85455,1058.15918,529.76501,338.24286,963.66357,602.54291,283.32507,922.34583
371,3.083,582.65308,317.93246,1058.20166,540.74652,337.20084,963.69604,611.97107,282.73907,922.84424
372,3.092,591.16406,317.57236,1059.24756,548.78278,338.79062,965.58191,621.62134,282.17059,923.8042
373,3.1,599.8089,317.5788,1060.12268,558.70862,339.16788,965.44482,631.38232,282.57358,924.75116
374,3.108,608.35742,316.88226,1060.98035,568.06799,338.59879,966.73138,641.20294,282.71729,925.42413
375,3.117,617.75629,317.56946,1062.31995,578.45319,338.72092,966.81738,650.41113,283.21329,926.91083
376,3.125,626.19385,317.9729,1062.65356,586.86157,339.65488,968.34119,659.13013,283.17313,928.0119
377,3.133,634.80676,318.78812,1064.32458,595.51697,340.50806,968.9635,668.66962,282.78928,929.23712
378,3.142,642.89587,318.09927,1065.50244,605.38373,340.48764,969.3642,676.81598,283.24261,929.80078
379,3.15,652.13763,317.27515,1066.85547,613.54974,341.73709,970.26904,686.14221,283.69354,931.53656
380,3.158,659.60315,318.70947,1067.6405,622.46423,339.87659,971.28357,695.75153,283.47348,932.89502
381,3.167,667.64191,318.09253,1068.27185,630.57281,341.08469,971.92065,703.99603,282.93576,933.62012
382,3.175,676.32544,317.06918,1069.43652,639.30939,339.66608,971.97595,713.11755,283.26004,934.81873
383,3.183,683.30536,318.24246,1070.55603,647.65253,340.474,972.58173,721.97974,283.02191,935.84338
384,3.192,691.46222,318.63916,1070.74426,656.21143,339.44684,973.09827,729.87604,283.5809,937.36737
385,3.2,698.63177,319.01526,1071.87231,664.23022,339.65701,974.1637,738.18872,282.15158,937.92401
386,3.208,706.04132,318.13229,1072.12573,671.98987,338.97229,975.10687,746.89478,282.2623,938.73138
387,3.217,713.53168,318.36395,1072.40308,680.65149,339.28348,975.24658,754.38232,283.3046,940.24103
388,3.225,720.24567,318.83252,1073.59741,687.27771,340.11456,975.63214,762.86041,282.68558,940.94281
389,3.233,728.20123,318.29987,1073.64526,695.45105,338.88379,975.28009,770.74634,282.27124,942.2442
390,3.242,734.39325,317.86511,1073.83337,702.85339,338.36087,976.02563,778.3598,281.89987,942.19482
391,3.25,740.81561,317.33902,1075.00854,710.49957,337.82458,976.13379,785.73297,281.71057,942.31842
392,3.258,749.00653,317.39731,1074.91162,717.74469,337.06769,976.05475,793.2807,280.40778,943.76019
393,3.267,754.93927,317.91696,1075.23267,724.95612,337.17004,975.94006,800.86255,280.92001,943.93799
394,3.275,762.17151,316.36777,1074.68982,732.32202,337.0976,976.1969,806.49133,280.40332,943.5415
395,3.283,768.37885,316.86676,1075.34949,739.56183,337.29175,976.10669,814.53265,279.53452,943.40991
396,3.292,775.68811,315.97079,1074.98645,745.48346,336.80292,975.95123,821.86548,279.05609,943.41583
397,3.3,781.86212,316.00385,1074.7616,753.35669,336.42123,976.04633,828.28717,278.03519,944.67572
398,3.308,788.02588,314.48257,1074.32922,759.08746,335.02313,974.9317,834.65997,278.75369,944.30396
399,3.317,794.03851,314.18503,1073.98975,765.24359,333.79892,974.979,841.25677,278.00598,944.27917
400,3.325,800.41925,313.99902,1073.56238,772.32092,333.54907,974.44299,847.14105,277.1965,943.43433
401,3.333,806.7926,313.2988,1072.93005,778.73022,333.46255,973.35358,853.4823,276.41025,943.28949
402,3.342,811.92065,312.17224,1073.02222,783.47729,332.59143,972.95068,858.70062,275.2681,941.88037
403,3.35,818.50653,312.0611,1072.18311,789.98364,333.12405,972.65314,865.28314,274.9772,942.04321
404,3.358,823.87573,312.07547,1071.41028,796.0943,331.09256,971.88861,870.83673,273.90652,940.21033
405,3.367,829.67316,310.80627,1070.20862,800.99109,331.58154,971.28015,876.69684,273.80185,939.54041
406,3.375,834.94635,310.12479,1069.77747,806.95398,329.7381,970.62659,881.46118,272.22025,939.15625
407,3.383,840.90808,308.44815,1068.86243,812.20886,328.72934,969.8858,886.6701,271.88687,937.66296
408,3.392,845.81458,308.58954,1067.94971,817.61823,328.41779,968.41663,892.41669,270.03357,936.99768
409,3.4,851.28522,306.8616,1066.47192,821.63947,328.42807,966.93408,896.96393,270.64001,935.51093
410,3.408,856.56409,307.3414,1065.94507,826.46301,327.29419,965.84052,902.28064,269.72708,933.73859
411,3.417,861.90631,306.85419,1063.97168,831.39124,327.71472,965.85559,906.1217,268.94067,933.61731
412,3.425,866.88208,305.04575,1063.06897,834.97778,325.12405,964.33911,911.3418,268.48422,931.51691
413,3.433,871.65729,304.19614,1062.09473,839.80682,324.02658,963.3288,915.75153,267.78708,930.7887
414,3.442,876.00299,302.56406,1060.52478,844.25507,323.7948,961.92841,920.06927,268.32755,929.07251
415,3.45,880.8847,302.21841,1059.3075,848.15668,323.51248,960.73926,923.854,266.76544,927.42761
416,3.458,885.0968,302.07632,1058.04248,853.21381,322.66931,959.49573,927.64185,266.17889,925.19189
417,3.467,889.32391,301.06638,1056.47363,856.23535,321.89386,958.3656,931.80817,265.02603,924.29712
418,3.475,894.29462,299.91861,1055.35083,860.79089,320.80673,957.86182,935.34344,265.17758,923.03027
419,3.483,898.07788,298.49371,1054.27026,864.79517,319.91464,956.16992,939.96838,264.05212,921.63483
420,3.492,902.96588,298.56311,1053.0675,868.06787,318.41638,955.83289,943.24786,263.2706,919.78687
421,3.5,906.6839,296.90665,1052.43115,872.04199,318.11359,954.81641,946.4375,262.95123,917.91107
422,3.508,911.44403,296.11426,1051.0116,874.55573,316.9838,954.91284,949.91461,261.38791,917.07239
423,3.517,915.60498,294.4212,1050.69995,878.60138,316.21973,954.27045,952.37708,261.40298,916.00769
424,3.525,919.52039,292.71634,1050.7146,882.30682,315.25717,954.6416,955.68652,261.71921,916.07745
425,3.533,923.90887,292.84515,1050.87952,884.32397,313.27582,955.46069,958.6781,260.15894,915.03137
426,3.542,927.29089,291.26056,1050.77039,887.62659,312.07642,956.20789,962.21582,258.64886,915.47241
427,3.55,930.47058,290.42194,1051.89478,889.32733,311.57443,956.91351,963.62122,260.15396,914.71497
428,3.558,934.60205,288.53354,1051.80933,892.37048,310.52878,957.58374,966.30878,259.28116,914.88422
429,3.567,938.57263,288.03134,1052.10144,895.38263,308.2269,958.30298,969.62189,258.45148,914.99152
430,3.575,942.01074,286.85846,1053.00012,897.21637,308.82376,959.14612,971.21051,258.58771,915.44873
431,3.583,946.06317,285.85367,1053.92334,900.57654,307.01096,960.18475,974.65399,257.72189,916.16748
432,3.592,949.79657,284.68918,1054.29651,902.97449,306.07043,961.40216,976.48114,256.90134,916.17938
433,3.6,953.12079,284.61993,1054.93604,905.30609,304.36237,962.78723,979.43524,256.93732,916.18628
434,3.608,957.06104,283.59991,1055.91443,909.2334,303.84045,964.16327,982.26563,255.39842,916.87408
435,3.617,960.71008,283.17383,1055.91333,911.90332,303.46646,964.41077,984.3183,255.15141,916.84381
436,3.625,964.42041,282.5636,1056.90869,913.25958,302.69662,965.06378,987.98798,255.35603,917.04022
437,3.633,967.64758,281.8006,1057.13171,918.45313,302.02866,966.06299,990.60681,253.85628,917.60608
438,3.642,970.96002,280.56671,1057.02307,921.98798,300.94617,966.16724,993.18542,252.72176,916.55695
439,3.65,974.44672,280.66959,1056.82397,923.68591,299.91187,966.72931,997.02014,252.57169,917.5683
440,3.658,977.75323,279.68814,1057.72864,926.99579,300.1283,966.88623,998.40088,251.91443,917.48041
441,3.667,981.82373,278.642,1057.45813,930.48529,297.51831,966.92712,1001.70258,251.58067,918.18829
442,3.675,984.34253,278.03549,1057.74146,932.89368,297.5098,967.36493,1005.28381,251.52843,918.23761
443,3.683,988.68213,277.81451,1058.06995,936.70886,297.98813,967.79443,1007.41174,250.47557,917.75488
444,3.692,992.3808,277.00497,1058.90991,939.28333,297.20383,968.75928,1010.69269,250.53889,918.04205
445,3.7,994.88397,277.17624,1058.55786,941.96716,297.14526,969.58661,1014.289,249.88226,917.987
446,3.708,998.61292,276.68814,1058.79895,945.08105,295.888,969.76465,1017.84204,249.91225,918.59332
447,3.717,1002.39539,275.89514,1059.32727,949.02942,294.60602,970.89966,1020.81042,250.07085,919.59686
448,3.725,1006.11761,275.84433,1060.35779,951.13049,293.34619,971.86792,1024.62207,250.0999,920.20923
449,3.733,1010.04156,275.34418,1061.16077,954.38965,294.43579,973.38269,1027.79004,250.0762,920.32697
450,3.742,1013.50208,275.0752,1061.53601,958.47284,291.38885,974.03107,1030.47583,249.61908,920.64954
451,3.75,1016.81708,274.80832,1062.35535,962.02039,291.98004,974.15051,1034.3595,249.92221,921.76239
452,3.758,1021.18201,274.96454,1062.84827,964.45905,291.98535,974.19379,1038.32947,250.51518,922.90771
453,3.767,1025.39758,274.59244,1063.901,967.90381,291.71619,975.24475,1042.18713,250.36089,923.07483
454,3.775,1029.55103,275.01413,1064.13037,971.67395,291.37054,976.60345,1045.10828,249.52129,923.34912
455,3.783,1033.43872,274.37985,1064.81226,976.5387,289.97739,977.24927,1049.3623,248.64426,924.0365
456,3.792,1037.46948,274.64368,1065.30042,979.91089,290.25656,977.80591,1053.24121,249.49751,924.15942
457,3.8,1042.13098,274.6391,1065.38037,984.36462,289.7095,977.73822,1057.71533,248.76613,925.03235
458,3.808,1046.55701,274.39523,1066.27466,988.04443,289.93811,978.3111,1061.86438,247.60435,924.9469
459,3.817,1050.99512,273.21136,1066.54968,993.02496,289.32874,979.15692,1065.86926,247.33769,925.1524
460,3.825,1055.06372,272.90601,1066.2533,997.66333,288.26511,979.0744,1069.73547,247.23445,925.09271
461,3.833,1059.76233,272.34686,1066.18384,1001.52747,287.41168,978.84003,1074.51819,246.21803,924.90399
462,3.842,1064.4906,272.24963,1065.81445,1006.96484,289.25861,979.04279,1079.72314,245.81894,925.20404
463,3.85,1069.79785,272.01505,1066.02344,1010.57709,287.95108,979.06329,1083.75146,246.64935,924.75195
464,3.858,1074.49756,272.71637,1065.95154,1016.73151,288.01074,979.75098,1088.53772,245.8808,924.47229
465,3.867,1080.23633,271.47739,1066.33459,1021.508,288.05499,979.06934,1093.18408,245.64122,925.02905
466,3.875,1084.88098,271.33969,1066.05933,1025.81726,288.65781,978.87079,1098.03357,246.75745,924.72809
467,3.883,1090.32959,272.09167,1065.91125,1031.05615,287.34152,978.98718,1103.3053,245.39378,924.70294
468,3.892,1095.62866,272.71661,1065.22791,1036.29382,286.99216,979.0061,1108.5,246.07707,923.83887
469,3.9,1101.46558,271.16577,1064.63599,1042.70923,288.1463,978.87268,1114.19531,245.54831,924.31189
470,3.908,1106.52087,271.95862,1064.68494,1047.60193,287.95657,978.41211,1119.80933,245.69449,923.87262
471,3.917,1112.23987,271.94241,1063.44653,1053.32458,287.26779,977.68494,1126.21985,245.60576,923.34802
472,3.925,1118.34631,271.16333,1064.10388,1059.11816,287.6261,977.23566,1131.44312,246.22166,923.1626
473,3.933,1123.97961,272.0112,1063.9541,1065.29895,287.04056,976.93158,1136.79871,245.87466,922.41174
474,3.942,1130.55066,271.96439,1063.78931,1071.18945,286.91623,977.11792,1143.23352,246.49608,921.586
475,3.95,1136.46313,271.35892,1062.70313,1077.01172,286.78018,976.0675,1148.88184,246.93219,921.2406
476,3.958,1142.29187,272.08313,1062.16455,1083.48633,287.72763,975.35974,1155.80371,246.35986,920.85144
477,3.967,1148.32068,273.23734,1061.18713,1089.04517,287.87613,974.06451,1161.93372,246.89436,920.53088
478,3.975,1154.84167,272.50702,1060.31409,1095.78186,288.7778,974.23279,1168.19641,247.16066,920.20264
479,3.983,1161.01111,272.60516,1060.26978,1102.71887,287.08078,973.49646,1175.88525,246.82431,919.20215
480,3.992,1167.79553,273.64697,1059.2793,1109.91467,287.77118,972.58929,1182.53015,247.73994,918.93909
481,4,1174.75513,273.37827,1058.31433,1116.20288,287.88058,970.98627,1188.15491,248.10747,917.69965
482,4.008,1181.21411,273.27939,1057.64685,1123.40356,288.47504,970.56842,1195.46118,247.37575,916.66278
483,4.017,1187.96045,274.82483,1056.41565,1129.62134,289.59808,969.94812,1202.18359,248.30045,916.90894
484,4.025,1195.23804,275.00848,1055.98572,1136.6261,289.03986,967.4505,1210.81335,247.51758,915.18872
485,4.033,1202.34741,275.82608,1055.02649,1144.47058,290.84769,967.99963,1217.4917,249.03197,914.95551
486,4.042,1209.35229,276.70279,1054.02417,1151.67419,290.16599,966.89136,1224.84204,248.30907,913.40088
487,4.05,1216.85718,276.11938,1053.85876,1160.41443,291.58771,966.42957,1231.75293,248.53247,913.04907
488,4.058,1224.89465,277.14536,1052.21448,1167.57385,291.62436,964.12561,1240.42834,248.93593,912.08026
489,4.067,1231.44116,277.70056,1052.08899,1175.35181,292.84375,963.24164,1248.17542,248.99298,911.07257
490,4.075,1239.38782,277.48459,1050.1217,1183.43225,293.61621,962.77203,1255.93445,250.26248,910.39337
491,4.083,1246.71179,278.9176,1049.2605,1190.44568,293.16534,960.74011,1264.40259,249.6752,909.46869
492,4.092,1255.08423,279.67209,1048.47375,1198.96008,295.05554,959.67804,1271.26184,251.21819,908.00745
493,4.1,1262.59338,279.91025,1046.50183,1206.96326,295.98785,959.00256,1279.69336,251.95193,907.14575
494,4.108,1271.04932,281.96783,1045.78406,1214.94714,295.33194,956.19336,1288.39319,252.89511,906.24084
495,4.117,1277.82825,282.61978,1044.77661,1223.53088,296.69034,955.61066,1295.93164,253.90288,905.64459
496,4.125,1286.03955,283.06235,1044.00806,1231.27356,297.98108,955.276,1304.89026,253.88651,904.2522
497,4.133,1294.93884,283.46411,1042.64233,1238.7428,297.03122,953.08661,1312.48779,254.58232,903.00232
498,4.142,1303.0155,284.24847,1042.36255,1247.51611,299.23654,952.37268,1322.19873,254.10994,902.42102
499,4.15,1311.08044,284.77301,1042.50403,1257.30579,300.37579,953.20062,1330.74341,255.37578,902.85699
500,4.158,1318.99487,285.77478,1042.58142,1265.70959,300.43808,953.07605,1340.73193,255.7991,902.54675
501,4.167,1328.71521,286.64102,1042.37695,1274.91882,300.30066,952.85211,1347.94238,257.09982,902.76599
502,4.175,1337.30676,287.0369,1043.38879,1283.31079,301.25415,953.96619,1356.96521,256.74536,904.09125
503,4.183,1345.25183,287.32419,1044.39124,1292.72449,303.20099,954.9704,1365.44849,258.20892,904.51727
