Frame#,Time,R.Thigh.x,R.Thigh.y,R.Thigh.z,R.Thigh.Front.x,R.Thigh.Front.y,R.Thigh.Front.z,R.Knee.x,R.Knee.y,R.Knee.z,R.Knee.Medial.x,R.Knee.Medial.y,R.Knee.Medial.z
1,0,-964.91888,-122.76656,629.89984,-898.24811,-38.31142,538.84674,-951.29468,-96.67368,474.95499,-948.71539,14.26956,471.58646
2,0.008,-963.05188,-121.76621,630.01154,-897.22595,-38.52501,538.13928,-949.95038,-96.49179,474.93304,-946.31982,13.29828,471.83862
3,0.017,-962.00696,-121.79929,630.01105,-896.31311,-37.51478,537.84552,-949.73083,-96.28396,474.90439,-945.51648,15.16879,470.9462
4,0.025,-960.20618,-122.14259,630.05408,-895.33246,-37.70034,537.17133,-948.37415,-95.80309,474.80856,-944.32684,14.92431,470.56763
5,0.033,-958.80157,-122.36425,629.9502,-893.94897,-38.113,536.79138,-947.66852,-95.85867,474.51782,-944.63428,14.96057,470.72931
6,0.042,-957.74622,-122.45538,629.85736,-892.48077,-38.28006,536.84772,-946.70349,-96.25983,474.5296,-944.60962,15.55094,470.40369
7,0.05,-956.49744,-121.98772,629.54126,-891.53674,-37.85396,536.73743,-945.60101,-95.90675,473.52084,-942.32977,15.05662,470.34033
8,0.058,-954.89899,-121.93245,629.40515,-890.55518,-37.67907,536.94696,-943.784,-95.44711,473.35947,-940.9696,15.20664,470.65155
9,0.067,-953.50781,-121.61507,629.22278,-888.8927,-37.82082,536.90222,-943.01611,-95.20384,473.21487,-939.75,16.22333,470.68225
10,0.075,-951.8894,-122.04987,629.17432,-887.9574,-38.04053,535.80902,-941.58057,-95.72163,473.03897,-937.72113,16.13134,470.52542
11,0.083,-950.15594,-121.37447,629.17218,-886.15454,-37.73546,535.55438,-939.96259,-95.03068,472.7251,-937.29108,16.25943,470.62427
12,0.092,-948.57776,-120.69449,628.89606,-884.65039,-37.84328,534.90625,-938.92279,-95.62874,472.80646,-935.41669,16.42766,470.69675
13,0.1,-945.69897,-121.85629,629.04462,-882.77698,-38.90688,534.37708,-937.40936,-95.86159,472.45361,-932.36108,15.13717,470.37567
14,0.108,-944.33881,-121.83794,628.71979,-881.77936,-38.82895,534.43146,-935.97131,-96.40218,472.27533,-930.5871,15.20431,469.03802
15,0.117,-942.69971,-121.47974,627.87177,-879.4176,-39.16367,533.61456,-934.52417,-96.57262,471.97424,-929.7818,15.56072,469.07886
16,0.125,-940.75085,-121.10836,627.76105,-877.72705,-38.67643,533.21484,-932.90851,-96.72625,471.77673,-927.9162,15.49871,468.8894
17,0.133,-939.64331,-121.24909,627.75183,-874.81445,-37.68361,532.49817,-931.96759,-96.82725,471.43768,-926.56531,15.22263,468.37036
18,0.142,-937.29443,-121.00874,627.80676,-873.83221,-38.15553,532.12689,-930.51154,-97.17312,471.35065,-923.50635,15.65459,468.18808
19,0.15,-935.09564,-120.84119,626.94006,-871.67932,-38.18091,531.4375,-928.46271,-96.89251,470.57077,-921.26672,15.58761,467.47101
20,0.158,-932.94952,-120.46679,626.62415,-870.02197,-39.2845,531.08392,-926.26062,-95.85222,470.10355,-920.30353,15.88032,466.60815
21,0.167,-930.80469,-120.94283,626.3548,-867.52295,-39.96143,530.45087,-925.46619,-96.00488,469.77533,-915.72375,14.19367,467.10022
22,0.175,-928.33228,-121.3448,625.65033,-865.49945,-40.99018,530.08447,-923.34418,-96.39072,469.92584,-914.28973,14.52308,466.76993
23,0.183,-925.92737,-120.60815,625.65356,-862.94952,-41.30648,528.78168,-922.07489,-96.59953,469.65738,-913.27118,13.85,466.26465
24,0.192,-923.64899,-120.96074,625.34448,-860.6405,-41.49899,528.00214,-919.41974,-96.45831,468.77536,-910.05249,14.64499,465.40186
25,0.2,-920.81439,-120.76737,624.8042,-857.54175,-42.01127,528.21973,-917.60449,-96.99355,468.06567,-904.96899,14.19497,464.24609
26,0.208,-917.69446,-120.40385,624.84027,-855.13208,-42.12778,527.39465,-915.14941,-96.7053,467.69269,-904.07623,13.96155,463.77475
27,0.217,-914.78412,-120.06239,624.69379,-852.47156,-41.40446,526.09998,-913.00873,-97.2018,467.71841,-899.07733,13.91295,462.69611
28,0.225,-911.46313,-119.47758,623.98566,-849.38043,-41.85863,525.0777,-909.96088,-96.40412,466.30292,-897.75397,14.24911,461.72394
29,0.233,-907.93359,-120.48445,623.54132,-846.6759,-41.94294,523.76636,-906.60089,-96.63758,465.56238,-895.09973,13.67935,461.45526
30,0.242,-904.8443,-120.22522,623.14978,-842.21783,-41.52687,523.30328,-904.00745,-96.92381,465.24734,-892.19879,14.51919,460.76691
31,0.25,-901.42731,-119.00475,622.17401,-839.05408,-41.75816,522.42432,-900.1723,-97.03414,464.20016,-888.63586,14.61671,460.3732
32,0.258,-897.35651,-118.0901,621.39587,-834.94196,-43.04678,521.68457,-896.4201,-96.56206,463.97516,-884.54822,14.87928,459.21756
33,0.267,-893.47784,-118.35236,621.07886,-830.24548,-41.97599,521.12488,-892.48846,-96.38737,462.97968,-878.6355,13.17711,457.68173
34,0.275,-888.42963,-116.97645,619.98462,-826.00671,-42.26888,519.17828,-888.74139,-95.84328,462.60461,-874.47144,14.50773,456.70367
35,0.283,-884.56055,-116.51703,619.67133,-821.8139,-41.25172,518.42987,-884.79462,-95.27612,461.33597,-870.37665,15.12833,456.35873
36,0.292,-881.07318,-116.31847,619.03906,-817.50623,-40.41795,518.1806,-880.7229,-94.0365,460.95599,-863.9505,16.22495,454.05258
37,0.3,-876.71936,-114.94129,618.08997,-813.6731,-41.09734,517.21649,-876.87109,-93.79892,460.30322,-861.68256,15.99971,453.57007
38,0.308,-872.82861,-114.59237,618.02704,-809.65356,-40.34627,516.45215,-872.47174,-93.41395,460.05447,-858.42578,17.34228,453.77118
39,0.317,-869.51782,-114.23492,617.91736,-804.94104,-40.15062,515.28027,-869.12665,-93.56153,459.90707,-853.9248,17.85644,452.64954
40,0.325,-865.15167,-113.79208,618.07501,-801.38586,-39.80831,515.42395,-864.98297,-92.85104,459.76877,-849.58228,17.54633,452.39536
41,0.333,-860.71063,-113.03663,618.44354,-796.21082,-40.65136,515.4649,-860.24957,-93.87558,460.16849,-846.3197,18.63171,452.86746
42,0.342,-857.49518,-113.49405,618.58551,-791.64337,-40.4954,515.31177,-856.00934,-94.02211,460.02551,-841.28912,18.50033,452.46323
43,0.35,-852.59485,-111.39497,618.53345,-786.62762,-41.38728,515.75122,-851.45221,-94.7234,460.24139,-836.89966,18.99517,452.83591
44,0.358,-847.93103,-111.23449,619.09021,-780.91296,-41.01697,516.45233,-846.12335,-93.98969,461.20981,-831.08289,19.10621,452.82779
45,0.367,-843.85339,-111.46944,620.31775,-775.17145,-40.85379,516.72095,-840.43976,-94.05871,461.19998,-827.1424,19.656,453.37411
46,0.375,-838.52484,-112.18472,620.90741,-770.4245,-40.95451,516.8252,-835.04755,-95.48192,462.07693,-820.61536,17.977,453.66617
47,0.383,-833.33282,-111.13869,620.84967,-763.72729,-41.35375,517.27533,-828.57855,-95.56998,462.65488,-813.73352,16.20125,453.17264
48,0.392,-828.22565,-110.99035,621.39532,-756.20435,-42.84176,517.84784,-821.41278,-96.99778,463.45331,-806.72888,17.59948,454.23007
49,0.4,-821.9552,-111.94173,622.00885,-749.40955,-42.43881,518.6709,-815.62689,-97.71159,464.56073,-799.37134,16.48944,454.8681
50,0.408,-816.93292,-112.12191,622.49304,-741.77582,-43.75933,519.271,-808.31134,-97.67612,464.6593,-792.02673,14.86181,454.04199
51,0.417,-810.24097,-111.9513,623.27032,-734.22156,-45.67179,520.82147,-800.80621,-99.76154,465.88055,-782.83582,14.00355,454.07596
52,0.425,-803.93805,-112.61052,624.57037,-725.88831,-47.0735,522.2287,-793.08966,-99.91914,466.5441,-777.14441,14.96413,454.90292
53,0.433,-797.90948,-112.51103,625.30969,-718.21899,-47.55807,523.81763,-785.54193,-101.31444,467.97739,-763.74988,12.41389,456.42496
54,0.442,-791.28516,-112.74718,626.04944,-710.72858,-48.60289,525.07422,-777.32831,-101.24841,468.94012,-755.21387,13.09757,456.37704
55,0.45,-784.49774,-112.98034,627.12195,-703.51404,-49.31326,526.43158,-769.09442,-102.46405,469.97269,-746.90875,11.23407,457.45209
56,0.458,-778.02484,-112.22247,628.38477,-695.97595,-49.61736,528.24493,-761.3053,-102.34237,471.56107,-736.96454,11.59192,458.32513
57,0.467,-772.55438,-113.17477,629.59869,-689.02393,-50.37536,529.61682,-754.58929,-102.87702,472.82486,-729.65051,11.83551,458.99112
58,0.475,-766.03998,-112.09679,630.38287,-682.27405,-50.78406,530.83856,-746.914,-103.27342,473.48535,-721.04535,10.57626,460.96286
59,0.483,-760.34131,-112.56825,631.362,-676.31628,-51.12635,532.61224,-740.98352,-103.07162,474.73724,-714.27448,10.29025,461.96426
60,0.492,-755.56293,-112.13286,632.15692,-669.77777,-52.30873,534.76727,-734.80133,-102.58042,476.02704,-707.94055,9.19436,462.62997
61,0.5,-751.47815,-110.9146,632.35431,-664.52435,-51.8585,535.76648,-728.75653,-102.52016,477.07346,-700.86261,9.72257,463.93167
62,0.508,-747.81055,-111.32893,633.08801,-660.48175,-52.29292,536.56506,-724.35883,-102.39452,478.0361,-695.64734,10.11005,466.12769
63,0.517,-743.74884,-111.29367,634.22852,-655.15729,-53.5659,537.81458,-720.03912,-102.7827,479.60925,-691.0697,10.23693,467.35181
64,0.525,-740.39557,-111.88507,635.75928,-651.16541,-53.74542,540.26178,-715.17633,-102.20169,480.91037,-685.08203,10.16623,469.16641
65,0.533,-736.58093,-111.68163,637.19525,-646.53748,-53.96109,541.48322,-711.05878,-102.73624,482.49765,-681.44104,9.43803,469.86853
66,0.542,-733.67664,-110.91443,637.94049,-643.46796,-53.55951,542.6991,-706.66949,-103.45873,483.58411,-677.07837,10.56009,471.48361
67,0.55,-730.49463,-110.75423,638.33191,-639.68677,-53.16961,543.97498,-702.64789,-102.4021,484.65546,-672.57013,9.31617,472.57886
68,0.558,-728.10944,-110.24414,638.74316,-636.21484,-52.67581,545.5769,-699.57269,-102.08004,485.5098,-668.20813,11.06307,474.74191
69,0.567,-726.21387,-110.16702,639.06641,-632.7077,-52.06768,547.23975,-695.82495,-101.38255,486.28006,-664.94385,11.55696,474.37283
70,0.575,-723.33936,-109.44912,639.95319,-629.3562,-51.58064,548.49097,-692.41742,-101.13465,486.98392,-662.5473,10.38184,475.8338
71,0.583,-720.94434,-109.30539,640.16492,-626.49371,-50.35291,549.52057,-688.37958,-99.805,487.59155,-659.0166,11.15202,476.48416
72,0.592,-718.88904,-108.42569,640.79773,-624.20355,-49.49812,550.56622,-685.22552,-98.73217,488.89621,-655.15436,12.82665,477.18954
73,0.6,-716.65247,-108.41287,641.34467,-621.96777,-48.54895,551.11523,-681.77588,-98.02811,489.74814,-652.91968,12.77532,477.74945
74,0.608,-715.07007,-107.96733,641.54785,-618.91138,-47.4475,552.41064,-678.85974,-97.33914,489.77356,-651.62152,14.33334,477.96902
75,0.617,-712.92908,-107.47909,641.81726,-616.79095,-46.31408,553.27887,-676.10107,-96.0917,490.74057,-648.34174,16.86239,478.36328
76,0.625,-711.20172,-106.2892,641.71582,-615.27216,-44.48311,554.21039,-673.30249,-95.37136,490.89182,-646.12823,17.33309,479.68979
77,0.633,-709.02844,-106.42997,642.01642,-613.50177,-43.08484,555.03815,-670.86292,-95.11378,491.67422,-644.92542,17.71341,479.34714
78,0.642,-706.34009,-106.08099,642.3244,-611.3421,-40.45488,555.53113,-667.27649,-93.21134,492.15356,-643.27985,19.93774,480.73032
79,0.65,-704.75806,-106.47925,642.61346,-610.13568,-39.37402,556.18597,-665.26709,-92.987,492.38934,-642.80414,19.88993,481.14188
80,0.658,-702.29364,-106.52168,642.59711,-609.24146,-38.31739,556.47961,-663.3905,-92.47024,492.81506,-640.39825,20.37937,482.52469
81,0.667,-700.45117,-106.76826,642.57666,-608.02661,-36.87468,557.51355,-660.59558,-92.26035,493.77255,-638.68506,21.74116,483.91315
82,0.675,-698.15082,-106.73445,642.62146,-606.17975,-35.41664,558.65186,-657.90234,-91.67342,493.4566,-636.19696,22.41857,483.26334
83,0.683,-694.5979,-107.13525,642.91699,-604.32013,-35.22072,559.4823,-655.1709,-91.01607,493.63245,-634.62695,23.27846,483.17023
84,0.692,-692.41748,-107.34723,642.72858,-603.38751,-34.56984,559.91357,-652.82233,-90.40639,493.84445,-632.73499,23.41869,483.57291
85,0.7,-690.33508,-107.85678,643.30658,-601.23462,-32.80189,560.36328,-650.21649,-90.62789,494.30814,-630.77563,23.78533,484.62866
86,0.708,-687.19141,-107.2882,643.27814,-598.79437,-32.31143,560.56464,-647.88843,-90.72487,494.30795,-628.3913,24.30176,484.52957
87,0.717,-685.55634,-107.72172,643.40411,-596.73834,-31.95082,561.07397,-644.9259,-89.78068,494.46964,-625.61664,24.60422,485.00311
88,0.725,-683.21625,-107.20173,643.48975,-594.58105,-31.8388,561.177,-642.33008,-88.92329,494.43347,-623.88171,24.80835,485.32498
89,0.733,-680.52631,-106.78952,643.44543,-592.33673,-31.38432,561.56018,-639.97894,-88.78051,494.95889,-620.55017,25.83786,485.89871
90,0.742,-679.11316,-106.43038,643.4093,-590.04626,-31.04107,561.99231,-637.76959,-88.21191,495.10513,-618.66058,25.24215,485.96414
91,0.75,-676.05261,-107.06805,643.12469,-587.97101,-30.25319,562.72235,-634.41864,-87.76604,495.27179,-615.39508,26.27179,485.90808
92,0.758,-674.0611,-107.06431,642.78717,-585.50842,-29.86913,562.90375,-631.98328,-87.47108,495.2254,-613.07214,26.29592,486.59412
93,0.767,-672.31635,-106.80688,642.62799,-582.4715,-29.76271,563.29639,-628.83374,-86.93163,495.19669,-609.81873,26.83858,485.85559
94,0.775,-670.15289,-106.43371,642.47443,-580.47443,-28.83593,564.01892,-625.7514,-86.42294,495.57227,-607.24323,27.49166,487.28217
95,0.783,-668.82159,-106.37222,641.97107,-577.04041,-28.7408,564.40704,-622.19598,-85.95117,495.75098,-602.76898,27.64149,487.49585
96,0.792,-665.20618,-105.77888,641.54828,-573.66949,-28.74037,565.03662,-618.91077,-86.74648,496.1395,-601.36066,26.7384,488.15131
97,0.8,-662.71466,-106.03983,641.42706,-570.58057,-28.5507,564.96582,-615.10883,-86.10612,495.96896,-596.42041,26.95336,487.74319
98,0.808,-659.62744,-106.97797,641.16925,-566.78589,-28.17534,564.95752,-611.90808,-85.93237,495.78369,-593.8642,27.71398,488.91486
99,0.817,-656.55634,-106.45764,641.0094,-563.25006,-28.94767,565.0426,-608.78918,-86.28907,495.55383,-588.6344,26.00456,489.97931
100,0.825,-653.31311,-106.0509,640.60059,-560.27222,-29.15918,565.24219,-605.29376,-85.77797,495.17477,-584.65063,26.66468,489.366
101,0.833,-649.86389,-105.51732,640.32166,-556.34113,-30.38136,565.18744,-601.89319,-85.73283,495.11301,-581.79742,26.0252,489.48599
102,0.842,-646.14368,-104.91975,640.01495,-553.29224,-29.38418,564.74408,-599.47858,-84.6635,493.90326,-578.24658,26.20464,489.13657
103,0.85,-642.63013,-103.96455,639.74847,-550.22198,-30.55565,564.31909,-597.38446,-84.79163,493.58267,-575.8233,25.77327,488.17148
104,0.858,-638.64728,-102.44878,639.32916,-547.52478,-30.96515,563.58142,-594.76575,-84.2211,492.98117,-573.24579,26.10618,487.09103
105,0.867,-635.21606,-102.03096,638.9657,-545.07507,-30.09827,562.7002,-592.55817,-83.57666,492.39297,-570.87164,25.76992,487.12082
106,0.875,-632.1225,-101.84499,638.6452,-541.80267,-30.30856,561.1701,-590.62769,-83.86929,491.26804,-568.46912,27.10532,486.77701
107,0.883,-629.03485,-101.77035,638.11969,-539.45148,-30.13054,560.00739,-587.85547,-83.41453,490.22122,-567.51947,27.31105,485.70276
108,0.892,-626.16614,-101.50368,637.19604,-537.36536,-29.60953,559.245,-585.59711,-83.50312,489.53784,-565.31732,27.46531,484.8786
109,0.9,-622.69958,-102.03144,636.15869,-534.71906,-28.52612,558.2309,-583.78278,-82.96861,487.71121,-562.23297,27.61312,483.37738
110,0.908,-620.73474,-102.09681,635.77039,-532.89746,-25.78647,556.62671,-581.73596,-82.88934,487.14694,-561.74542,28.56798,481.90695
111,0.917,-617.90399,-101.96254,635.41541,-531.20471,-26.26032,554.41223,-579.7016,-82.30554,486.33044,-560.18481,28.97318,480.78839
112,0.925,-615.81598,-102.40116,634.74957,-529.01569,-26.12684,554.11145,-577.60321,-82.40063,486.14386,-559.61188,29.35924,479.39029
113,0.933,-613.48981,-102.74128,633.89288,-526.71118,-25.61761,553.93842,-574.87531,-82.78799,485.97607,-558.44342,29.63667,479.04706
114,0.942,-610.96533,-102.97617,633.43359,-524.11499,-25.27719,553.66553,-572.32202,-83.61705,485.71298,-556.06567,29.42089,479.13199
115,0.95,-607.8667,-103.61485,633.76923,-520.72357,-25.67991,553.94568,-569.01385,-84.37559,485.41446,-554.05066,29.9397,480.09308
116,0.958,-604.13055,-104.17937,633.82098,-517.67047,-25.59577,553.72504,-565.53888,-84.59673,485.12512,-551.61969,29.63242,479.33496
117,0.967,-600.52545,-105.13142,634.04956,-514.06927,-25.89627,553.56232,-561.98956,-85.33984,484.38715,-548.63068,27.85894,480.13425
118,0.975,-597.1709,-104.86837,634.63397,-511.29584,-26.34376,553.34875,-559.08673,-85.81849,484.22266,-544.80396,26.41041,478.89825
119,0.983,-592.9035,-106.89449,634.25244,-508.09738,-28.66221,552.84753,-555.70947,-86.22968,484.1684,-542.29156,26.01501,479.7175
120,0.992,-589.23273,-106.62284,634.521,-504.62286,-29.42324,553.08112,-552.89899,-87.10024,483.79767,-538.36145,24.7794,479.28287
121,1,-585.64569,-106.72785,634.72821,-502.26144,-29.90311,552.88129,-549.8432,-87.75448,483.77151,-534.53149,25.07389,478.87848
122,1.008,-582.25732,-106.99564,634.58069,-498.62714,-31.29322,552.59692,-547.1405,-87.56131,483.68002,-531.36542,22.51312,478.38495
123,1.017,-578.90192,-106.86496,634.71545,-495.68515,-31.30704,551.9342,-544.11194,-87.89243,483.53067,-527.86658,23.24319,479.32913
124,1.025,-575.08362,-107.47318,634.71173,-492.72888,-31.67959,551.84662,-540.83154,-87.91898,483.47089,-525.87579,22.85432,478.72311
125,1.033,-571.86047,-107.91597,634.64453,-490.02911,-30.29759,551.49738,-537.95349,-87.62496,483.43988,-524.93933,23.61556,479.11807
126,1.042,-569.70483,-108.24252,634.44598,-487.1973,-29.02047,550.74664,-535.20715,-87.54501,483.34708,-524.49139,23.94645,478.61423
127,1.05,-566.49756,-107.86687,633.88977,-484.68301,-28.93094,550.41351,-532.46844,-87.34624,482.93246,-522.50281,23.74416,478.92072
128,1.058,-563.01343,-108.16529,634.11078,-483.70789,-28.45195,549.92853,-529.94666,-87.3375,482.61554,-520.95837,24.00672,479.19092
129,1.067,-560.02795,-109.6806,634.30634,-481.38306,-27.91029,549.94806,-526.8493,-87.13737,482.27234,-519.34509,23.77497,478.6076
130,1.075,-557.073,-109.90986,634.17297,-478.81512,-29.64812,549.38727,-525.28137,-87.8729,482.11386,-518.33569,23.22353,479.35089
131,1.083,-555.02917,-110.31173,634.02484,-477.10507,-29.61657,549.61237,-523.66809,-88.33503,481.80334,-516.12366,22.26909,479.42548
132,1.092,-552.32013,-110.58815,634.27002,-475.31589,-29.70094,549.05664,-522.2276,-88.94455,481.83881,-515.03204,20.51042,478.89395
133,1.1,-550.97729,-110.38596,634.15247,-472.99384,-30.34878,548.74664,-520.28772,-89.21499,481.65387,-513.85986,21.6191,478.41159
134,1.108,-548.28528,-112.25367,634.32263,-471.91541,-30.44653,548.43542,-519.44037,-90.62896,481.69577,-511.32202,21.89338,479.35165
135,1.117,-547.36975,-112.26185,633.88361,-470.94479,-30.03547,548.27618,-518.38489,-91.34501,481.44748,-509.10959,19.73629,478.53842
136,1.125,-545.15381,-113.25764,634.3255,-468.5708,-32.05283,548.22754,-517.44147,-91.45667,481.25919,-507.94913,21.00507,479.03152
137,1.133,-543.33087,-113.98185,634.20886,-466.61465,-32.71038,547.60748,-515.57904,-91.55333,480.88013,-508.59061,18.81287,477.68506
138,1.142,-541.47003,-114.62032,634.11011,-465.68216,-33.84943,546.43103,-514.57977,-92.31684,480.45615,-508.37683,17.03799,476.03839
139,1.15,-539.71973,-115.07195,633.66437,-463.30234,-34.62815,546.56488,-513.27802,-92.98144,480.35236,-505.0314,17.42711,476.86853
140,1.158,-537.2807,-117.33492,633.22174,-462.00858,-34.74717,545.84436,-511.72351,-94.02661,480.07596,-503.5997,17.40478,476.51981
141,1.167,-535.65552,-117.53297,632.99219,-460.5369,-35.03044,545.58398,-510.10635,-93.70808,479.34247,-503.42017,17.30133,476.61264
142,1.175,-533.133,-117.55069,632.84265,-458.4552,-35.46458,545.67816,-508.7991,-93.82381,479.06128,-500.98883,16.57645,476.27988
143,1.183,-531.21094,-117.70658,632.54193,-456.17343,-36.6932,545.55756,-507.15869,-94.64485,478.42285,-498.98343,16.36467,476.69882
144,1.192,-528.48285,-118.83377,632.55945,-454.09476,-37.49224,544.90674,-505.41473,-94.94147,478.53375,-495.43851,14.49347,477.28357
145,1.2,-526.88611,-119.14224,632.44019,-451.38809,-38.20171,545.00958,-503.4209,-95.47736,478.17468,-492.49316,14.37977,476.56442
146,1.208,-524.00055,-119.35751,632.35602,-451.41077,-38.49287,544.44995,-502.07648,-95.59079,478.00888,-492.37048,14.58506,476.08969
147,1.217,-521.94067,-119.17764,632.31226,-449.06787,-38.46966,544.30316,-500.23264,-95.57423,477.83716,-490.52103,14.40725,475.91107
148,1.225,-520.21234,-119.45245,632.20099,-446.90219,-38.76428,544.07526,-498.65506,-95.56531,477.64401,-487.84204,14.0532,475.65195
149,1.233,-518.16113,-119.85565,632.26373,-445.02472,-39.23799,543.25409,-496.73575,-95.72728,477.51941,-488.01062,14.6533,474.72116
150,1.242,-516.28003,-119.78957,631.87518,-443.55167,-39.2114,542.65192,-495.70227,-95.6092,477.16348,-486.39584,15.26764,474.36264
151,1.25,-514.56091,-120.35032,631.56317,-441.79776,-39.81964,541.99585,-494.09167,-95.87139,476.88135,-484.72241,15.60001,474.61279
152,1.258,-513.23096,-120.10432,631.16125,-440.05579,-40.27999,542.2309,-492.41422,-96.18424,476.64273,-482.16919,14.45412,474.74597
153,1.267,-511.1633,-119.72763,630.91815,-438.30261,-40.00002,541.6535,-491.50992,-96.04406,476.51953,-482.69568,14.87721,474.31589
154,1.275,-509.42862,-119.55377,630.88379,-436.79324,-40.6361,541.28082,-490.25427,-96.2632,476.48276,-480.52914,15.75919,473.85724
155,1.283,-507.52686,-121.19591,631.15973,-435.07669,-41.02488,540.67175,-489.10687,-96.20843,476.29575,-478.96744,15.70192,473.24353
156,1.292,-505.89273,-121.16843,631.02087,-433.65396,-41.72909,540.64594,-488.03018,-96.50394,475.94162,-480.15051,16.46664,471.8187
157,1.3,-504.36252,-121.10106,630.62433,-432.32831,-41.34136,539.86481,-486.22662,-95.78129,475.69345,-478.90469,16.62753,471.63745
158,1.308,-503.10892,-121.31049,630.59125,-431.22556,-41.58946,539.7926,-485.59515,-96.04875,475.49976,-477.29175,16.64007,471.77933
159,1.317,-501.60626,-121.30569,630.68414,-429.57147,-42.18745,539.84485,-484.49829,-96.03567,475.53943,-477.29175,16.64007,471.77933
160,1.325,-499.83017,-120.9819,630.2157,-428.18243,-41.33405,539.04785,-483.17319,-96.46049,475.64392,-478.28528,15.922,471.47705
161,1.333,-498.37039,-121.06726,630.06268,-426.97864,-41.06709,538.70526,-481.77426,-96.14389,475.33109,-475.35147,15.48724,471.03568
162,1.342,-496.77637,-120.7459,630.19495,-425.72809,-40.33124,538.39386,-480.90359,-95.9089,475.23468,-472.41873,14.69034,472.42892
163,1.35,-495.24142,-120.57259,630.16345,-424.67786,-40.67333,537.93457,-479.94485,-96.1922,475.0892,-470.43378,14.90181,472.01062
164,1.358,-492.95102,-120.25412,630.14539,-422.48975,-41.08089,537.94385,-478.74002,-96.19682,475.0813,-467.26041,14.88872,471.92981
165,1.367,-491.53629,-120.4331,629.93103,-421.24481,-40.4642,537.50696,-477.3728,-95.82563,474.82877,-466.08524,14.59344,470.72229
166,1.375,-489.84216,-120.14156,629.69238,-420.52518,-40.49,537.32538,-476.1944,-95.42803,474.49536,-465.86362,15.13847,471.21469
167,1.383,-487.87457,-120.34034,629.67999,-419.354,-40.33554,537.21271,-474.77939,-95.14231,474.48987,-463.22473,14.74408,471.22784
168,1.392,-486.47977,-120.09042,629.26111,-417.6673,-39.62669,537.01746,-473.71793,-95.26066,473.81525,-464.65891,15.35642,470.57755
169,1.4,-484.84808,-120.11903,629.36224,-416.09094,-40.67933,536.26337,-472.68286,-95.15234,473.53146,-463.39603,15.79765,470.06308
170,1.408,-482.96536,-119.78489,628.71161,-414.74042,-40.49006,536.43469,-471.28226,-95.21684,473.27625,-462.38452,15.42222,469.70572
171,1.417,-480.8811,-119.34774,628.48352,-413.71906,-40.6273,536.30231,-470.40396,-95.36673,472.95294,-460.039,14.88734,469.37561
172,1.425,-480.76785,-120.19582,628.5705,-412.70236,-40.46799,536.11145,-469.74768,-95.57444,473.00012,-459.34048,14.68754,469.41013
173,1.433,-479.49625,-120.04014,628.32465,-411.11609,-41.06712,536.29895,-468.87714,-95.58034,473.21835,-458.02414,14.80732,469.36047
174,1.442,-476.65054,-119.65421,628.03955,-410.23724,-41.06096,535.90704,-467.61838,-95.4239,472.27344,-455.30695,14.21389,468.93558
175,1.45,-476.25204,-120.20586,627.88214,-408.37833,-41.32304,535.5022,-466.80023,-95.50465,472.40402,-455.28928,14.45202,468.91473
176,1.458,-473.41876,-119.92588,627.32318,-406.64142,-41.84487,534.75494,-465.02371,-95.45416,472.18494,-452.61121,14.32397,468.77039
177,1.467,-472.4675,-119.97234,627.79156,-405.14688,-42.35674,534.27441,-464.18222,-95.41765,472.35028,-451.78607,14.746,468.59851
178,1.475,-472.18076,-120.83746,627.98999,-402.78268,-42.78296,533.56677,-463.49344,-95.79479,472.28146,-451.04535,14.95947,468.36365
179,1.483,-470.42593,-120.72635,627.82782,-401.68384,-42.87776,533.3269,-462.42905,-95.85483,471.48721,-449.07819,15.02706,468.29153
180,1.492,-468.58875,-120.32684,627.5235,-399.69504,-42.94274,532.95581,-460.67209,-96.01019,471.30991,-448.14801,15.21696,468.56329
181,1.5,-467.99921,-120.79182,627.30481,-397.51886,-43.80239,532.68793,-459.34833,-95.74738,470.63016,-447.23715,14.86619,468.50433
182,1.508,-464.9183,-120.01192,626.87201,-396.62006,-44.2592,532.47089,-458.00266,-95.59045,470.56815,-445.13739,15.50663,467.95932
183,1.517,-462.99301,-120.54347,626.93445,-395.88086,-42.7903,531.54779,-456.23727,-95.25544,470.07892,-441.19894,13.78641,466.88995
184,1.525,-460.35483,-120.19788,626.57507,-392.94333,-42.29027,530.72827,-454.2002,-95.86797,470.25281,-439.29675,13.68868,466.80792
185,1.533,-457.19653,-119.93346,626.47516,-391.07742,-43.584,530.22009,-452.50177,-95.96735,469.67023,-436.99405,14.18963,466.20261
186,1.542,-454.79288,-119.39077,625.84827,-388.30615,-44.09816,529.797,-450.48944,-96.00008,469.79938,-434.43326,13.16557,465.32111
187,1.55,-452.75171,-119.49265,625.55975,-385.65674,-43.15691,528.99298,-448.47827,-96.02534,469.60989,-432.42374,13.79115,464.608
188,1.558,-450.54626,-119.20307,625.48352,-384.08557,-42.64769,528.54724,-446.13702,-96.06594,469.23279,-430.67023,13.20177,464.01639
189,1.567,-447.95938,-119.56745,625.42236,-381.99606,-44.31606,527.96356,-444.58063,-96.21646,468.34866,-429.47241,13.8474,463.67508
190,1.575,-444.95605,-119.45956,625.21857,-379.65179,-44.69907,527.39868,-442.23926,-95.83638,468.28314,-426.95505,13.22141,463.18079
191,1.583,-441.785,-120.15508,624.62762,-377.52475,-44.58303,526.76648,-440.61746,-95.62395,467.27472,-424.3631,13.78561,462.90656
192,1.592,-439.01227,-120.22578,624.3205,-374.08557,-44.93157,526.04474,-438.2854,-95.36736,466.39526,-422.22495,13.6457,461.67331
193,1.6,-435.28638,-118.91057,623.5047,-373.17007,-44.00421,524.81775,-436.00882,-95.43739,465.92712,-421.31754,14.063,461.56302
194,1.608,-432.28119,-118.65948,622.94391,-370.19019,-43.60213,523.82465,-433.69073,-94.97019,465.58173,-417.78064,15.02543,460.4924
195,1.617,-429.36435,-118.83164,622.69745,-367.6384,-43.08318,523.21991,-431.28098,-95.19036,464.90503,-415.32162,15.55653,460.49127
196,1.625,-425.69156,-118.16659,622.25311,-364.51044,-43.03723,522.58405,-428.27133,-94.34145,464.08548,-414.14255,14.59605,459.9101
197,1.633,-422.86478,-117.69182,622.26807,-362.37433,-42.77645,521.55603,-426.15891,-93.88586,463.94516,-408.97568,14.80319,458.21826
198,1.642,-419.28955,-116.70274,622.04834,-358.62213,-40.82435,520.07361,-423.26096,-93.15562,463.21552,-407.3027,16.08845,458.73135
199,1.65,-416.03363,-115.73979,620.9624,-355.90912,-41.31055,519.84528,-420.91977,-92.73608,463.26752,-404.09909,16.90012,457.2204
200,1.658,-412.62366,-114.97681,620.80255,-353.01031,-40.20213,519.05597,-417.4028,-92.45858,462.9201,-402.13412,17.59604,456.32843
201,1.667,-409.44629,-114.4139,619.91046,-349.95331,-39.50487,518.72772,-415.2084,-91.96539,462.40308,-400.61542,18.79628,456.41147
202,1.675,-406.40619,-113.72754,619.61102,-347.353,-37.90617,517.37018,-412.05676,-91.256,462.21051,-397.10956,21.25217,455.99399
203,1.683,-402.78116,-112.48036,619.81165,-343.54443,-36.92423,517.12457,-409.01529,-90.38165,461.54184,-396.12274,21.39997,455.83862
204,1.692,-399.66016,-112.83646,619.29858,-340.80319,-36.71339,516.24652,-406.5946,-90.35931,461.41083,-391.06171,20.76946,455.62881
205,1.7,-396.27063,-111.46883,619.36383,-337.10046,-35.67991,515.91498,-403.79941,-89.71886,461.08917,-388.29822,20.9691,455.09027
206,1.708,-393.72946,-111.40022,619.55676,-333.90826,-36.57972,515.89087,-400.62381,-89.11711,461.09113,-385.42749,20.24065,455.26392
207,1.717,-390.66345,-110.95568,619.65344,-330.17609,-36.13777,515.5116,-397.55579,-89.61603,460.9472,-381.10635,21.92748,454.67123
208,1.725,-387.39154,-110.32625,620.09021,-326.95743,-35.85994,515.56567,-393.90637,-89.37587,461.12073,-377.44501,20.33256,454.90829
209,1.733,-383.99725,-110.12553,620.20966,-322.19016,-36.25168,515.40601,-389.98807,-89.49237,461.36038,-372.59052,21.89574,454.31671
210,1.742,-379.91083,-109.38364,620.51141,-318.58582,-37.7897,515.91986,-385.50089,-89.53278,461.80545,-368.06461,22.29497,454.65509
211,1.75,-375.6601,-108.95966,620.65295,-314.01453,-36.71735,516.32831,-379.93301,-90.01778,462.07532,-363.27029,21.26092,454.59744
212,1.758,-371.33047,-109.20061,621.04059,-308.00366,-38.60525,516.37341,-375.27716,-90.34768,462.3038,-357.14246,21.14778,455.05313
213,1.767,-366.80524,-108.90318,621.37579,-300.58716,-39.28732,516.70831,-369.74939,-90.30721,462.45081,-351.09082,21.4833,454.8913
214,1.775,-361.84286,-108.43266,621.6189,-295.56677,-38.83363,516.48175,-363.27692,-90.9659,462.96359,-344.98502,21.80839,455.14871
215,1.783,-355.91901,-108.63736,622.07257,-290.02795,-39.46366,517.35968,-357.62943,-91.20425,463.07104,-338.59515,21.14656,454.75775
216,1.792,-350.87881,-108.52239,622.29327,-283.30118,-39.50549,518.02197,-351.11615,-91.30948,463.38937,-331.90656,20.5423,455.5368
217,1.8,-345.39069,-107.85107,622.86859,-275.32526,-41.8656,519.06232,-344.66431,-92.46663,464.29645,-325.61288,19.72936,454.63968
218,1.808,-338.88235,-109.88689,623.73285,-267.96964,-43.23777,519.21753,-337.1998,-93.47235,464.60394,-316.8765,19.29599,454.80069
219,1.817,-333.33032,-109.4824,623.58929,-260.39105,-44.07412,520.26904,-329.64676,-94.00375,465.3067,-309.18542,18.12664,454.65802
220,1.825,-327.14139,-109.33995,623.93585,-253.46596,-45.75611,521.14709,-322.54077,-94.8206,466.11441,-297.19449,16.99922,455.74396
221,1.833,-321.41049,-109.54501,624.13715,-245.98524,-47.17946,522.01111,-315.85861,-95.48914,466.10886,-291.80981,14.64802,454.72296
222,1.842,-315.57422,-110.12,624.6972,-239.55249,-47.57817,522.41577,-309.16455,-96.24955,466.84021,-280.97122,13.51796,455.55719
223,1.85,-310.52084,-110.36389,624.88562,-233.1765,-49.21498,523.59875,-302.01846,-97.14446,467.39676,-271.7756,12.82364,457.22327
224,1.858,-306.07343,-111.1088,625.599,-226.75691,-50.08132,525.17273,-295.49161,-97.13966,468.10168,-266.40369,12.44659,458.496
225,1.867,-301.10028,-112.08427,626.23157,-221.44278,-51.60647,526.82965,-289.35962,-98.6177,468.90366,-260.43228,10.96863,458.20807
226,1.875,-296.9147,-112.79875,626.88348,-215.69086,-53.06086,527.95544,-284.80493,-98.80959,470.38776,-252.51712,10.24053,459.66397
227,1.883,-293.14575,-112.61632,627.44318,-210.75415,-53.88687,529.10858,-278.51572,-99.65812,471.27109,-247.21268,8.73406,460.13269
228,1.892,-289.55759,-113.33388,628.71869,-205.69594,-54.3784,530.88318,-273.64722,-99.77369,472.30887,-242.30956,9.60333,461.36987
229,1.9,-285.93155,-113.48481,629.80493,-201.17636,-54.77643,532.00592,-268.43729,-100.11044,473.3255,-236.48648,9.14062,462.80734
230,1.908,-282.29471,-112.98721,630.08734,-196.75038,-55.94198,533.39124,-263.91046,-100.98962,474.34067,-231.5591,8.95467,463.50635
231,1.917,-278.44699,-112.64433,630.9231,-191.77913,-56.38616,534.55939,-258.08243,-101.05033,475.55121,-227.89703,8.13626,464.41461
232,1.925,-274.362,-113.50435,631.35962,-187.29375,-55.42041,535.29419,-253.11156,-100.51128,476.06293,-222.25883,9.92239,467.14081
233,1.933,-270.78555,-113.2807,632.30853,-183.08487,-54.90498,537.73273,-248.80127,-100.99411,477.33493,-217.77708,10.07164,468.36386
234,1.942,-268.03699,-113.2747,633.01074,-179.4736,-54.39941,539.25031,-243.48442,-101.07339,478.3642,-213.96255,10.1014,468.6618
235,1.95,-264.32565,-112.79424,633.53741,-175.34933,-53.34005,540.47522,-238.66135,-99.60082,478.84543,-210.85275,10.52968,468.95486
236,1.958,-260.79575,-113.03559,634.55182,-172.01418,-51.26939,542.43207,-233.97615,-99.54955,480.20334,-207.42279,11.20074,470.00879
237,1.967,-257.1922,-112.96302,635.13489,-168.6488,-49.77383,543.50952,-229.57764,-99.40833,481.53946,-204.41994,12.21178,470.90408
238,1.975,-254.01523,-112.67547,635.85608,-165.15724,-48.52873,545.42139,-224.34795,-98.8867,482.69836,-200.6584,13.30318,473.3407
239,1.983,-250.41611,-112.10075,636.3316,-161.56233,-47.30275,547.03015,-220.2921,-98.70712,484.07361,-198.50131,13.4333,474.11716
240,1.992,-247.37788,-112.13677,636.95508,-158.41679,-45.958,548.38147,-215.77951,-97.53238,484.9494,-194.1786,14.84834,475.61249
241,2,-243.63475,-112.48093,637.74359,-155.39384,-44.30907,549.95392,-211.58191,-97.54237,485.78442,-192.32288,14.08393,475.55392
242,2.008,-240.96388,-112.73309,638.26355,-152.56412,-43.00973,550.94727,-206.98615,-97.16109,487.14661,-188.42065,14.92148,477.33572
243,2.017,-237.95166,-113.36335,639.14459,-149.55612,-41.66213,553.0838,-202.70694,-97.45791,488.38138,-185.78897,15.00558,478.6673
244,2.025,-235.28702,-113.36955,639.47156,-146.51968,-40.60718,554.0769,-198.95421,-96.76077,489.21341,-182.46223,14.95152,479.91089
245,2.033,-231.38997,-113.46754,640.5799,-143.87531,-40.45377,555.25513,-194.7549,-96.86094,490.01938,-180.41341,14.4401,480.86215
246,2.042,-228.52121,-114.13416,640.99298,-139.82719,-39.83695,557.42377,-190.54366,-96.45656,490.82974,-176.36278,14.12555,481.09476
247,2.05,-225.79131,-114.28469,641.38593,-137.49695,-39.24511,557.91907,-187.05209,-97.67552,491.77597,-172.98396,14.7892,482.133
248,2.058,-221.57858,-114.69558,641.83417,-134.35188,-39.81479,558.74768,-183.46356,-97.24921,492.70819,-169.63972,14.27349,482.87662
249,2.067,-218.2496,-114.89215,642.19727,-131.18784,-40.01591,559.32361,-179.63768,-96.92872,492.60944,-165.9754,13.54869,483.92267
250,2.075,-215.68248,-116.19777,642.73352,-128.19461,-40.3914,560.32391,-176.66537,-97.90593,493.5658,-162.10994,14.31685,484.44641
251,2.083,-213.99489,-116.36539,642.9566,-125.6471,-40.80989,560.83936,-172.90196,-97.82345,494.12268,-158.11182,15.37441,484.85052
252,2.092,-211.7213,-116.26044,643.28839,-123.08208,-41.60577,561.13928,-170.69273,-98.32695,494.27097,-154.53691,15.50464,485.29257
253,2.1,-209.00624,-117.3545,642.57013,-120.73192,-41.88529,561.6886,-166.77216,-98.11322,494.69348,-151.91032,14.53382,485.40341
254,2.108,-208.02313,-117.91041,642.52728,-118.01623,-42.5269,561.71204,-164.85745,-97.88387,494.73248,-148.40265,13.54168,486.15906
255,2.117,-205.16342,-119.04403,641.85858,-115.91394,-42.90354,562.22198,-162.06161,-98.14637,494.75626,-146.48511,12.92232,485.95383
256,2.125,-203.547,-119.01855,641.40662,-113.4259,-42.59424,562.21112,-159.07379,-98.4272,494.24368,-143.81194,12.21268,486.67465
257,2.133,-201.40305,-119.29691,640.77466,-112.3412,-41.94134,562.29114,-157.05701,-98.08103,494.45227,-142.81064,12.34361,486.57635
258,2.142,-200.32721,-119.58942,640.29382,-110.65308,-43.1442,562.27606,-155.06819,-97.79935,494.23898,-138.80058,12.09508,487.07202
259,2.15,-197.82219,-121.19964,639.43274,-109.01307,-43.13064,562.62024,-152.42633,-98.35052,493.95074,-137.172,12.45368,487.56125
260,2.158,-197.33664,-121.18349,638.94098,-107.50426,-42.99427,562.21759,-150.47523,-98.34776,493.57028,-136.46156,12.56219,487.46466
261,2.167,-195.52673,-121.42434,637.71808,-105.39177,-42.10217,562.05054,-148.62051,-98.66815,493.28818,-133.53302,12.85433,486.97052
262,2.175,-193.75681,-122.81945,637.07123,-102.88972,-42.45499,561.76868,-145.89609,-99.03484,492.77948,-132.5065,13.01923,487.24518
263,2.183,-191.40239,-123.35021,636.55255,-100.6713,-41.65784,561.59454,-143.72496,-99.78984,492.10303,-130.42381,13.67128,487.11301
264,2.192,-189.5639,-123.70401,636.04816,-99.37586,-41.98645,561.38208,-141.37404,-99.88278,491.47635,-127.67174,14.18456,486.53281
265,2.2,-186.61514,-123.99486,635.14856,-95.63292,-41.12056,561.44214,-138.29608,-99.05073,491.34579,-125.28226,14.38331,485.96512
266,2.208,-183.4655,-123.4208,635.29724,-92.917,-41.15652,560.74951,-135.48782,-99.87136,490.85205,-123.29439,13.19057,485.13486
267,2.217,-180.03421,-123.09449,634.33459,-90.19669,-41.77438,559.36609,-132.12784,-99.87022,490.38495,-120.15832,13.59734,484.54504
268,2.225,-176.0916,-121.81021,634.26978,-86.72703,-41.63812,559.6593,-130.09071,-99.53561,489.746,-116.93299,13.28172,484.53964
269,2.233,-172.68361,-122.32047,634.0545,-84.15932,-41.19543,558.83777,-126.50607,-99.26469,488.83408,-115.39258,13.10819,483.65891
270,2.242,-168.89465,-121.51318,633.80505,-80.86504,-41.48511,558.21503,-124.91283,-99.2673,488.06659,-112.08528,12.04667,482.84717
271,2.25,-164.98466,-121.04632,633.63141,-78.51693,-40.30222,556.6073,-122.50538,-98.22415,487.29819,-109.69846,13.25096,482.08099
272,2.258,-160.55121,-120.08586,633.68579,-76.32059,-40.04486,555.98187,-120.12823,-98.29993,486.57806,-108.05241,12.596,480.55969
273,2.267,-157.69963,-119.81287,634.04291,-73.55613,-40.24213,554.49292,-118.57685,-98.71493,485.8541,-107.13297,13.19451,479.62314
274,2.275,-154.18898,-120.35838,633.78424,-72.34608,-39.49594,554.02075,-116.64398,-99.27087,485.63394,-106.12056,13.43974,479.14075
275,2.283,-151.08179,-120.35271,633.80621,-69.19206,-39.70218,553.70837,-114.97126,-99.34867,485.72449,-105.19236,13.39022,478.90369
276,2.292,-148.86211,-119.25741,634.67511,-67.06882,-39.38282,553.75165,-111.51864,-100.45227,485.42291,-105.15101,13.24984,479.02982
277,2.3,-146.29945,-119.63441,635.17395,-64.0716,-40.34229,553.28595,-109.19595,-100.7739,485.51117,-102.03668,12.19533,479.32712
278,2.308,-143.08044,-120.40501,635.02856,-60.61898,-40.77653,552.88916,-104.79282,-101.91833,485.55746,-99.12731,11.62627,479.6824
279,2.317,-139.64008,-121.40801,634.53357,-57.13586,-41.3021,552.90198,-102.10068,-102.59956,485.12344,-95.13353,10.24125,480.67346
280,2.325,-134.99808,-123.49159,635.00342,-54.1218,-41.76805,552.92633,-99.25369,-103.33134,484.80984,-92.43034,9.15989,480.04504
281,2.333,-132.01428,-123.83367,635.15448,-50.42846,-44.38507,552.53864,-96.31493,-104.14912,484.91733,-88.46609,6.41058,479.72177
282,2.342,-127.68035,-125.10424,634.7843,-47.57822,-46.06158,552.44232,-93.19391,-104.62235,484.57715,-85.02095,5.72254,479.42273
283,2.35,-124.00156,-126.08377,635.0835,-44.53796,-46.34197,552.04974,-90.26418,-105.90018,484.341,-80.33319,6.35334,479.4447
284,2.358,-120.31019,-126.24344,634.96259,-41.0079,-48.70665,552.15222,-88.32288,-105.85794,483.65567,-76.82769,4.53362,479.4245
285,2.367,-117.33958,-127.11372,634.86133,-37.85075,-48.39781,551.96832,-84.82328,-106.43222,483.47006,-74.47303,4.45672,479.14941
286,2.375,-114.65553,-126.75438,634.7608,-34.94774,-49.21733,551.62799,-81.76054,-107.21024,483.23273,-70.70374,3.79297,479.00818
287,2.383,-111.85225,-127.27721,634.86542,-32.18043,-48.521,550.86688,-78.60226,-107.45279,482.84778,-69.2355,3.84897,478.66217
288,2.392,-108.29671,-127.25783,634.50092,-29.1689,-47.89571,550.49902,-75.63055,-107.72105,482.68112,-67.45834,3.75579,478.42343
289,2.4,-104.49266,-128.72501,634.21777,-25.38436,-47.81612,550.00555,-72.6207,-107.60015,482.51321,-64.8483,3.72446,478.19495
290,2.408,-101.21771,-129.25743,634.05792,-22.53935,-48.28837,549.35999,-68.66241,-107.76096,482.34418,-63.10704,3.13905,477.61084
291,2.417,-97.4424,-129.5537,633.95142,-19.22939,-47.75761,549.24915,-65.96423,-108.37572,481.96246,-59.88657,3.24889,478.64709
292,2.425,-93.30963,-129.78354,633.61115,-16.33846,-49.01268,549.06519,-63.39465,-109.49709,482.06543,-57.20729,3.0087,478.99142
293,2.433,-90.51392,-131.2558,633.71283,-14.11048,-49.02744,548.92188,-59.68433,-108.66484,481.54733,-54.93519,2.34744,477.77155
294,2.442,-87.6331,-131.59602,633.68042,-11.06223,-49.50076,548.54834,-57.63101,-109.1293,481.25009,-51.79093,2.09831,477.875
295,2.45,-84.85361,-131.43054,632.80969,-8.55884,-49.83443,548.54327,-55.52036,-109.01695,480.77789,-50.16359,0.70372,476.31049
296,2.458,-81.43578,-131.70009,632.82129,-6.36296,-49.59054,548.11639,-53.19377,-109.27825,480.28775,-46.76211,1.27345,477.21893
297,2.467,-79.53438,-132.92772,632.93494,-3.79462,-50.23478,548.06134,-51.73542,-109.38027,479.63638,-45.15046,0.95958,476.94952
298,2.475,-77.42097,-132.99434,632.42743,-1.95237,-49.96081,547.2196,-48.53274,-108.77768,479.366,-43.79199,1.51607,476.17984
299,2.483,-74.36709,-133.15137,632.51038,0.25147,-49.23098,546.52277,-46.97098,-108.91685,479.24585,-41.11931,4.46821,477.41678
300,2.492,-71.80394,-133.34845,632.18988,2.37468,-49.76931,546.25409,-44.15142,-109.64043,479.27881,-41.14018,2.12149,475.67584
301,2.5,-69.79639,-133.87762,632.25641,4.45545,-49.65572,546.06171,-42.89226,-110.02334,479.11761,-39.58455,1.34368,475.6207
302,2.508,-67.06506,-134.12529,632.09064,6.0279,-49.80348,545.61316,-40.93655,-110.27556,478.81808,-38.02233,1.93574,475.72873
303,2.517,-65.16796,-134.26653,632.02075,8.42591,-49.03322,545.45416,-38.61377,-109.3716,478.46588,-36.32644,2.04185,475.67419
304,2.525,-62.49226,-134.07832,631.70819,10.25619,-49.27115,545.11371,-37.19694,-108.86068,478.18686,-32.99442,2.50158,476.13004
305,2.533,-60.44748,-134.61127,631.35266,12.18287,-49.88607,544.1507,-35.44485,-108.72507,478.14059,-32.40878,1.78491,475.63873
306,2.542,-57.53572,-134.48796,631.13733,13.91638,-49.83082,544.02142,-33.59295,-108.88275,477.61078,-29.47634,1.65862,475.73419
307,2.55,-55.95731,-135.04034,630.97632,15.336,-49.87634,543.56219,-31.92186,-108.59508,477.2883,-26.89063,1.44684,475.12201
308,2.558,-53.67857,-135.53888,630.42493,17.49115,-50.44201,542.84351,-30.05857,-108.73569,476.92667,-27.38958,1.86137,475.03027
309,2.567,-52.02094,-135.2511,630.15564,19.85367,-50.34618,542.53217,-28.83392,-108.80918,476.59265,-24.37292,1.05807,474.578
310,2.575,-51.35515,-136.73251,629.94037,21.46694,-50.1328,542.45624,-27.06795,-108.80758,476.70905,-22.34636,0.89423,475.10706
311,2.583,-49.22741,-136.43974,630.07324,23.69401,-50.92519,542.42853,-25.74353,-109.02204,476.28296,-20.83196,-0.4686,475.12277
312,2.592,-46.95522,-136.45442,629.94818,25.1242,-51.59177,542.00159,-24.44339,-108.86501,475.86798,-18.90324,0.39572,475.0372
313,2.6,-45.53655,-136.29872,629.78406,26.62904,-51.26549,541.33801,-23.08142,-109.17384,475.53836,-17.57107,0.71148,474.52859
314,2.608,-43.1463,-136.18874,629.68475,28.49129,-51.54742,540.84967,-22.51176,-110.60032,475.5979,-19.07155,2.53262,472.40216
315,2.617,-41.97229,-136.49947,629.40082,30.85212,-51.89411,540.51135,-20.69257,-110.43381,475.16238,-15.88765,0.85489,473.18649
316,2.625,-39.63089,-136.71368,629.0708,32.29166,-51.34436,540.27979,-19.25816,-110.61317,474.84872,-15.88765,0.85489,473.18649
317,2.633,-38.10071,-136.40921,629.44067,33.88445,-51.26973,539.77539,-18.30569,-110.75601,474.55029,-14.15973,0.10361,472.93561
318,2.642,-36.87342,-137.40221,628.6991,33.97789,-52.02189,539.67438,-17.58398,-110.88756,474.41992,-12.06135,-0.55522,472.6796
319,2.65,-34.62469,-137.89227,628.16412,35.66265,-52.10981,539.18878,-16.05511,-110.81822,474.45584,-10.26234,-0.82375,471.90298
320,2.658,-33.32775,-137.79492,627.99268,36.81561,-53.18833,539.1731,-15.18067,-110.51794,474.17935,-10.24582,-1.16944,471.22818
321,2.667,-31.26685,-137.78238,627.72351,38.03577,-54.31808,539.68616,-14.4016,-110.57352,473.9115,-8.07352,-1.02809,471.85669
322,2.675,-29.04784,-137.54918,627.40436,38.98871,-54.43346,539.58514,-13.5615,-110.6863,473.77707,-5.57401,-0.49301,471.87933
323,2.683,-29.1099,-137.44101,628.35815,40.16134,-54.77449,539.50555,-12.77875,-110.99177,473.83701,-5.26502,-1.18516,472.06845
324,2.692,-27.43321,-136.53601,628.40076,41.59803,-55.00979,538.99182,-12.00049,-111.25465,473.33188,-3.80123,-0.96792,471.86374
325,2.7,-25.79888,-136.66777,628.00262,43.81364,-54.6434,539.0177,-10.96801,-110.90138,473.5343,-4.14985,-0.60936,471.66068
326,2.708,-24.47188,-136.44359,627.98395,44.5984,-54.30366,538.71466,-9.25481,-111.02016,472.89029,-2.88211,-0.79885,471.9017
327,2.717,-22.76223,-136.5757,628.08752,45.88154,-54.91966,538.74603,-8.33566,-109.54666,472.71448,-2.25722,-0.51099,471.66568
328,2.725,-21.66988,-136.67787,627.52814,45.20293,-54.01159,537.82697,-7.67975,-109.49377,472.56186,0.00217,-1.34092,471.54477
329,2.733,-20.66733,-136.68121,627.32404,46.14093,-54.24405,537.28082,-7.11928,-109.11064,472.44974,-0.26753,-1.2251,471.45056
330,2.742,-19.6721,-136.72905,627.17908,47.9859,-54.71017,537.35535,-6.4342,-110.02557,472.0842,2.01195,-0.57796,471.25073
331,2.75,-17.51658,-136.08231,627.2049,48.86888,-54.74822,537.02905,-5.37492,-110.49441,472.31378,3.05296,-0.28622,470.85971
332,2.758,-16.55969,-136.05409,627.21338,49.75432,-55.25327,536.47675,-4.42742,-110.78387,472.29959,3.16012,0.0593,470.62573
333,2.767,-15.21229,-136.41978,627.47583,51.06175,-55.14227,536.17755,-4.05531,-110.73825,472.33994,3.49635,0.16661,470.4657
334,2.775,-13.93713,-137.09927,627.11414,51.84696,-54.6466,535.91748,-3.36943,-110.63194,472.2356,5.48462,0.09782,470.00208
335,2.783,-12.87259,-137.14722,627.05182,53.24943,-55.00511,535.65271,-2.28894,-110.60713,472.05722,7.9416,-0.83466,469.92557
336,2.792,-11.35404,-136.65695,626.6684,54.80126,-55.40773,535.45782,-1.19371,-110.40609,471.90512,7.9416,-0.83466,469.92557
337,2.8,-9.87916,-136.66876,626.54248,55.93622,-55.0861,534.99451,-0.36847,-110.6292,471.64938,8.36148,-0.81695,469.96118
338,2.808,-7.96767,-136.47032,626.48096,57.23018,-55.2795,534.08026,0.77888,-110.26038,471.15012,10.5647,-0.43256,469.74973
339,2.817,-5.62955,-136.56932,626.68408,58.8855,-55.73052,533.95258,2.49622,-110.14506,471.42273,12.76739,-0.66933,469.49408
340,2.825,-4.05418,-136.62328,626.07898,60.52073,-55.34866,533.07825,3.89331,-110.92033,471.35004,13.39201,-0.69402,468.92331
341,2.833,-2.2404,-136.44182,625.70544,62.8133,-54.94665,532.36334,5.70732,-110.93029,470.79446,14.76272,-0.44223,468.68454
342,2.842,-0.7618,-136.20067,626.0293,64.54224,-55.01525,532.22052,6.80255,-110.80537,470.73486,16.16423,-1.49384,468.35239
343,2.85,2.24579,-135.24442,625.94067,66.17968,-54.97699,532.21558,8.9311,-110.61886,470.38681,19.21538,-0.64088,467.85904
344,2.858,3.83309,-135.26994,625.66925,68.51131,-55.16607,531.40247,10.88265,-110.50902,469.66708,20.73965,-0.97252,467.61826
345,2.867,5.8515,-135.31346,625.26025,70.58723,-56.27055,530.77295,11.76005,-110.59856,469.6004,23.76674,-1.72939,466.11017
346,2.875,7.75169,-135.77037,624.78796,72.04068,-55.94476,529.59851,13.50145,-110.72235,469.10922,25.51738,-1.31487,465.55447
347,2.883,10.36189,-135.54572,625.216,74.03946,-55.68248,529.33191,14.45832,-110.55956,468.84537,26.12288,-0.67446,465.88113
348,2.892,12.49407,-135.31512,624.63904,75.23286,-55.89851,529.05847,15.72948,-111.11565,468.46954,28.15278,-1.25739,464.79294
349,2.9,14.2641,-135.48737,624.57733,77.49844,-56.76168,528.53003,17.43972,-111.04002,467.93045,29.25973,-0.90345,464.28238
350,2.908,16.52303,-135.55229,624.30927,78.91454,-56.67143,527.54364,19.44192,-110.55103,467.79669,30.52864,-0.7669,464.22955
351,2.917,19.54694,-134.84612,624.3642,81.19545,-55.44455,526.96539,20.96048,-110.02286,467.18741,31.54409,-0.3153,463.96228
352,2.925,21.01314,-134.99915,624.17651,83.24912,-55.29681,525.86627,22.46399,-109.83977,466.59351,33.54564,0.14738,463.53427
353,2.933,23.7541,-134.40286,624.12366,84.97672,-55.96212,525.11469,23.81866,-110.08803,466.83228,35.59784,-0.55444,462.73141
354,2.942,25.84117,-135.01004,623.50745,87.49842,-55.74456,525.10742,25.7816,-110.89155,466.16257,38.75142,-1.79616,461.63
355,2.95,29.14317,-133.80435,623.51306,89.20698,-55.91543,524.74945,27.61169,-110.78155,465.5943,41.58712,-1.81581,461.46335
356,2.958,30.99401,-133.84381,623.16388,91.4071,-55.64548,523.30792,30.18384,-110.36312,465.215,42.4575,0.53433,461.20953
357,2.967,33.63564,-133.16179,622.42908,94.40983,-56.0127,523.02344,32.51795,-109.89266,464.65619,43.53607,0.62495,460.74808
358,2.975,36.96156,-132.3011,622.33636,96.85522,-54.82193,522.05426,33.93423,-109.36857,464.97617,45.61444,1.23289,460.9079
359,2.983,40.10748,-131.66093,621.84833,99.51534,-54.72958,521.63367,36.92104,-108.2013,464.09894,52.07792,0.09167,460.0853
360,2.992,42.73972,-131.23172,621.52057,101.81382,-54.18921,521.28918,39.1598,-107.54351,463.9111,53.70151,-0.14938,458.81177
361,3,45.25129,-130.41707,621.34082,104.30323,-52.39696,520.47876,41.04271,-106.94029,463.84146,55.47699,0.1094,458.76822
362,3.008,47.85976,-129.8576,620.95996,106.87109,-51.39187,519.79669,43.99411,-105.79581,463.46381,59.18927,1.26799,457.74258
363,3.017,50.91929,-129.38724,620.80469,108.14618,-50.44573,518.87134,45.31161,-105.42509,463.37125,59.64337,2.03192,457.92786
364,3.025,53.17229,-128.10022,620.55554,111.43953,-50.19023,518.52332,47.60535,-104.92545,463.12823,62.34848,2.73066,457.46259
365,3.033,55.22911,-127.8785,620.38757,113.21252,-49.56019,517.86176,49.35705,-104.68574,462.84915,63.22476,3.79091,456.59799
366,3.042,58.67029,-127.14163,620.3761,115.73587,-50.37544,517.98083,52.34676,-104.24332,462.47784,65.66968,3.99037,456.34161
367,3.05,61.33545,-126.17963,620.24933,118.51651,-49.68255,517.48901,53.54902,-104.0415,462.65482,67.74591,4.67185,456.26978
368,3.058,62.94205,-125.65955,620.25592,120.71199,-48.69407,517.23242,55.82663,-104.14341,462.61166,70.76346,5.24613,455.39462
369,3.067,66.66135,-124.73019,620.3775,123.24314,-48.46768,516.93707,58.96408,-102.83653,462.37949,73.84113,4.96964,455.599
370,3.075,69.42495,-124.57157,620.24115,126.82236,-48.15417,516.91168,61.53788,-103.12939,462.38324,76.89393,5.91778,455.49152
371,3.083,72.35479,-123.20445,620.48651,130.58463,-47.69854,516.10327,64.44192,-102.88095,462.28973,79.8444,5.71382,454.48282
372,3.092,75.05119,-122.95088,620.97314,133.58528,-48.3479,516.5072,68.45824,-101.93296,462.55923,84.67912,7.37235,454.4191
373,3.1,79.19707,-122.24208,621.42004,137.87263,-47.1706,516.60858,72.14323,-101.81251,463.00958,87.08128,7.41836,455.1669
374,3.108,82.76788,-121.84512,621.80298,141.87425,-46.952,516.49548,77.05928,-101.96184,463.24725,91.76433,8.90253,455.79132
375,3.117,86.90177,-121.83522,622.04828,147.06941,-47.34231,516.70374,81.71288,-101.61356,463.68311,95.17986,9.55568,455.51257
376,3.125,91.32832,-121.11101,622.43384,153.10028,-46.90775,517.56433,86.87882,-102.24243,463.76678,100.12966,10.16639,455.92004
377,3.133,96.23067,-120.87961,622.31622,158.40775,-48.11357,518.10156,92.19553,-102.73328,463.78711,106.43541,10.26554,456.20575
378,3.142,101.71996,-121.00188,623.25055,164.64737,-48.30615,518.04474,98.32224,-103.05486,464.55728,113.28112,10.03411,456.3056
379,3.15,106.48682,-120.87201,623.02417,170.90492,-49.07151,518.66644,104.47422,-103.86095,464.94476,118.99706,9.09658,456.34705
380,3.158,112.52081,-120.8163,623.521,178.23445,-49.85963,519.05524,111.20166,-104.42279,465.40329,126.50955,8.8405,456.7843
381,3.167,118.05236,-120.69977,624.55792,185.78258,-51.29938,519.5863,120.01536,-105.30975,465.2243,133.60048,8.43221,456.10635
382,3.175,123.77974,-120.68491,625.38824,193.67265,-52.21283,520.00977,125.43582,-106.39361,465.99237,141.47067,8.17049,456.13306
383,3.183,130.42065,-120.85106,625.37323,202.49504,-55.07435,521.48798,133.73543,-107.38868,467.17377,149.8573,7.20381,455.78049
384,3.192,135.57401,-121.43235,625.88831,209.64209,-56.61522,521.77991,141.22063,-107.83724,467.90875,158.00439,6.20747,455.80426
385,3.2,143.18814,-120.94602,626.6637,218.04077,-56.88473,522.81885,149.65254,-108.89629,468.48254,167.71695,4.79914,456.15231
386,3.208,149.44214,-120.94852,627.05585,225.92375,-58.56695,523.9104,157.4248,-109.39254,469.80765,177.33849,2.15621,456.80908
387,3.217,155.05754,-121.10253,628.05743,234.14594,-59.26435,525.15643,165.06377,-109.10954,470.09933,189.55757,2.16678,457.21344
388,3.225,161.47244,-122.02268,628.46216,241.68919,-60.61001,526.94482,173.1602,-110.5881,471.28534,196.89682,0.96522,458.78522
389,3.233,168.79855,-122.02055,628.96094,248.71417,-61.04741,527.73737,181.05809,-109.90314,472.0625,205.67856,1.72157,459.49417
390,3.242,173.7645,-122.5367,629.56,255.81085,-61.52604,529.0766,188.24701,-111.02288,473.05139,217.96616,-0.65342,460.36496
391,3.25,180.11455,-122.44597,630.13092,262.21793,-62.17265,530.39844,195.37701,-111.03008,473.60748,222.82361,-0.74764,460.34912
392,3.258,184.76237,-122.82204,631.10095,267.9606,-63.13961,531.40631,201.3773,-111.67718,475.16895,229.44472,-0.05855,462.27435
393,3.267,189.55681,-122.39901,631.42395,274.01505,-63.58256,533.72565,207.07074,-112.04158,475.87329,235.85495,-1.86354,463.62482
394,3.275,194.26909,-123.01231,632.49872,279.71857,-64.35213,534.57544,213.19791,-112.63639,476.88116,241.28606,-2.43258,464.5535
395,3.283,198.58363,-123.25414,633.78979,284.61401,-65.5053,536.10919,218.22433,-112.48679,478.29959,247.21298,-2.92344,466.59784
396,3.292,202.23645,-123.40794,634.52228,289.86041,-66.02982,538.11212,223.68567,-112.46024,479.88943,253.43787,-3.59173,468.10031
397,3.3,206.33476,-123.16994,635.68854,294.81107,-65.90971,539.83948,228.75911,-113.09338,480.81775,259.15714,-3.05744,468.9545
398,3.308,210.1541,-122.79617,636.3432,298.87326,-66.61711,541.18036,233.11597,-112.31947,481.72711,264.72025,-3.03136,470.15915
399,3.317,213.58972,-122.83706,637.30237,303.55194,-65.2117,542.39343,237.88704,-112.17989,482.69211,269.24561,-2.66649,470.90149
400,3.325,217.11147,-123.02023,637.99634,307.33438,-65.41586,543.82288,243.30275,-111.55849,483.85593,273.12164,-2.31287,471.42859
401,3.333,219.67133,-122.81662,638.59955,311.06082,-64.76771,545.47504,247.7157,-111.26659,484.98941,276.97403,-1.46616,473.30524
402,3.342,223.28351,-122.41833,639.27887,315.20563,-64.00506,546.84961,252.16592,-110.55325,485.81573,281.31253,-0.90384,474.26691
403,3.35,226.87363,-121.73916,639.6145,318.79376,-62.50571,548.54584,256.42697,-109.98595,486.83646,284.98502,-0.0881,475.71271
404,3.358,229.59732,-121.05148,640.49506,321.96631,-61.03889,548.91766,260.50122,-109.14361,487.40396,288.20178,0.92576,476.90451
405,3.367,232.80214,-120.64241,640.72583,325.58939,-59.1091,550.11053,264.9548,-108.30957,488.67645,290.90414,2.7087,477.29691
406,3.375,235.21585,-120.1331,641.36298,328.10028,-57.35783,551.64154,268.84732,-107.56282,489.57169,293.34641,3.32122,478.12457
407,3.383,238.75055,-120.1093,641.45703,331.43329,-56.29971,551.90204,272.43704,-106.16619,489.65948,296.61237,5.42414,478.9505
408,3.392,241.63226,-119.70505,642.02264,333.94531,-54.12458,553.38519,275.53632,-105.23656,490.60553,298.58655,6.28502,479.4744
409,3.4,243.97194,-119.40755,642.02112,336.14526,-52.0238,554.48456,279.2634,-103.92323,491.28439,301.27258,7.32802,480.20435
410,3.408,246.71098,-119.27178,641.93439,338.70773,-50.02657,555.74146,282.6586,-103.08232,491.40131,303.15674,8.43114,480.88544
411,3.417,250.2506,-119.19402,642.42859,341.13419,-49.29042,555.97058,286.38821,-102.5725,492.09589,305.99435,9.47836,482.08517
412,3.425,252.62164,-119.3094,642.84442,343.37201,-47.54273,556.56158,289.48782,-101.31314,492.18008,308.22906,10.87641,482.26279
413,3.433,256.3497,-118.79197,643.11774,345.3168,-46.88353,556.91382,292.74023,-100.93586,492.88116,310.67953,11.63383,483.14377
414,3.442,259.78879,-119.08727,643.00159,347.75351,-45.36842,557.67157,296.5332,-100.91455,493.01941,313.57336,12.97314,483.38675
415,3.45,261.62653,-118.83736,643.33795,349.858,-43.6778,557.71112,299.70673,-99.71838,493.04703,316.25864,13.78909,483.47385
416,3.458,264.30804,-119.18399,643.50092,352.65521,-42.54956,558.13025,303.04681,-99.41867,493.16687,318.61694,14.89008,484.08105
417,3.467,267.13474,-118.71929,643.36084,354.56308,-41.53938,558.29779,306.2919,-98.44553,493.55573,321.48505,15.53743,484.29651
418,3.475,269.91382,-119.81068,643.31299,357.50259,-40.58937,559.30566,309.63028,-97.74698,493.73135,324.53125,16.267,484.57718
419,3.483,272.70728,-119.17899,643.3985,359.44382,-39.78612,559.43323,312.98291,-97.90992,494.32388,327.32602,16.83165,484.58081
420,3.492,274.75616,-118.99538,643.28046,362.31854,-38.7397,559.96875,316.64041,-97.49177,494.306,330.34335,17.14471,485.34964
421,3.5,278.22693,-118.98669,642.62463,365.19208,-37.8349,560.37671,320.01505,-96.58775,494.53342,333.60535,17.78864,485.47729
422,3.508,280.55545,-118.46971,642.6651,368.23956,-37.49571,561.28217,322.52869,-95.64423,494.5755,336.6886,18.64316,485.59747
423,3.517,282.93314,-118.18147,642.46259,371.29251,-37.01873,561.53668,326.36478,-95.07704,494.97552,340.47092,19.48274,486.63998
424,3.525,285.63705,-118.58222,642.60016,373.96606,-37.27269,561.7132,330.04495,-94.69555,495.02942,343.89328,19.62205,486.9697
425,3.533,287.99252,-118.11595,642.14136,377.31259,-36.48145,561.93365,332.93744,-94.86434,495.2507,346.51404,19.56549,487.45724
426,3.542,291.55325,-117.80141,641.48444,380.63901,-36.80321,562.32178,336.50998,-94.58407,495.0997,350.4834,19.94341,487.87231
427,3.55,294.29578,-118.78609,641.09937,383.81845,-37.61404,562.79626,339.38593,-95.17909,495.0386,353.42755,19.31426,488.68271
428,3.558,297.05399,-118.98683,641.19031,387.67664,-37.43996,562.75928,342.66452,-94.82214,494.67538,357.47226,19.22288,488.40207
429,3.567,299.57956,-118.55231,640.31506,390.40677,-38.24867,563.07544,346.44781,-94.76524,494.45737,361.65607,18.12424,489.19241
430,3.575,303.58319,-119.21936,640.06738,394.02643,-38.39312,563.2467,349.08966,-95.57282,494.75549,365.89444,18.22367,488.8967
431,3.583,306.9509,-119.41189,639.16693,398.08139,-38.66615,563.28241,353.49414,-94.62427,493.79074,369.54224,18.98525,489.31735
432,3.592,310.79108,-119.22147,638.87,401.18924,-39.2329,563.27722,357.22552,-93.922,493.20486,372.72842,18.83436,489.21231
433,3.6,315.02618,-119.44861,638.57892,404.7428,-38.99298,563.24561,361.04019,-94.51817,493.15616,376.96039,17.78722,488.22662
434,3.608,318.9248,-119.59769,637.99243,408.33606,-39.0343,563.25598,364.30194,-94.25179,492.2933,380.98981,17.9282,488.30432
435,3.617,322.7193,-118.81366,637.50629,410.98996,-38.51607,563.0144,367.54639,-93.69598,491.47092,383.23474,18.31658,487.48468
436,3.625,326.57803,-117.61952,636.83545,414.48535,-37.1535,562.23889,371.17938,-93.27094,490.34937,386.47659,18.04803,487.13004
437,3.633,330.49832,-115.8704,636.20734,417.82635,-37.01929,561.22839,373.85962,-93.23866,489.19879,389.12497,17.41221,485.73361
438,3.642,334.47531,-115.0481,634.88422,421.03519,-36.20148,558.41376,375.95465,-92.60089,488.2478,391.39667,18.31707,483.96021
439,3.65,337.88303,-114.35085,634.4776,423.91891,-36.03753,556.91394,378.35623,-92.49969,486.47528,393.28299,18.20856,481.85922
440,3.658,340.78696,-113.31573,633.99225,426.78918,-35.57892,554.64709,380.0455,-92.67471,485.47375,393.80878,18.49694,480.47681
441,3.667,344.12717,-114.01411,633.62134,429.65897,-35.63682,554.13727,382.27682,-93.99429,485.07599,395.53558,19.00804,479.74225
442,3.675,347.45038,-114.23585,634.25043,432.38864,-34.89466,553.94,385.4303,-94.61176,485.62033,397.13354,19.40435,479.64258
443,3.683,349.51804,-115.19781,633.98932,435.39731,-35.3052,554.02008,388.47974,-94.42478,485.43661,398.95261,18.07889,479.95721
444,3.692,352.58398,-115.09829,634.19525,438.64676,-36.3308,553.97009,391.91812,-95.45247,485.56464,402.116,17.35764,480.31696
445,3.7,357.19897,-116.84801,634.44641,442.00598,-37.10086,554.29309,395.92517,-96.69498,485.52402,405.1777,16.51588,480.67538
446,3.708,361.3736,-117.32491,634.98096,445.49356,-37.8669,553.98444,399.47446,-97.40712,485.46533,408.3696,15.50561,481.60193
447,3.717,365.93112,-119.11978,635.54071,449.09976,-39.50802,554.01532,402.89481,-97.46124,484.81265,412.78635,14.48775,481.6821
448,3.725,370.29028,-119.5925,635.13983,452.68848,-40.95918,553.74493,405.52829,-98.87277,484.68842,416.31732,12.58125,481.71219
449,3.733,373.12152,-120.37231,635.54095,455.95996,-43.41208,553.76648,408.58707,-100.70356,484.64706,421.12122,10.5123,481.3287
450,3.742,376.69055,-121.94537,635.26715,459.37079,-44.76476,553.51257,410.90265,-100.8179,484.53159,424.38217,10.24185,481.11884
451,3.75,379.647,-122.36686,635.25061,462.72424,-45.74026,553.40137,413.63095,-101.27263,484.19186,428.04395,9.0816,480.80283
452,3.758,382.69989,-121.83218,634.58234,465.13812,-46.44723,553.35657,417.42474,-101.41602,483.13678,430.9577,8.04071,480.70941
453,3.767,385.56934,-121.4976,634.43561,468.64359,-46.68196,552.86536,420.48627,-102.0843,482.91748,433.91678,8.29939,479.35083
454,3.775,389.27341,-123.45061,634.88513,471.26715,-46.30718,552.17828,422.74716,-102.44387,483.00146,435.81363,7.93011,478.83133
455,3.783,392.25464,-123.53877,634.36139,474.27057,-45.32997,551.39197,425.77997,-101.73596,482.55658,437.12793,8.34866,478.58499
456,3.792,395.38156,-123.71259,634.03711,476.91904,-44.98928,551.07025,429.41394,-102.20216,482.33731,439.08432,8.7676,478.67365
457,3.8,398.03046,-124.28585,634.14648,479.48547,-45.33738,550.85754,431.85913,-102.26704,482.43747,439.99045,8.66577,479.11047
458,3.808,401.36511,-125.54465,633.95221,482.21512,-44.34232,550.5636,434.45456,-102.63512,482.1051,442.54709,8.91982,479.48938
459,3.817,404.41324,-126.54078,634.21399,484.19876,-45.23889,550.58063,436.48865,-103.25436,481.75336,444.36823,8.90079,480.05246
460,3.825,406.90179,-126.45878,634.01605,486.82785,-46.5736,550.27417,438.74741,-103.57166,481.35397,445.74649,7.87671,478.85321
461,3.833,409.02234,-126.55277,633.59839,488.94904,-46.49008,550.28076,440.53769,-103.4899,481.49368,448.46811,6.66196,477.87402
462,3.842,411.6283,-127.3281,633.40173,491.17188,-47.03157,549.63574,442.47327,-103.68832,481.17163,451.44543,6.69136,478.65579
463,3.85,414.03183,-128.66077,633.76965,493.03848,-47.11908,549.25812,444.12103,-103.88887,480.94147,453.62921,6.92834,479.2832
464,3.858,416.14084,-127.74481,633.60907,494.26074,-47.24449,548.98083,445.53195,-103.89566,480.47708,455.85681,6.008,478.08658
465,3.867,418.31857,-128.36086,633.79327,496.54611,-47.39668,548.85358,447.3591,-104.14339,480.44193,457.914,6.59225,477.97232
466,3.875,419.84647,-128.828,633.78693,498.07831,-47.1881,548.15063,448.95663,-104.47443,480.60648,462.52539,7.72562,478.60861
467,3.883,422.29974,-128.95212,633.49054,500.08215,-47.4752,547.59698,450.86523,-104.99535,480.33368,458.69113,6.69728,478.21472
468,3.892,424.28073,-129.19826,633.42737,501.45709,-47.92642,547.69165,453.05701,-104.86435,479.82855,460.84595,7.19839,478.22687
469,3.9,426.62848,-129.10767,633.09882,503.42929,-48.25677,547.13544,454.45676,-104.80634,479.384,460.05069,6.54954,477.6059
470,3.908,428.82324,-129.76448,633.07794,504.9892,-47.81967,546.82697,455.67593,-104.87881,479.44046,463.44379,6.3494,478.19327
471,3.917,430.32892,-130.27454,633.61609,506.81787,-47.51735,546.49347,457.09042,-104.5098,479.13843,463.44379,6.3494,478.19327
472,3.925,433.53018,-129.85715,633.38367,508.96793,-47.81303,546.37958,459.05682,-104.54261,479.36218,465.93063,6.56361,478.10992
473,3.933,434.90723,-129.84378,632.38092,509.97763,-46.96284,546.21332,460.40231,-104.64152,479.10696,466.18246,6.60094,477.85178
474,3.942,436.25488,-129.74612,631.89594,512.10492,-47.16561,545.85089,462.15616,-104.99268,478.83124,468.8493,6.16396,477.92664
475,3.95,439.88782,-129.39595,632.67023,512.88019,-46.77297,545.24628,463.72705,-104.67728,478.47528,471.69647,5.85467,477.9343
476,3.958,441.74918,-130.55762,633.97626,513.82031,-46.61826,544.92847,465.19351,-103.94048,478.11749,471.7674,6.75313,477.97318
477,3.967,443.79468,-130.8029,633.716,515.72083,-45.60028,544.63434,465.91199,-104.39961,478.23441,472.67554,6.91059,477.68405
478,3.975,445.81531,-130.8609,633.48407,516.99231,-45.90664,544.47815,467.50125,-104.41745,478.22333,473.7814,6.92891,477.74799
479,3.983,448.08945,-130.94031,633.51031,519.44348,-46.38542,544.7536,468.25262,-104.06209,477.67987,475.00113,6.07847,476.85797
480,3.992,451.08282,-130.506,633.80951,521.18524,-46.29256,544.48999,469.25964,-104.01668,477.91284,477.13254,6.14275,476.50739
481,4,448.54214,-129.86436,633.87341,523.38873,-46.6758,544.33966,470.20065,-104.22222,477.80768,477.69031,6.21582,476.43295
482,4.008,450.69339,-130.13722,632.7674,523.14447,-46.71511,543.83289,471.85947,-104.0009,477.34613,478.63943,6.68132,476.56598
483,4.017,451.81931,-130.2424,632.68988,524.51184,-46.46544,543.44385,472.91647,-103.50573,477.24936,478.70352,7.96497,474.93451
484,4.025,453.50565,-130.60043,632.58246,526.75269,-46.51137,543.50922,473.67166,-103.53899,477.09332,483.5249,4.55695,477.34412
485,4.033,454.49652,-130.57692,632.30652,528.59192,-46.18522,543.36493,475.35648,-103.6489,476.04932,478.29486,7.71757,475.50848
486,4.042,456.76398,-130.02551,632.26447,529.65302,-45.99057,542.56604,477.48557,-103.82623,475.98114,481.33981,7.54821,475.86078
487,4.05,458.52722,-130.08864,631.92517,531.23096,-45.86266,542.31451,476.58685,-104.75688,476.83875,483.04001,7.14904,475.73492
488,4.058,460.12637,-130.29866,631.9776,531.53046,-47.08439,541.6001,478.20712,-104.77106,476.07697,481.42529,7.09997,474.84222
489,4.067,461.40765,-130.25244,631.04303,532.92999,-47.10238,541.17267,478.99884,-104.77597,475.79984,484.61649,5.94673,475.11404
490,4.075,462.82104,-130.46019,630.41711,533.78784,-48.28143,541.16925,479.87161,-104.60543,475.25427,487.73901,5.35534,475.57123
491,4.083,464.59067,-130.88252,630.39313,534.80872,-47.96951,540.93518,481.50882,-104.90709,475.19998,489.89728,4.92129,475.28842
492,4.092,466.1861,-131.58929,629.75177,536.34906,-49.41761,540.42761,482.18094,-105.56228,475.14127,491.12692,4.13441,474.603
493,4.1,467.4866,-131.66177,629.79877,537.71698,-49.44744,539.9248,483.8262,-105.17242,474.38617,491.84183,4.67137,474.51431
494,4.108,469.8782,-130.96259,629.85187,539.51508,-49.27639,539.19678,485.70984,-105.15482,474.40823,492.69189,5.0571,474.73126
495,4.117,471.33148,-131.82224,629.5683,540.1413,-49.26575,538.85773,487.13803,-105.09541,474.29398,494.44739,4.94767,474.47318
496,4.125,472.24255,-131.73837,629.46698,542.37024,-50.20287,538.8974,487.3735,-105.40057,474.2149,495.54163,4.99926,474.10474
497,4.133,474.93616,-132.98705,629.78137,543.56775,-50.26973,538.83063,489.00531,-105.38754,473.91742,496.99316,5.01434,473.82053
498,4.142,475.84164,-133.10909,629.41125,545.24255,-51.20624,538.77435,490.15555,-105.75977,473.77087,498.60147,3.98278,473.8154
499,4.15,477.75333,-132.45953,628.75702,546.85724,-52.40112,538.96576,491.32211,-106.5698,473.51248,499.01108,4.3531,473.34927
500,4.158,479.18436,-132.6142,628.27716,547.95374,-51.9619,537.96667,492.50864,-107.04891,473.13007,502.76572,3.28111,472.65515
501,4.167,480.79361,-133.47992,627.8421,550.211,-52.80447,537.39264,493.38989,-107.25568,472.99786,503.92099,3.12545,471.97815
502,4.175,483.42154,-133.4675,627.92914,551.61511,-53.50491,537.3938,494.98553,-107.39488,472.88318,506.55026,2.82786,471.88568
503,4.183,484.32391,-133.58411,627.56549,554.34583,-53.95147,536.46814,496.03308,-107.65212,472.76144,506.85098,2.83556,471.53189
504,4.192,486.50714,-133.68146,627.43323,555.23877,-54.07556,536.00555,497.94714,-107.998,472.34067,509.57693,3.17306,470.82257
505,4.2,488.07684,-134.21512,627.79962,557.62408,-55.28558,535.68848,499.17657,-108.29436,472.17722,511.43982,2.9519,470.82394
506,4.208,489.86008,-134.1039,627.55109,558.52936,-55.42344,535.3587,500.37979,-108.32313,471.91824,513.6778,2.18784,469.67862
507,4.217,491.55515,-134.19362,627.68597,560.31824,-55.58483,535.03253,501.57925,-108.32789,471.61703,515.11743,1.549,469.23541
508,4.225,493.74066,-133.40013,627.35187,562.48444,-55.80587,534.87585,502.62619,-108.28998,471.233,517.05249,1.07354,468.63797
509,4.233,496.21246,-132.90048,627.07684,563.53467,-55.3856,534.53558,503.65326,-108.5295,470.8291,518.78699,0.89383,469.17453
510,4.242,497.78015,-134.20998,627.31927,565.31195,-55.82733,532.97107,505.28473,-108.94091,470.67435,520.42535,0.54511,469.23248
511,4.25,499.70306,-134.31897,626.87219,567.17328,-56.44626,532.36139,506.59534,-108.39377,470.29309,521.8175,0.96531,469.0177
512,4.258,502.02057,-134.06784,627.25287,568.95703,-56.62753,531.66693,507.75742,-108.445,469.8887,523.01312,1.09147,468.65869
513,4.267,504.44937,-133.78146,626.52692,570.76416,-56.93771,531.35675,509.88013,-108.91833,469.72186,524.18884,0.87411,468.29117
514,4.275,506.2883,-134.2995,626.1499,572.28827,-57.11964,531.06458,511.27682,-108.88185,469.97223,522.95844,2.88126,467.08261
515,4.283,507.8244,-134.07556,626.03705,574.42328,-57.23819,530.7428,512.89362,-108.57566,469.49756,526.27026,1.72604,467.44907
516,4.292,510.48752,-133.761,626.11359,575.83307,-57.1781,530.38428,513.78705,-108.40463,469.30359,528.58276,2.04073,466.16895
517,4.3,512.76624,-133.23399,625.63373,578.48083,-57.04665,529.54913,515.61298,-108.7218,468.88184,529.83234,2.0775,466.02255
518,4.308,516.18677,-132.92047,625.13513,580.39606,-56.92054,528.12817,517.03918,-108.75162,468.55624,531.57104,1.50104,465.42065
519,4.317,518.61957,-132.89709,624.50275,583.0296,-57.3221,527.42462,519.34363,-108.29805,468.08646,533.69177,1.61283,465.01724
520,4.325,521.24109,-133.06479,624.46301,585.13312,-57.19667,527.55176,521.80743,-108.22104,467.6264,536.63519,0.92446,463.57855
521,4.333,524.20569,-132.19327,623.85724,587.33948,-56.80917,526.81366,523.42877,-108.10911,467.33939,538.60535,1.52918,463.0899
522,4.342,526.81396,-132.45459,624.052,589.60602,-57.01481,525.76263,525.35114,-107.54655,466.54626,540.79352,2.02496,462.65717
523,4.35,529.18842,-132.40431,623.73895,592.31934,-56.66374,524.46271,527.90137,-107.27777,466.02792,542.37488,2.55511,462.44879
524,4.358,532.90509,-131.6866,623.38855,594.99207,-56.40939,523.71198,530.50873,-106.95879,465.65369,545.12042,2.43122,461.73947
525,4.367,535.75537,-131.12863,622.69403,598.07672,-56.38458,523.25909,533.23773,-107.37596,465.06552,547.71588,3.28946,461.34097
526,4.375,539.54767,-130.67221,622.50604,601.34204,-55.54628,522.69379,535.50781,-107.00018,464.7027,550.36145,3.41019,459.49298
527,4.383,542.88129,-129.89943,622.25055,604.70959,-55.582,521.59143,539.60956,-106.38241,464.21442,551.72083,7.46853,459.54892
528,4.392,546.11981,-129.55029,621.42328,608.18866,-54.69082,520.73151,542.48248,-105.92928,463.77713,557.09595,4.2438,458.60141
529,4.4,550.26434,-128.61165,621.00458,611.20807,-54.92504,519.49738,545.6908,-104.7612,462.96463,560.93829,4.96257,458.06717
530,4.408,553.00433,-128.29916,620.6676,615.19788,-53.7491,518.9931,548.85382,-104.38882,462.33878,563.14417,5.12917,457.23639
531,4.417,556.84558,-126.41896,619.93695,618.30078,-52.75107,518.25269,552.05396,-103.69389,461.91888,567.79718,6.14013,456.82263
532,4.425,561.08087,-125.89169,619.77216,622.32343,-52.32364,517.25916,555.40704,-103.7615,461.41275,570.89703,6.78326,455.60876
533,4.433,564.14319,-125.26376,619.16406,625.62555,-51.56063,516.50336,558.52026,-103.22892,461.22668,574.05481,7.03034,454.67014
534,4.442,568.02368,-124.07026,618.96893,629.82794,-51.23325,515.6944,562.32959,-102.65868,460.9476,578.3252,6.80725,454.42963
535,4.45,570.63757,-123.39037,619.06201,632.52374,-50.85887,515.33801,565.57233,-102.7989,461.14227,582.26001,7.86763,454.24918
536,4.458,575.28595,-123.22922,618.72559,636.66437,-51.1721,514.85577,569.1593,-102.99208,460.70242,584.23438,7.57144,453.56912
537,4.467,578.7312,-124.01138,618.84143,640.16083,-51.5444,514.91882,572.04724,-102.5298,460.25668,587.61572,8.30867,453.34549
538,4.475,581.88049,-123.83203,618.77142,643.82782,-51.02441,514.50555,576.24231,-102.22498,460.23627,591.83527,9.26791,452.59525
539,4.483,585.76886,-122.77278,619.38733,648.27429,-51.26427,514.64209,580.07928,-102.23775,460.53937,595.69659,9.28962,452.50464
540,4.492,589.1214,-122.38799,619.58496,652.15405,-50.76466,514.37708,583.99506,-102.6523,461.0466,600.09412,9.0467,452.49918
541,4.5,593.68158,-121.62945,619.95532,655.396,-50.65796,514.08441,588.46368,-102.39606,461.27478,607.26654,7.91479,453.19257
542,4.508,598.02875,-120.98539,619.97498,662.22784,-50.79828,514.37195,592.96289,-102.42856,461.0672,612.62555,8.95595,452.71658
543,4.517,603.13483,-120.09515,620.56384,667.90814,-51.36371,514.24207,599.04169,-103.03433,461.55795,616.70526,8.33944,452.5668
544,4.525,607.46381,-120.50356,621.02063,672.96045,-51.73253,514.86395,604.16541,-103.5325,462.00818,623.29559,8.19452,453.25458
545,4.533,612.72949,-120.7255,621.37836,678.99475,-51.53998,515.61951,610.22485,-103.73631,461.90512,626.59534,9.04209,452.51807
546,4.542,617.96844,-120.54171,621.91162,685.96198,-52.04024,515.56799,616.18359,-105.20027,462.9014,634.3446,9.12386,452.86652
547,4.55,624.38013,-120.41572,622.6012,692.41663,-53.17396,516.0899,622.73834,-105.28467,463.52594,642.06714,7.95163,453.39862
548,4.558,629.69159,-120.11404,622.88397,699.12195,-53.80607,516.96124,629.76788,-107.41236,464.74576,647.35687,7.62508,453.27319
549,4.567,636.19098,-120.75839,623.61163,706.63483,-55.67988,518.09381,637.03809,-107.43493,465.28339,655.95746,6.46296,453.43011
550,4.575,643.01807,-120.7551,624.2912,714.69666,-55.7927,518.8302,644.43427,-108.67707,466.01385,665.11505,5.16604,454.13681
551,4.583,648.99573,-120.93444,625.27704,722.39771,-56.50208,519.66943,652.56433,-109.75469,467.02603,671.72205,4.44986,453.82721
552,4.592,655.2749,-121.73149,626.75763,730.38867,-58.87672,521.12006,661.14063,-110.86808,467.81223,681.34174,2.88876,454.5376
553,4.6,662.67993,-122.05505,626.89032,738.67206,-60.15591,522.07959,668.70624,-111.23627,468.90891,690.84546,1.52569,454.72461
554,4.608,669.10284,-121.85062,627.91669,747.09106,-61.10273,523.42957,677.36127,-112.47478,470.29791,699.52356,0.51613,455.4173
555,4.617,676.13379,-122.12878,628.65515,755.13721,-62.75584,524.58075,685.5152,-112.48436,470.53836,710.22821,-0.28276,456.57007
556,4.625,683.86926,-121.06226,629.20447,764.19568,-64.31002,526.36688,693.23462,-112.73963,471.34714,716.75995,-1.27259,456.53503
557,4.633,689.8313,-121.98658,629.66852,770.05383,-64.53973,527.44775,700.78119,-112.67268,471.67639,726.5943,-1.26032,457.35455
558,4.642,694.83478,-121.97437,630.37305,776.32904,-64.71642,528.20093,707.7785,-113.23427,472.70859,735.25049,-2.49701,459.07751
559,4.65,700.16583,-122.41048,630.84924,782.263,-65.02397,529.4278,713.94659,-112.82142,473.81339,742.81653,-2.14166,459.75162
560,4.658,705.75568,-122.41409,631.72552,788.4259,-65.22043,530.39142,720.00323,-113.05586,474.9429,749.01569,-2.19733,460.49142
561,4.667,709.91406,-121.57234,632.71448,794.4491,-65.84344,531.66083,726.44928,-113.87849,475.83322,756.93091,-2.89223,462.49496
562,4.675,714.83801,-121.35771,633.55756,800.21497,-67.1889,533.02051,731.9259,-113.79671,476.53214,762.28168,-2.10393,463.24286
563,4.683,718.43848,-121.74942,633.82947,805.38824,-67.99948,534.37939,736.92737,-113.32532,477.8555,767.82544,-3.55196,464.52448
564,4.692,723.35876,-121.69958,634.7926,810.2901,-67.1529,536.08038,741.75537,-113.6273,478.87558,776.58685,-3.51941,465.90524
565,4.7,726.87067,-121.90454,634.81458,815.50305,-67.67406,537.16913,746.49677,-114.44445,479.23627,780.75336,-3.9721,466.31787
566,4.708,730.37567,-121.58942,635.05469,819.95197,-67.47913,538.02283,751.59442,-113.52529,480.35367,785.24243,-3.67454,467.51108
567,4.717,733.83649,-120.89053,635.42627,824.14368,-67.2504,539.0321,756.23785,-113.24895,481.28366,791.05579,-3.90565,468.73904
568,4.725,737.526,-121.29684,636.526,828.53168,-66.4136,540.224,761.06671,-111.89795,481.53311,795.3175,-3.39711,469.27173
569,4.733,740.88715,-120.82353,636.7381,832.42554,-65.51975,541.63702,765.55402,-111.74718,482.47699,797.70099,-2.09342,469.9216
570,4.742,744.02686,-119.43659,637.29297,836.44019,-64.57725,542.57776,770.41614,-110.94796,482.66937,801.5141,-1.67947,470.72079
571,4.75,747.91437,-118.84474,637.96423,839.88379,-63.44923,543.29211,774.40863,-110.74207,483.18234,805.19263,-0.2781,471.0914
572,4.758,751.75616,-119.25381,638.04401,842.6842,-61.81312,544.09253,779.3349,-109.34842,483.98651,807.52075,1.27103,471.36841
573,4.767,753.85431,-118.4826,638.54608,847.01508,-58.54109,545.4787,783.06085,-107.57343,484.80627,810.29675,2.92716,472.72614
574,4.775,758.11066,-117.29951,638.6109,849.39215,-58.03623,545.89429,786.8927,-106.34954,485.49692,813.19556,3.33184,473.57324
575,4.783,760.48456,-117.51393,638.76831,852.17188,-54.44093,546.81006,791.16724,-106.11538,485.84879,815.89874,5.15295,474.4296
576,4.792,763.79572,-117.27467,639.52234,855.57318,-52.34295,547.85748,794.88263,-104.39141,486.50894,818.22815,6.46889,474.69843
577,4.8,767.59241,-117.37576,639.81061,858.125,-50.6829,549.25153,798.79382,-103.6605,487.38254,820.7735,8.21992,475.52286
578,4.808,770.01111,-117.24652,640.229,861.01343,-49.36045,549.995,802.12683,-103.08498,488.20905,822.85535,9.19797,475.82336
579,4.817,773.29944,-116.55636,640.48596,862.74347,-47.78967,550.56824,805.46027,-102.13875,488.28711,825.85834,11.02561,476.94754
580,4.825,776.33838,-116.56514,640.60425,866.22839,-46.70329,551.48285,808.64941,-101.24207,488.73203,828.48273,12.51627,477.879
581,4.833,779.65808,-115.76342,640.85406,867.66919,-46.2028,552.59479,811.95837,-100.32291,488.93027,831.20081,12.72794,477.97565
582,4.842,782.00421,-116.22366,640.83105,870.56525,-44.76168,553.2171,814.89215,-100.04908,489.29742,834.5296,14.2488,479.1062
583,4.85,785.40057,-115.87141,641.50549,872.50061,-43.9701,553.90558,818.84546,-98.95836,490.35184,837.90222,13.96365,479.91803
584,4.858,788.05908,-115.88842,641.97748,875.64545,-42.7357,554.65997,822.25635,-98.14949,490.50308,841.47119,14.39577,480.60715
585,4.867,790.82147,-116.17454,642.28961,877.89203,-42.1275,555.83716,825.73706,-97.63013,490.80698,844.53986,15.27757,480.9324
586,4.875,793.92065,-116.14982,641.88177,880.7431,-41.95731,556.63348,828.5835,-98.40524,491.40686,847.95642,15.82653,481.82693
587,4.883,796.8031,-116.75941,642.02582,883.32269,-40.58434,557.43042,832.56836,-97.30579,491.759,851.97748,15.3501,482.87952
588,4.892,799.61572,-116.70387,642.14996,886.05219,-40.00364,558.56152,835.34381,-96.85358,492.23004,855.23468,16.15722,483.12683
589,4.9,801.88593,-116.64598,642.29156,889.92468,-40.48919,559.29718,839.58301,-96.39553,492.50677,859.19995,16.07936,484.18893
590,4.908,805.04138,-117.09376,642.42365,892.38629,-40.89795,560.04095,842.59863,-95.41014,492.82047,862.81238,16.68462,485.01035
591,4.917,806.97986,-115.70132,642.62286,896.38696,-41.54462,560.89801,845.65991,-95.07478,493.12402,866.12115,15.63947,485.98175
592,4.925,809.53094,-116.37394,642.71771,899.58301,-42.29017,561.02698,849.59338,-95.20808,493.49112,869.56488,16.2992,486.72894
593,4.933,812.00726,-116.57682,642.68939,903.11694,-41.26966,562.06702,852.12213,-95.1981,493.76846,873.52087,16.30997,487.05951
594,4.942,814.97052,-116.04101,642.26892,905.60858,-42.27454,562.20996,855.88568,-94.93909,493.99664,877.19904,16.18305,488.49844
595,4.95,817.05316,-116.49844,641.96844,908.5246,-43.14486,562.73291,858.74713,-95.10939,493.79477,880.25458,15.82869,488.77719
596,4.958,819.55176,-116.91216,641.66595,910.54578,-43.16438,562.66956,861.95612,-95.51051,493.50232,883.05988,16.30753,489.15402
597,4.967,823.17029,-117.65926,641.26837,914.43652,-42.99401,562.97241,865.00275,-94.88,492.95703,886.91235,15.44795,489.61081
598,4.975,825.51788,-117.65196,640.76965,917.22827,-43.21962,563.39093,867.89337,-95.0057,493.09,890.17419,16.02087,490.30032
599,4.983,827.92737,-118.70454,640.38794,919.65253,-43.52864,563.40613,871.30164,-95.87105,492.55887,892.72125,15.92147,490.28644
600,4.992,830.90662,-119.68454,639.91602,922.19519,-43.73229,563.50598,874.42596,-95.70934,492.37741,896.09711,15.50353,489.94699
601,5,833.56897,-119.99419,638.66156,925.10333,-42.5668,563.13965,877.55365,-94.70514,491.58453,899.56,15.18173,489.50232
602,5.008,837.36633,-120.11796,637.94043,928.58618,-43.41508,562.84198,880.73682,-94.31144,491.09576,901.63153,15.96822,489.59143
603,5.017,840.32043,-120.74442,636.8988,930.87726,-42.85731,562.29425,884.36871,-94.58267,489.94751,904.40912,16.87394,488.78397
604,5.025,843.86877,-119.96463,636.03754,934.74506,-42.39211,561.59796,887.30359,-94.3709,489.60709,907.21619,16.32673,487.42776
605,5.033,847.79712,-119.96462,634.85535,937.37415,-41.20896,560.0434,890.34155,-95.10941,488.87436,909.11078,16.59595,486.2912
606,5.042,851.79303,-119.20808,634.67566,941.37225,-39.9839,558.89893,894.05426,-94.54451,487.44687,911.34442,17.36892,484.96835
607,5.05,855.90118,-118.32405,633.79065,944.30054,-39.87283,557.30206,896.94592,-94.1632,486.37167,913.29974,17.41948,483.49274
608,5.058,860.12408,-116.53576,632.95905,947.81921,-39.86081,555.31152,899.64868,-94.45979,484.8999,916.13623,17.61853,481.90726
609,5.067,863.80249,-116.32138,631.8645,951.05884,-40.36271,554.13947,902.89124,-94.83221,484.07306,918.68201,16.72846,479.82758
610,5.075,867.66376,-115.96056,632.01971,953.67694,-38.65306,553.37311,904.93372,-94.95515,483.22586,919.71381,16.7212,478.87125
611,5.083,871.0097,-116.88612,632.06812,955.02454,-39.62983,551.28979,907.72369,-95.64521,482.65607,922.70355,15.80742,477.78513
612,5.092,873.92383,-117.8605,632.46063,959.11859,-39.53958,551.64709,910.34058,-97.48734,482.57538,925.89343,15.5413,478.73553
613,5.1,877.12286,-118.78279,632.65558,964.01819,-43.30081,551.5022,913.30664,-98.05881,482.42093,928.80231,14.54991,479.20102
614,5.108,880.38336,-120.77184,633.07617,967.02374,-46.76202,552.5755,915.47278,-99.64825,482.46756,932.99194,12.53886,479.62167
615,5.117,883.83136,-121.90057,633.02454,970.4787,-48.26878,552.24945,919.17029,-101.38559,481.98807,936.78381,9.84872,479.59412
616,5.125,887.71979,-122.66605,632.65387,974.00055,-50.15379,551.69775,921.70215,-101.83695,481.79755,941.92004,8.53995,479.77957
617,5.133,890.63312,-123.78384,632.89526,976.22797,-52.73684,551.64258,924.86676,-103.17458,481.66013,946.00726,6.59775,479.22086
618,5.142,894.25958,-125.01418,632.94855,980.80634,-54.08739,551.28534,927.17517,-104.69529,481.21881,949.62726,5.47492,479.28027
619,5.15,897.0907,-125.59474,632.32715,983.90588,-55.3647,550.91992,929.81757,-104.51939,480.91058,954.07428,3.65661,478.8732
620,5.158,900.32703,-125.71588,632.38354,987.06665,-56.85228,550.61334,932.71808,-105.74534,480.63986,957.21643,2.78478,478.93433
621,5.167,903.51501,-126.923,632.41479,990.07947,-57.09717,550.44012,936.5791,-105.54192,480.31583,960.62616,2.4125,478.51526
622,5.175,907.06177,-127.34839,631.90619,993.81067,-56.75486,549.98334,939.23975,-105.68047,479.97006,962.65338,2.24716,477.91003
623,5.183,909.57196,-128.32536,632.04114,996.98926,-57.42295,549.08899,941.65784,-106.82001,479.77078,964.59387,1.30022,477.88251
624,5.192,913.38806,-129.23582,632.18658,999.9458,-55.31517,548.39807,945.6861,-107.03055,479.68869,966.7312,2.05522,477.58496
625,5.2,915.974,-129.46141,631.82104,1001.85303,-56.14532,548.00739,947.6369,-107.52097,479.59961,968.25964,1.6241,477.55914
626,5.208,919.08765,-129.48508,632.28339,1004.15686,-56.93758,547.97644,949.84033,-108.14442,479.96951,970.00171,1.07823,477.27338
