Frame#,Time,R.Biceps.Lateral.x,R.Biceps.Lateral.y,R.Biceps.Lateral.z,R.Elbow.x,R.Elbow.y,R.Elbow.z,R.Elbow.Medial.x,R.Elbow.Medial.y,R.Elbow.Medial.z
1,0,-1038.72144,-243.3457,1348.04578,-1111.9436,-272.85736,1168.40125,-1106.97632,-175.89008,1159.89771
2,0.008,-1032.67273,-243.45671,1347.97778,-1107.64209,-273.92352,1168.7168,-1103.81128,-176.23938,1159.86401
3,0.017,-1028.13269,-243.15765,1347.81152,-1102.22522,-272.60349,1168.18176,-1097.52197,-176.05354,1160.91406
4,0.025,-1023.59668,-242.86055,1347.42773,-1097.19849,-271.70816,1168.422,-1095.14978,-175.79581,1160.83386
5,0.033,-1018.92426,-243.14639,1346.9552,-1092.33069,-272.77075,1169.12769,-1087.06067,-175.44501,1160.74475
6,0.042,-1012.71338,-242.02856,1347.07373,-1086.26501,-271.60675,1169.17981,-1083.19897,-175.29959,1160.09741
7,0.05,-1008.57178,-242.19707,1347.32837,-1081.20398,-272.11609,1169.34241,-1075.62512,-174.71671,1160.25024
8,0.058,-1002.50946,-242.03384,1347.74475,-1076.95239,-272.40829,1169.92456,-1072.32202,-175.04883,1160.28076
9,0.067,-997.38879,-241.04144,1348.79004,-1071.74854,-273.57761,1169.75952,-1066.84644,-176.61183,1160.27271
10,0.075,-991.2157,-241.84608,1348.74902,-1065.90173,-273.77765,1170.38354,-1062.39001,-175.95416,1160.86646
11,0.083,-986.06866,-242.09831,1348.74036,-1061.02148,-273.49738,1170.0116,-1057.88281,-176.95609,1160.92969
12,0.092,-980.02094,-240.96468,1347.49182,-1054.41162,-274.09689,1170.18372,-1051.39233,-176.48511,1160.68506
13,0.1,-974.94257,-242.16396,1347.18506,-1049.8396,-275.40268,1169.45239,-1045.30542,-176.66087,1160.37988
14,0.108,-968.36255,-241.29749,1347.26892,-1044.4657,-274.00247,1169.57446,-1042.58923,-176.98178,1159.99255
15,0.117,-963.28406,-241.77737,1346.3313,-1039.18872,-275.2244,1169.63794,-1034.34326,-177.3364,1160.2926
16,0.125,-957.51569,-242.69771,1346.35339,-1034.88269,-275.04178,1169.99963,-1031.23767,-177.25397,1159.96399
17,0.133,-951.05347,-242.49686,1346.27979,-1027.68567,-274.82483,1169.86511,-1023.08643,-177.3694,1159.5249
18,0.142,-944.6347,-242.7101,1346.7312,-1023.9751,-274.87231,1169.77881,-1018.36121,-176.27208,1158.7699
19,0.15,-940.62744,-243.23845,1345.93762,-1016.95667,-274.53735,1169.40369,-1015.91315,-177.21992,1158.48975
20,0.158,-931.7478,-241.85855,1344.84326,-1012.72546,-274.87204,1168.51453,-1010.77887,-177.30667,1160.31372
21,0.167,-927.01184,-242.82297,1343.32117,-1007.07831,-273.85345,1166.84814,-1004.64282,-177.20653,1158.8783
22,0.175,-922.44562,-244.05875,1342.34033,-1001.43939,-274.17581,1166.48938,-996.80939,-175.80539,1156.2146
23,0.183,-915.83771,-242.61157,1341.24548,-995.54053,-272.99567,1164.71814,-990.59381,-176.34749,1156.42773
24,0.192,-909.53424,-243.64819,1339.92249,-989.80774,-272.93066,1163.71533,-983.6557,-176.20937,1154.16394
25,0.2,-905.90045,-245.42278,1339.39526,-982.65607,-273.42514,1162.01221,-980.01031,-177.25972,1153.44861
26,0.208,-897.83386,-244.56372,1338.06433,-977.28412,-274.58279,1160.84961,-971.78729,-176.2545,1152.65967
27,0.217,-893.33527,-246.18314,1337.01733,-970.84406,-273.66232,1159.32495,-964.89233,-177.22995,1151.06641
28,0.225,-887.28845,-247.30707,1335.62805,-963.54565,-275.01926,1158.3241,-960.31323,-178.64908,1150.25684
29,0.233,-879.24255,-246.62665,1334.67517,-957.29547,-276.62057,1156.52637,-952.59979,-178.42546,1148.19946
30,0.242,-874.21405,-247.06645,1333.1571,-951.23358,-276.86444,1156.11877,-945.68066,-179.22983,1147.7616
31,0.25,-866.74188,-250.12257,1331.8031,-943.85431,-278.20605,1154.6427,-938.32111,-180.73442,1145.92798
32,0.258,-859.92279,-249.73627,1331.48169,-936.72375,-280.48535,1153.98267,-933.66486,-183.1821,1144.50891
33,0.267,-854.13739,-252.45474,1330.17993,-930.58453,-282.43961,1153.16711,-929.51184,-185.54698,1143.4209
34,0.275,-848.13965,-253.47107,1329.55347,-922.93451,-282.95224,1152.27698,-923.24237,-186.9796,1142.16931
35,0.283,-840.63782,-254.84721,1328.74158,-915.45898,-284.97757,1150.83459,-915.53204,-188.04237,1141.94653
36,0.292,-833.5011,-255.87328,1327.63428,-908.46893,-287.48135,1150.62988,-906.89081,-189.99138,1140.33984
37,0.3,-826.90997,-257.38135,1327.51196,-900.66614,-288.48331,1150.36853,-900.46381,-191.72044,1139.53369
38,0.308,-819.22766,-258.54535,1327.06042,-893.30792,-290.51605,1149.49438,-893.10773,-192.97346,1140.56238
39,0.317,-811.94934,-259.53763,1328.16077,-885.89795,-292.13269,1150.23682,-887.61414,-194.84914,1140.0531
40,0.325,-805.65796,-261.51651,1328.71448,-879.17603,-293.11697,1150.5946,-880.22284,-196.00458,1141.55701
41,0.333,-797.67029,-262.46262,1329.66077,-871.15051,-293.98303,1151.43677,-870.50867,-196.69304,1141.96582
42,0.342,-790.11023,-263.69519,1330.01221,-863.91821,-295.14413,1151.77722,-862.39008,-196.7953,1143.03601
43,0.35,-784.28766,-265.07791,1331.32703,-856.88818,-295.52426,1152.73987,-854.27032,-197.69757,1144.06238
44,0.358,-776.68744,-266.29889,1332.16357,-850.18915,-296.46103,1153.65637,-846.69067,-199.04498,1145.50146
45,0.367,-770.11542,-267.45868,1333.18591,-842.5567,-297.94049,1154.6178,-839.26178,-199.10443,1146.82629
46,0.375,-763.06177,-269.5368,1334.9425,-835.35437,-297.73117,1154.91174,-833.78369,-199.73247,1147.84363
47,0.383,-757.06873,-271.01257,1335.70422,-828.4267,-298.41037,1156.24805,-827.01172,-200.43346,1148.37305
48,0.392,-750.41077,-271.55167,1336.11169,-822.08435,-299.86197,1157.7196,-818.01898,-201.0318,1149.52808
49,0.4,-743.19476,-272.91614,1338.0564,-815.18768,-299.61597,1157.34058,-813.71478,-202.33276,1150.50122
50,0.408,-736.97217,-274.45535,1338.06421,-807.98676,-300.86398,1157.69751,-803.65564,-202.68036,1151.07556
51,0.417,-729.84723,-275.92722,1338.52039,-800.51953,-303.13644,1158.82214,-797.88672,-205.20212,1152.41602
52,0.425,-722.13391,-277.72519,1339.19629,-792.93024,-303.37927,1158.89673,-789.76196,-206.39886,1152.84399
53,0.433,-715.49298,-279.01651,1340.2074,-785.47357,-306.06018,1158.7887,-782.84753,-207.31892,1153.3407
54,0.442,-707.83856,-280.8165,1340.40955,-775.97113,-305.52783,1158.15381,-774.12701,-208.78072,1154.14587
55,0.45,-700.48859,-281.61664,1340.97742,-768.43463,-307.74432,1158.36987,-768.94861,-210.22609,1155.47363
56,0.458,-692.28198,-283.60193,1340.35498,-760.87811,-309.67191,1159.29517,-762.04663,-212.0533,1155.5719
57,0.467,-684.34998,-285.47711,1341.23376,-752.18646,-311.83185,1159.35413,-754.54346,-214.59644,1155.078
58,0.475,-677.56458,-285.62997,1340.98291,-743.80237,-312.99731,1159.92798,-744.89594,-216.39856,1154.27319
59,0.483,-669.5271,-287.40912,1340.85913,-736.34955,-315.81125,1160.09058,-738.9444,-218.42409,1153.88611
60,0.492,-662.59271,-287.65002,1341.23511,-727.88794,-317.92639,1159.82202,-730.7594,-220.64948,1153.76575
61,0.5,-655.15704,-290.17105,1340.49194,-719.45959,-319.49216,1161.06384,-722.62622,-223.00696,1153.34497
62,0.508,-646.82086,-290.66168,1341.61145,-711.69867,-322.99615,1161.41309,-714.25031,-224.5992,1153.97021
63,0.517,-639.14923,-291.78381,1343.2157,-703.79462,-325.84576,1161.38574,-706.82056,-226.83,1152.09412
64,0.525,-632.66797,-291.9122,1343.13403,-695.19879,-325.92902,1161.39148,-699.4278,-229.52777,1152.97302
65,0.533,-625.104,-294.10748,1343.75146,-688.35352,-328.37811,1161.29663,-693.58521,-230.91977,1153.19275
66,0.542,-618.80164,-294.49728,1343.703,-680.95758,-330.55414,1163.74207,-689.16272,-232.18738,1154.02417
67,0.55,-611.75885,-295.19611,1344.646,-673.49677,-331.08334,1163.32544,-681.40564,-233.08766,1154.85095
68,0.558,-604.83807,-296.09189,1345.24133,-667.01312,-332.6153,1164.13477,-675.68652,-235.33476,1154.43945
69,0.567,-598.92004,-295.7439,1346.41833,-660.34943,-333.80231,1165.18323,-667.13074,-235.69412,1155.47253
70,0.575,-593.31342,-298.58954,1346.94714,-653.13379,-332.91687,1165.62549,-661.49103,-236.79657,1156.03003
71,0.583,-586.63483,-297.90173,1347.70532,-646.56799,-334.72104,1165.89819,-652.09766,-236.35887,1157.72693
72,0.592,-580.55023,-297.92111,1349.43665,-640.17212,-335.02069,1166.07495,-649.75897,-237.46779,1157.71423
73,0.6,-574.54095,-299.15515,1349.10901,-632.93079,-334.98364,1165.98059,-640.09412,-236.72298,1159.35022
74,0.608,-569.05267,-299.63821,1349.88623,-626.81879,-335.35342,1167.12158,-636.44531,-237.30428,1158.50635
75,0.617,-563.06348,-299.76132,1349.74402,-619.7254,-334.57855,1166.62903,-629.51917,-236.05972,1160.30127
76,0.625,-556.52698,-300.41818,1349.42493,-613.80597,-335.36694,1166.6322,-620.85828,-237.56396,1157.84106
77,0.633,-550.30798,-299.15228,1349.69861,-606.96259,-333.87152,1166.37085,-614.14948,-235.82761,1158.09241
78,0.642,-545.07117,-299.87961,1349.68396,-599.66669,-334.48193,1165.81165,-606.42969,-235.99924,1157.86548
79,0.65,-538.03455,-299.17072,1349.54529,-593.72314,-333.49823,1164.38745,-600.57269,-235.29187,1157.72583
80,0.658,-532.10449,-299.14352,1349.55151,-587.03113,-333.64279,1164.0238,-591.11133,-235.78134,1157.6947
81,0.667,-525.70929,-299.13828,1348.40686,-580.75873,-333.87601,1163.69507,-588.29059,-236.33765,1156.98535
82,0.675,-520.32819,-298.8653,1347.94885,-572.97321,-333.44409,1162.30212,-580.6264,-235.83156,1156.24402
83,0.683,-513.93634,-297.45941,1347.91699,-566.31812,-334.26437,1162.2262,-575.00452,-237.72157,1154.31213
84,0.692,-506.82443,-298.92615,1347.07275,-558.71094,-335.07083,1162.40076,-569.83582,-237.68793,1153.45166
85,0.7,-500.91675,-299.12711,1347.05139,-552.08807,-334.71255,1161.72034,-563.23407,-238.25958,1154.0083
86,0.708,-495.0863,-298.54169,1346.58301,-545.26208,-336.01843,1161.93774,-556.85693,-238.87694,1154.50562
87,0.717,-488.84967,-298.23254,1346.48816,-537.39966,-335.41293,1161.36633,-546.38947,-237.94659,1151.10693
88,0.725,-482.73892,-298.53256,1346.23596,-530.62817,-336.37003,1161.18884,-540.85052,-239.19687,1150.56177
89,0.733,-476.33118,-299.13593,1346.28271,-523.63226,-337.95749,1161.02637,-536.03955,-239.74187,1150.85559
90,0.742,-470.70178,-299.43015,1346.48193,-517.99762,-338.27155,1160.57227,-531.83838,-241.11197,1150.81824
91,0.75,-465.125,-298.38486,1345.448,-512.05939,-337.98413,1159.81201,-524.64532,-240.87445,1150.07678
92,0.758,-458.81085,-298.08862,1344.62842,-505.41824,-338.57706,1160.21289,-517.09235,-241.14214,1148.54065
93,0.767,-452.63577,-297.62582,1344.24561,-499.16989,-338.72726,1160.26111,-511.99298,-242.06346,1148.28992
94,0.775,-447.78702,-298.12454,1344.23547,-493.78329,-338.46252,1158.76807,-510.31247,-242.95023,1147.77051
95,0.783,-441.13757,-297.3335,1343.58716,-488.71259,-337.0304,1158.25146,-498.07022,-241.18729,1147.40698
96,0.792,-435.7402,-296.1843,1342.70325,-482.57864,-337.74298,1157.896,-496.77151,-240.70303,1146.89246
97,0.8,-430.62454,-295.25513,1342.26782,-477.5556,-337.08505,1157.58105,-487.76852,-239.31279,1145.96423
98,0.808,-424.8656,-294.24225,1341.03845,-472.47623,-336.1059,1155.86926,-483.39404,-237.90128,1144.4054
99,0.817,-419.99408,-293.61304,1340.42468,-466.53046,-334.83215,1156.05518,-478.58813,-237.77885,1144.46545
100,0.825,-414.20724,-292.66046,1340.33313,-462.09946,-333.67374,1154.89258,-472.73126,-236.22278,1143.72791
101,0.833,-409.75583,-290.43262,1339.42908,-456.41473,-332.30399,1154.05957,-472.98007,-236.16861,1143.54724
102,0.842,-404.38107,-290.07526,1338.36194,-451.64548,-330.63535,1153.245,-463.72342,-233.63383,1143.56555
103,0.85,-399.74359,-288.97626,1337.12073,-446.77921,-329.05502,1151.93542,-458.44867,-232.15981,1141.15076
104,0.858,-394.41827,-287.13925,1336.23425,-442.26242,-327.11725,1150.79443,-449.78671,-228.57454,1140.3949
105,0.867,-389.05734,-285.34756,1335.15625,-437.32428,-325.22739,1149.75891,-445.74991,-226.95201,1139.85901
106,0.875,-384.52875,-283.52603,1334.93115,-432.44186,-322.99982,1149.02209,-441.46939,-225.51801,1139.00159
107,0.883,-378.28851,-283.10788,1333.73108,-427.21652,-321.21652,1148.01819,-437.44617,-224.78847,1139.07703
108,0.892,-373.35336,-280.97284,1332.53406,-421.35733,-319.73401,1147.23486,-428.79785,-222.14078,1136.37512
109,0.9,-367.07782,-278.7229,1331.58594,-416.49445,-317.86847,1146.62073,-425.84869,-220.91092,1135.96912
110,0.908,-363.06808,-278.45151,1331.21802,-410.27997,-316.29144,1146.36316,-420.45663,-219.96353,1135.58887
111,0.917,-357.06995,-275.85416,1330.33765,-405.06299,-316.22543,1145.19153,-415.58954,-219.13762,1135.84814
112,0.925,-352.11624,-274.29712,1330.25281,-400.37204,-313.50375,1145.22864,-409.02402,-215.3269,1135.59851
113,0.933,-346.91299,-273.51532,1330.52258,-395.20129,-312.45212,1145.53955,-403.2984,-215.82834,1133.80481
114,0.942,-341.46509,-270.84714,1330.14148,-390.01938,-311.71222,1145.6272,-395.53336,-214.64119,1134.58105
115,0.95,-335.0351,-269.09802,1329.72498,-384.70129,-310.57672,1145.59363,-383.74988,-210.63028,1134.8269
116,0.958,-329.82581,-268.20444,1329.9679,-379.16284,-309.95602,1146.25195,-386.55307,-211.33783,1134.23621
117,0.967,-324.10516,-266.55774,1330.90857,-373.61136,-308.54977,1147.35461,-382.45197,-210.59274,1134.31409
118,0.975,-319.12231,-264.55054,1331.78406,-369.30722,-307.33682,1148.18445,-377.00555,-209.71368,1134.72522
119,0.983,-313.2243,-263.08832,1332.62085,-363.86041,-305.87784,1149.52319,-375.45248,-209.44341,1135.10938
120,0.992,-308.3988,-261.60934,1334.16858,-359.15836,-305.17059,1150.61182,-369.94022,-208.58125,1136.94946
121,1,-302.46747,-260.67673,1335.62231,-353.98938,-303.40933,1152.23303,-364.69931,-206.80156,1138.68921
122,1.008,-298.08972,-259.10727,1336.81506,-350.14655,-300.99835,1154.27759,-355.76587,-203.93825,1141.27161
123,1.017,-291.51535,-257.10767,1339.66333,-345.99973,-299.99033,1156.26526,-351.17776,-201.55995,1142.84314
124,1.025,-287.13345,-254.88583,1341.21936,-340.80246,-296.76495,1157.42822,-345.92944,-198.32788,1144.65027
125,1.033,-281.10498,-252.916,1341.96973,-336.74231,-296.42017,1159.76282,-342.8725,-197.11473,1147.11108
126,1.042,-274.48557,-250.6254,1343.85266,-332.43198,-292.91422,1161.75842,-337.87756,-194.00504,1148.37317
127,1.05,-268.75595,-248.03644,1344.80005,-328.43033,-290.04968,1162.49634,-332.21048,-191.73204,1150.22009
128,1.058,-263.51373,-247.83606,1345.30945,-324.74725,-288.15042,1164.13147,-329.02957,-188.71687,1152.25049
129,1.067,-257.75586,-244.40193,1345.1853,-320.78497,-284.1315,1165.15735,-321.83212,-186.09808,1153.27832
130,1.075,-253.32993,-241.17581,1346.80542,-317.82843,-281.83588,1165.61353,-320.12387,-183.70172,1154.80664
131,1.083,-248.85585,-240.14796,1346.95764,-313.97745,-278.93936,1167.08716,-316.26303,-181.1067,1155.39307
132,1.092,-244.20161,-237.55942,1347.62292,-310.20572,-276.30328,1167.46423,-312.28214,-179.13065,1156.98352
133,1.1,-240.38702,-236.24687,1347.93384,-306.83554,-273.76791,1168.43262,-305.69031,-175.81764,1157.35376
134,1.108,-236.14485,-235.03464,1348.7439,-303.30789,-271.58273,1168.05872,-301.84576,-174.70404,1158.08765
135,1.117,-232.57561,-233.43164,1349.5459,-299.20526,-269.74268,1168.5531,-296.61282,-172.75772,1158.81458
136,1.125,-228.48297,-232.35666,1349.57324,-295.66718,-267.58701,1168.62817,-291.09857,-169.19144,1158.22876
137,1.133,-224.68201,-230.70087,1350.07996,-290.84912,-266.41855,1169.04102,-289.15213,-169.17371,1157.52014
138,1.142,-220.70732,-230.18401,1350.07605,-286.86395,-264.69025,1169.29407,-283.21457,-167.33333,1158.57532
139,1.15,-217.27716,-229.12378,1350.57373,-282.73877,-263.82098,1169.82629,-278.09021,-166.24611,1158.43884
140,1.158,-212.73312,-227.96536,1350.94458,-278.44647,-262.75934,1170.29346,-274.18787,-164.56354,1158.83118
141,1.167,-209.51187,-226.94522,1350.66248,-274.17984,-261.32523,1170.75195,-268.86456,-163.54907,1158.69666
142,1.175,-203.69942,-225.28494,1351.43433,-270.3559,-262.16644,1171.16553,-259.9538,-162.43839,1159.49316
143,1.183,-198.79341,-224.27184,1352.21191,-265.86884,-260.54495,1171.44226,-258.77426,-163.23839,1159.7345
144,1.192,-194.15486,-224.50111,1351.86987,-261.13971,-260.18079,1172.17688,-257.77191,-163.62035,1162.12646
145,1.2,-189.63123,-224.08012,1352.28162,-257.5683,-260.94745,1173.75806,-257.44305,-163.71916,1159.94128
146,1.208,-184.97343,-222.87616,1353.43848,-252.61803,-259.57108,1173.49512,-251.39969,-162.24043,1161.19641
147,1.217,-179.51459,-222.20824,1353.36841,-248.04012,-259.04376,1174.86414,-248.59447,-161.81532,1161.22583
148,1.225,-176.00937,-222.05554,1353.83875,-245.1881,-258.66519,1175.43079,-242.45151,-161.89694,1161.19849
149,1.233,-170.69295,-220.91145,1354.85669,-241.07823,-257.95407,1176.09131,-239.37794,-161.43796,1161.96045
150,1.242,-165.79407,-220.30881,1355.05737,-237.77852,-256.93924,1176.63416,-233.73602,-160.53264,1163.01172
151,1.25,-161.84001,-218.93544,1355.37585,-234.05827,-256.07675,1177.16895,-229.2973,-159.26141,1164.06091
152,1.258,-157.92546,-218.61469,1355.52344,-229.26381,-255.02487,1177.84387,-224.00653,-158.25784,1164.21436
153,1.267,-153.95595,-218.19127,1356.81482,-225.89064,-253.90381,1178.72107,-222.18858,-157.17087,1165.51611
154,1.275,-149.23044,-217.97411,1357.30176,-222.10905,-253.36325,1178.91309,-217.55673,-155.79251,1165.4137
155,1.283,-144.6019,-217.72807,1358.06384,-217.43445,-251.08606,1179.26794,-212.14182,-154.94843,1166.95349
156,1.292,-139.65903,-216.88309,1357.57422,-214.1996,-250.54001,1179.34216,-208.03865,-152.7132,1167.34753
157,1.3,-136.23161,-216.70169,1357.48132,-210.25208,-248.77995,1179.54822,-203.71986,-150.94522,1167.48242
158,1.308,-131.76874,-214.63136,1357.24731,-206.711,-247.88362,1179.47876,-197.57883,-150.70265,1166.38232
159,1.317,-127.50834,-215.61673,1356.60596,-201.77539,-245.9122,1178.77209,-193.45294,-149.87535,1166.59338
160,1.325,-121.22727,-214.18407,1356.09814,-197.63812,-245.11026,1178.95422,-188.71257,-149.12743,1166.73596
161,1.333,-117.24358,-214.01936,1355.4021,-192.78453,-244.06122,1177.88867,-183.95993,-148.60861,1166.46497
162,1.342,-113.16634,-213.40424,1355.12744,-188.64497,-243.03271,1177.35876,-178.61003,-146.28339,1166.7511
163,1.35,-108.50201,-212.77367,1354.52991,-183.8642,-242.10374,1176.86572,-173.65536,-145.56593,1165.47827
164,1.358,-102.79843,-212.88289,1353.88147,-178.21683,-241.72536,1176.0647,-169.75421,-147.02042,1166.0127
165,1.367,-98.00163,-214.18925,1353.33362,-173.78795,-241.96779,1175.09058,-163.09856,-146.37917,1165.46655
166,1.375,-91.79332,-212.71742,1353.4198,-168.65581,-242.41464,1174.68616,-157.9709,-146.30748,1163.526
167,1.383,-87.14536,-213.30392,1352.56116,-162.35864,-242.59308,1174.43945,-152.32315,-146.71078,1162.61438
168,1.392,-80.50549,-213.27489,1352.24634,-157.14323,-243.18608,1173.45349,-147.88321,-146.7014,1162.98425
169,1.4,-75.26022,-213.97945,1351.11548,-150.88818,-243.8315,1172.93323,-141.41017,-147.75879,1162.40503
170,1.408,-69.54047,-214.73587,1350.59021,-144.9437,-244.61203,1172.78479,-134.64221,-149.14777,1161.41919
171,1.417,-63.67933,-214.46208,1350.08716,-139.68172,-246.1535,1172.59509,-129.22849,-149.62779,1159.8031
172,1.425,-58.10248,-216.31276,1349.14978,-133.47458,-246.76122,1171.14014,-124.50661,-149.81091,1158.70581
173,1.433,-52.23435,-216.80792,1348.60571,-127.30299,-248.76534,1170.11572,-118.27127,-151.06667,1158.57349
174,1.442,-45.41026,-218.29303,1347.66443,-122.45715,-249.05025,1169.85876,-112.47552,-152.22398,1156.52124
175,1.45,-40.12253,-218.7999,1346.6532,-115.70913,-251.10542,1169.0968,-107.77351,-154.85881,1156.46155
176,1.458,-33.12761,-219.74088,1345.89319,-109.42435,-252.23927,1168.65173,-100.28469,-155.29594,1156.39844
177,1.467,-26.8581,-220.79436,1345.07532,-103.74095,-253.49704,1167.92212,-98.14841,-154.91252,1155.03149
178,1.475,-19.83007,-222.30194,1344.11292,-98.08972,-253.75162,1166.90369,-91.40877,-156.80725,1154.18115
179,1.483,-13.90986,-222.78882,1342.55872,-91.9195,-255.59381,1165.7782,-82.72564,-157.49251,1153.46472
180,1.492,-8.07159,-224.90016,1341.88452,-84.76163,-256.32297,1165.27258,-76.90197,-158.64325,1152.75256
181,1.5,-1.28343,-225.44659,1340.49377,-78.14983,-257.20233,1163.31665,-72.28726,-159.21556,1152.49597
182,1.508,5.12424,-226.97433,1339.07678,-72.43852,-257.65802,1163.17249,-64.73175,-159.89487,1151.75342
183,1.517,12.44482,-227.25923,1338.21106,-66.60373,-257.79968,1161.87,-59.31949,-161.00417,1150.10046
184,1.525,17.917,-229.35931,1336.5813,-60.25001,-258.22687,1160.43262,-52.85147,-161.68517,1148.15442
185,1.533,24.60694,-229.65724,1335.79492,-53.60085,-258.87036,1159.00989,-46.45098,-162.6252,1149.40955
186,1.542,31.18245,-231.15559,1334.45813,-47.14361,-259.06134,1157.55762,-36.93639,-162.69768,1145.62231
187,1.55,37.59551,-232.55505,1333.24829,-40.327,-259.41431,1155.87012,-30.77601,-163.07983,1145.06104
188,1.558,44.63092,-233.46898,1332.38354,-33.37166,-260.96741,1155.09729,-23.56489,-163.27927,1145.02771
189,1.567,50.99174,-234.51898,1330.54565,-25.41723,-261.17657,1153.34985,-16.75071,-165.00778,1143.10901
190,1.575,59.09501,-236.31387,1330.23621,-18.211,-262.66037,1152.67847,-9.18481,-166.5851,1142.10413
191,1.583,66.00197,-237.4037,1329.26624,-9.44352,-264.38593,1152.04041,-1.56888,-167.8764,1143.5592
192,1.592,73.41233,-239.38535,1329.51904,-2.00164,-265.27893,1151.47168,4.56871,-169.71172,1144.75818
193,1.6,80.93606,-239.95226,1330.12976,6.74147,-267.67612,1151.20984,11.62502,-170.66493,1144.70605
194,1.608,88.64011,-242.08383,1331.0553,14.3149,-270.07959,1152.59668,17.40515,-172.29393,1145.40759
195,1.617,95.69765,-243.75288,1331.51611,22.61927,-272.27127,1153.54211,25.52837,-175.56258,1147.31445
196,1.625,103.57796,-245.89279,1332.79956,30.62119,-274.04855,1154.72693,32.99767,-177.54509,1146.40637
197,1.633,111.0006,-247.37405,1334.51221,38.00147,-276.35773,1155.93225,40.11204,-178.91722,1145.78625
198,1.642,118.29778,-249.32597,1335.69312,46.34742,-279.45547,1157.32544,47.48411,-181.33058,1147.69885
199,1.65,125.41496,-251.19386,1337.41687,53.64945,-282.62106,1158.53589,55.58144,-184.02191,1148.10522
200,1.658,132.67255,-252.81523,1338.9635,61.37305,-283.75867,1159.72839,64.11369,-186.41608,1149.80151
201,1.667,139.87468,-255.42349,1340.81287,69.55502,-286.04797,1161.8551,71.49615,-188.98412,1151.76062
202,1.675,147.77684,-256.83633,1341.91064,76.9499,-288.52386,1162.4801,78.89922,-191.09596,1153.43994
203,1.683,155.54596,-258.75253,1343.39526,84.25131,-290.79651,1163.43579,84.2251,-192.21657,1154.36304
204,1.692,163.51086,-261.04309,1344.36462,92.81161,-292.62802,1165.08386,92.80851,-194.19753,1154.90674
205,1.7,170.35201,-262.09122,1345.34778,99.73109,-293.96252,1166.21704,100.11334,-197.29831,1156.33545
206,1.708,177.4702,-263.72363,1346.13867,106.91428,-295.82239,1166.78613,107.28235,-197.44164,1156.92676
207,1.717,184.37068,-265.2114,1346.75159,115.51835,-297.45502,1166.94434,114.55344,-198.60814,1157.79993
208,1.725,192.66867,-266.04745,1347.07825,123.39141,-298.13641,1167.29541,120.62725,-199.85471,1158.495
209,1.733,199.47282,-267.13171,1346.94653,130.22134,-299.16302,1167.27808,128.44696,-201.23564,1158.47876
210,1.742,206.73526,-268.19138,1347.23376,137.62874,-300.83359,1167.84106,136.03378,-203.3665,1158.84607
211,1.75,213.94926,-268.56589,1347.71973,144.64928,-300.86646,1167.96411,142.57776,-204.10077,1159.66052
212,1.758,221.30077,-270.33374,1347.37732,152.51845,-302.78976,1167.87427,149.71532,-204.134,1159.54626
213,1.767,227.83621,-271.36172,1347.44836,159.45798,-302.65225,1167.5011,155.46466,-205.79079,1159.91138
214,1.775,235.37036,-272.03833,1347.82495,167.11453,-304.57675,1167.29053,163.68513,-206.52789,1160.05408
215,1.783,241.271,-271.85574,1347.67627,174.67963,-306.1109,1167.39294,168.201,-208.76189,1158.6239
216,1.792,248.12474,-273.46304,1348.20447,182.70279,-306.75543,1166.9939,178.18703,-211.56419,1158.64343
217,1.8,254.85405,-273.64429,1348.48987,190.92072,-308.34332,1166.82385,185.21445,-210.50168,1158.48694
218,1.808,261.36703,-274.52145,1348.65002,198.58247,-311.02591,1167.33643,192.43521,-213.10846,1159.01025
219,1.817,267.26416,-275.47696,1349.40234,206.46809,-312.67685,1167.54785,200.19522,-213.55344,1157.8761
220,1.825,273.84482,-276.17789,1349.50842,213.68407,-312.66742,1167.599,207.4711,-214.72563,1158.8313
221,1.833,280.59885,-277.96744,1350.04053,221.50432,-314.91391,1168.48926,213.38763,-217.08812,1158.12561
222,1.842,287.02133,-277.89633,1350.66833,227.77159,-316.23068,1168.92529,221.75706,-218.01758,1156.80713
223,1.85,293.66864,-279.44122,1351.46729,235.37634,-318.04367,1169.64099,229.63271,-219.2012,1157.3385
224,1.858,299.76221,-279.9964,1351.95569,242.21765,-319.17188,1169.76208,235.84633,-221.17493,1157.23926
225,1.867,306.13745,-280.65533,1352.19067,250.12737,-320.93719,1170.83545,242.076,-223.75627,1157.28479
226,1.875,312.09317,-281.55402,1353.13782,256.8432,-322.69485,1170.96033,250.37856,-223.25893,1158.13733
227,1.883,318.46619,-282.03635,1353.56116,263.43341,-323.87323,1171.75916,255.81989,-226.04137,1158.29883
228,1.892,325.12488,-281.81583,1353.88562,270.09097,-325.0032,1172.0033,258.65207,-226.19186,1159.3009
229,1.9,330.60733,-283.53201,1354.72522,276.43027,-326.45715,1172.72913,266.54364,-228.43822,1159.79846
230,1.908,336.40048,-283.33994,1355.34912,283.2142,-326.75238,1172.81494,272.26135,-228.37383,1159.83826
231,1.917,342.5722,-283.2916,1355.63708,289.19427,-327.13232,1172.9978,280.39886,-228.63876,1159.62219
232,1.925,348.50555,-284.40366,1355.82336,294.87613,-327.08673,1173.14124,287.16138,-229.66298,1161.07898
233,1.933,354.05862,-283.68625,1356.41931,301.70206,-327.59073,1173.50464,288.43192,-229.50125,1160.99854
234,1.942,360.22739,-283.47498,1356.75024,307.73883,-326.91333,1173.57642,295.80304,-230.28731,1160.63159
235,1.95,365.24738,-283.79114,1356.91406,313.87646,-327.14014,1173.4762,305.211,-228.40385,1159.88171
236,1.958,371.11371,-284.09366,1357.18628,319.62933,-326.25674,1172.72852,308.28079,-228.52756,1159.55017
237,1.967,376.74347,-282.94647,1356.51343,325.52573,-325.13324,1172.96936,315.49603,-227.936,1158.71423
238,1.975,381.60736,-283.06125,1356.0238,330.74072,-324.36362,1172.19238,322.57257,-226.4503,1159.34949
239,1.983,387.38583,-282.50772,1355.27124,336.54932,-323.31995,1171.07507,326.617,-225.33569,1158.59058
240,1.992,393.74533,-280.13077,1354.19849,342.60327,-322.39041,1170.02625,331.95724,-226.01671,1157.91479
241,2,397.27469,-281.57306,1353.98926,347.12439,-321.95105,1169.10571,337.33691,-224.99448,1157.33728
242,2.008,403.15289,-280.1178,1353.10608,353.89664,-320.93048,1168.09351,346.15549,-223.45949,1155.33301
243,2.017,409.31726,-279.90994,1352.01465,360.08118,-320.39468,1167.55176,351.22058,-223.13803,1155.61365
244,2.025,415.32108,-279.41672,1351.31335,366.86591,-319.35364,1166.13977,354.69891,-222.76772,1155.00488
245,2.033,419.98306,-278.62762,1350.56274,372.04846,-319.45737,1165.42957,362.57687,-222.37096,1153.45422
246,2.042,425.99625,-277.81345,1349.80457,379.02347,-318.36679,1164.79456,367.10022,-221.32977,1152.40515
247,2.05,430.58752,-276.09058,1348.9519,384.37866,-317.10464,1164.49255,374.93524,-220.94507,1151.896
248,2.058,437.59161,-274.96481,1348.36743,390.63037,-318.36874,1162.98596,376.82504,-221.38766,1151.50793
249,2.067,442.58865,-275.33282,1347.29651,396.21463,-317.5813,1163.15625,383.41223,-220.79999,1151.15283
250,2.075,447.927,-275.02124,1347.62427,403.02759,-316.64304,1162.96863,391.90079,-218.88928,1149.18152
251,2.083,454.0213,-273.66656,1347.38281,407.84763,-315.87515,1162.50867,395.68112,-218.23769,1148.53918
252,2.092,460.50363,-271.72836,1346.17822,413.31802,-315.11292,1162.58582,402.34711,-218.61931,1149.31714
253,2.1,465.28687,-271.78912,1346.55066,419.94254,-314.27432,1162.23499,404.95517,-219.74107,1147.94165
254,2.108,470.90933,-269.65289,1345.52173,423.86414,-313.59198,1161.79138,410.21286,-217.9839,1148.51184
255,2.117,475.19971,-268.83994,1345.19934,428.87396,-313.78226,1161.4043,416.06061,-216.67471,1147.8551
256,2.125,480.57617,-267.65826,1345.48999,433.18399,-312.56,1160.82996,420.08084,-215.94067,1148.5946
257,2.133,486.11142,-266.53839,1344.59949,437.64035,-311.4024,1160.4884,426.18079,-213.50381,1146.91162
258,2.142,491.59424,-265.12338,1344.39294,443.10196,-310.24564,1160.12585,430.29349,-212.97462,1146.05371
259,2.15,496.4733,-263.79761,1344.23242,447.19992,-307.83948,1159.95972,437.80872,-210.70819,1146.2229
260,2.158,502.19849,-262.09802,1343.48694,452.24762,-306.1532,1159.74939,440.02249,-209.76193,1146.45862
261,2.167,505.84796,-260.56921,1343.16443,456.07751,-305.12979,1159.00232,443.12555,-208.08214,1146.41174
262,2.175,511.78891,-259.32758,1342.14612,460.79156,-301.97638,1159.03638,451.33844,-206.06085,1145.78796
263,2.183,516.32153,-257.30734,1341.34204,465.08511,-300.67001,1157.91272,453.27652,-204.39445,1145.50659
264,2.192,521.25989,-255.47423,1340.52466,468.13736,-298.30774,1157.74927,458.95587,-201.63901,1143.94348
265,2.2,525.40204,-252.72655,1340.12537,473.05399,-295.74716,1156.53845,460.6265,-200.16934,1143.80017
266,2.208,530.29932,-250.8372,1339.39331,478.1524,-293.47952,1156.02112,468.33304,-196.97028,1143.71924
267,2.217,535.74414,-249.30275,1338.81128,480.8075,-290.95349,1155.35596,472.07993,-194.25464,1143.02075
268,2.225,540.17285,-247.272,1338.99036,485.86932,-288.80301,1154.87805,476.71155,-191.70558,1143.70557
269,2.233,544.50348,-244.68983,1338.19385,490.30872,-285.96921,1155.14807,479.41174,-191.28001,1143.87195
270,2.242,548.24384,-241.67679,1338.76331,495.28809,-284.08139,1155.42261,487.55945,-187.46446,1144.11743
271,2.25,552.44562,-240.15396,1339.3623,498.9657,-282.38541,1156.4209,490.35181,-185.43881,1144.17932
272,2.258,557.27899,-238.98317,1340.43811,504.40915,-280.31946,1157.3833,495.93585,-184.25047,1145.76233
273,2.267,561.99921,-237.22455,1341.38623,509.21597,-278.87115,1158.52527,501.50134,-182.78502,1147.1261
274,2.275,567.22925,-235.51294,1342.83899,512.78497,-277.68689,1159.97131,505.93118,-181.383,1148.07166
275,2.283,570.00647,-233.23521,1344.59302,517.17242,-275.13647,1161.59875,509.62497,-177.71089,1149.78491
276,2.292,575.81006,-231.84937,1346.85291,521.78613,-273.0806,1164.31787,519.0318,-176.14183,1151.22571
277,2.3,581.0553,-229.52354,1348.97388,525.61292,-273.31009,1166.30957,518.83887,-175.6024,1153.4425
278,2.308,586.53107,-227.62141,1350.35791,530.65393,-272.2012,1168.51892,523.64716,-172.79237,1155.47119
279,2.317,591.91248,-226.40036,1351.93689,535.20587,-269.56558,1170.65356,524.6228,-172.1833,1157.2616
280,2.325,596.96649,-223.78104,1353.3158,538.24969,-268.70782,1172.58252,531.99298,-169.20087,1158.31396
281,2.333,602.53833,-221.68979,1355.02502,542.5116,-266.1286,1174.61414,535.22162,-168.77716,1159.45215
282,2.342,607.31909,-220.15523,1356.17578,545.87823,-265.55051,1175.4574,537.80914,-167.28653,1161.68665
283,2.35,612.16272,-218.97151,1357.09338,549.6709,-262.93002,1177.54102,542.6936,-166.51584,1162.33679
284,2.358,617.0752,-216.44662,1358.22546,552.19672,-260.40677,1178.34497,546.88745,-163.67023,1164.45435
285,2.367,621.41534,-214.11989,1359.08032,556.33337,-259.6091,1179.50281,552.58337,-161.98712,1165.23938
286,2.375,624.69635,-213.21501,1359.68567,560.18152,-257.01282,1180.5033,554.70105,-160.36963,1166.70508
287,2.383,628.42999,-211.60609,1360.10522,562.72827,-255.1111,1181.03394,561.33636,-157.75621,1166.73535
288,2.392,634.23364,-210.11009,1360.3501,566.14972,-252.42029,1181.75806,563.5379,-154.18552,1166.64771
289,2.4,636.36871,-208.77634,1360.27869,569.61993,-250.15894,1181.60193,566.57788,-151.90205,1167.70789
290,2.408,640.66046,-207.35448,1360.87781,572.12067,-247.61487,1182.45129,571.87732,-149.70587,1168.04236
291,2.417,643.69952,-205.30167,1360.22217,575.1062,-245.01097,1182.06763,574.30334,-147.9537,1167.33923
292,2.425,647.06281,-202.58881,1360.1571,577.83936,-241.41418,1181.89844,579.86554,-145.48665,1168.31653
293,2.433,652.47644,-201.06898,1360.49072,581.41986,-239.90248,1181.73364,582.69958,-142.46437,1169.0603
294,2.442,655.77722,-199.37657,1360.05493,584.76672,-237.04962,1181.13135,585.52911,-139.314,1168.70178
295,2.45,659.38733,-199.0938,1360.33167,588.60754,-236.4894,1181.2583,593.16138,-137.79413,1168.84778
296,2.458,663.27191,-197.1394,1359.80713,592.43109,-234.0927,1181.16968,594.59106,-137.3419,1166.88513
297,2.467,668.11273,-196.65129,1360.01294,595.99432,-231.30637,1181.41089,600.46545,-135.09573,1168.53113
298,2.475,671.37115,-194.13503,1359.87268,600.6167,-229.90193,1180.91589,606.92694,-133.29726,1168.10376
299,2.483,676.32343,-192.8096,1360.31396,605.30719,-228.91948,1181.74194,607.9892,-132.4679,1167.8866
300,2.492,680.49176,-192.59482,1360.98096,609.8045,-228.14755,1181.50085,615.44806,-131.02953,1168.94836
301,2.5,685.22583,-191.00465,1361.03015,614.24872,-227.14027,1182.10681,615.19037,-130.41191,1169.12097
302,2.508,689.77734,-190.36095,1360.25208,617.89148,-227.44228,1182.50854,622.84235,-129.13567,1169.59155
303,2.517,694.60559,-189.88802,1360.89368,622.22565,-225.39066,1183.26062,626.00665,-128.34651,1170.6593
304,2.525,698.75299,-188.86765,1362.03284,626.49744,-225.6759,1184.23669,632.25604,-128.5939,1171.34204
305,2.533,703.20319,-188.05135,1362.37805,630.96179,-224.66269,1184.42664,636.74689,-128.60678,1171.401
306,2.542,706.95325,-187.5923,1362.85205,635.50208,-224.50377,1184.96899,641.33954,-127.94579,1170.35461
307,2.55,711.80389,-186.90141,1363.48718,639.94867,-224.61583,1185.53564,644.28107,-127.33173,1171.15771
308,2.558,717.11902,-187.01085,1363.31201,644.53607,-224.25896,1185.60425,648.12024,-126.68297,1170.99902
309,2.567,722.34387,-186.25145,1362.96106,649.29547,-223.82472,1186.30249,652.51123,-126.21417,1171.99805
310,2.575,727.59033,-185.70372,1363.50623,653.08215,-224.14417,1187.04358,655.76947,-125.11311,1172.26013
311,2.583,732.466,-185.00374,1363.35938,658.52191,-223.49034,1186.71741,663.06122,-125.57475,1172.4043
312,2.592,737.50458,-185.40591,1363.99182,662.23975,-223.35579,1186.98291,667.12927,-125.53341,1172.45374
313,2.6,741.14441,-184.63617,1363.76709,666.69568,-221.6671,1186.71765,672.00977,-125.64848,1172.66479
314,2.608,744.68701,-184.29419,1364.08679,671.94287,-221.53755,1186.65833,675.07617,-124.60239,1173.05615
315,2.617,751.88959,-184.11096,1362.74597,676.03992,-220.33519,1185.95093,679.36285,-123.02798,1173.12939
316,2.625,755.04547,-184.07153,1362.60669,680.75995,-219.51012,1186.31006,686.15814,-122.49397,1173.19116
317,2.633,760.32147,-183.68794,1362.21912,684.6485,-217.98923,1185.88025,688.56079,-121.50633,1172.34619
318,2.642,766.50977,-182.42009,1361.07007,689.81024,-215.89392,1184.58752,695.03131,-118.93405,1171.8446
319,2.65,770.11377,-182.93742,1360.41443,694.25568,-216.72501,1184.39734,699.04327,-118.76923,1170.76013
320,2.658,775.49261,-182.92859,1360.32251,698.68683,-216.7668,1183.76709,704.32941,-117.54929,1170.93811
321,2.667,781.41315,-182.13133,1359.5531,703.13293,-215.04401,1182.7832,708.28729,-117.85455,1170.31543
322,2.675,785.41217,-182.4097,1358.78223,709.03296,-214.42067,1181.65271,715.58563,-118.25297,1169.14331
323,2.683,790.77087,-182.85951,1357.97192,714.07092,-214.64491,1179.54712,720.88208,-118.214,1167.58618
324,2.692,796.00226,-182.62407,1356.66956,719.94354,-214.87631,1178.97314,728.59406,-117.38363,1167.45178
325,2.7,801.08472,-182.52478,1356.3479,724.79761,-215.81436,1178.54163,734.16571,-118.01434,1165.75696
326,2.708,806.85254,-183.3154,1354.42444,731.5033,-215.26257,1176.80396,738.66138,-118.81087,1165.69922
327,2.717,812.38995,-183.3141,1354.27246,736.88,-216.64783,1176.01379,743.21826,-118.69625,1164.07117
328,2.725,818.16229,-185.13924,1352.77222,743.88837,-217.35292,1175.28394,749.11182,-118.39117,1164.10632
329,2.733,823.22589,-185.09734,1351.6499,749.45959,-218.7298,1173.6012,755.34381,-121.21545,1161.99878
330,2.742,828.35602,-185.78717,1351.23608,756.02533,-218.71849,1173.36951,761.74872,-123.04369,1160.83899
331,2.75,834.32129,-186.16814,1350.39502,761.09271,-222.19144,1172.87708,765.4986,-123.5651,1159.84326
332,2.758,841.72375,-187.74411,1348.32703,767.72363,-222.63586,1171.56506,770.96167,-124.55818,1158.49365
333,2.767,846.34601,-188.47668,1347.93457,774.16565,-224.38991,1170.31177,777.43774,-126.38503,1156.64685
334,2.775,853.15845,-191.50287,1347.43274,780.52301,-226.06346,1169.0708,785.47858,-128.64546,1156.26782
335,2.783,859.28369,-191.46097,1345.2738,787.07007,-226.60817,1168.13281,789.1546,-128.97517,1154.14636
336,2.792,865.03815,-191.97165,1343.70288,792.45447,-228.90463,1167.16016,797.38379,-131.39102,1153.11914
337,2.8,871.08148,-193.91118,1342.85498,799.09064,-230.93196,1165.5929,801.25214,-131.84976,1151.70667
338,2.808,878.05292,-194.22122,1341.88696,804.92963,-231.496,1164.31519,808.59161,-132.99501,1151.67578
339,2.817,883.93536,-197.17662,1340.26404,812.5166,-231.0144,1163.98779,815.9519,-134.63853,1149.94885
340,2.825,890.19324,-197.69804,1339.495,818.10699,-232.74532,1161.36914,821.92615,-135.79669,1148.74316
341,2.833,896.14948,-199.12042,1338.04517,824.34644,-233.31261,1160.89673,826.82227,-135.77808,1148.06555
342,2.842,902.53979,-200.06477,1337.07471,830.81226,-234.69386,1158.88989,835.14197,-136.69255,1147.15527
343,2.85,910.41931,-200.6973,1335.81201,838.89246,-234.59006,1157.74084,840.98438,-137.68126,1145.86865
344,2.858,916.20313,-203.0947,1336.08667,844.55432,-235.33083,1157.4574,849.37561,-137.44388,1145.21643
345,2.867,922.5752,-203.0941,1335.34998,851.68591,-234.92996,1156.69189,855.49561,-137.62267,1143.91931
346,2.875,929.21136,-205.09155,1334.97363,859.18982,-236.51505,1155.86633,864.56061,-140.01262,1144.61218
347,2.883,935.42664,-205.63017,1335.00964,865.26422,-236.85843,1155.69666,869.50012,-138.54068,1145.40454
348,2.892,942.15125,-206.1075,1335.6571,872.48132,-236.56461,1155.12329,874.89569,-139.14488,1145.9408
349,2.9,948.5603,-208.1871,1336.21606,879.11438,-238.42317,1156.23303,883.74292,-142.01149,1146.6239
350,2.908,954.14441,-208.76697,1336.61401,887.53418,-239.41226,1155.95874,889.20056,-141.46713,1147.27246
351,2.917,962.04852,-210.87616,1337.84705,894.34528,-240.4713,1157.38013,894.48761,-140.62628,1147.92651
352,2.925,968.74915,-213.01363,1339.03918,901.57843,-241.61311,1157.23535,902.65289,-145.06467,1148.40845
353,2.933,973.96692,-214.73915,1339.73376,908.27472,-242.91998,1157.97107,910.44897,-145.13708,1149.76611
354,2.942,981.25464,-215.74484,1340.04114,916.43719,-244.99149,1159.20984,919.3139,-147.97401,1149.42554
355,2.95,987.94769,-216.57686,1341.16992,923.43628,-246.63461,1160.81982,925.52673,-147.77887,1151.5387
356,2.958,995.83734,-219.81784,1342.20642,931.62994,-248.9465,1160.61243,933.18738,-151.13123,1151.64514
357,2.967,1003.2406,-220.51971,1342.69885,938.52667,-251.782,1162.08618,937.7868,-152.59544,1152.9696
358,2.975,1009.58765,-222.94196,1343.26685,946.00336,-252.55583,1163.48462,947.07617,-154.48238,1151.95142
359,2.983,1017.14142,-224.05904,1344.22437,954.05103,-255.35815,1162.65039,953.24042,-157.16974,1152.66931
360,2.992,1024.6676,-226.45297,1345.03162,961.73114,-257.12064,1163.26831,962.1427,-159.89125,1152.69238
361,3,1031.96753,-227.17847,1345.26282,969.87372,-259.40674,1163.50684,968.42468,-161.95386,1154.33496
362,3.008,1039.68347,-228.38509,1346.00049,977.54083,-261.18704,1164.11182,977.22345,-163.40533,1153.77942
363,3.017,1047.16223,-230.1022,1346.51709,984.78925,-263.20016,1164.29529,982.50012,-165.18028,1154.13904
364,3.025,1053.13794,-230.08296,1346.2572,991.74133,-264.86087,1165.01379,988.67072,-165.92645,1154.83215
365,3.033,1060.94116,-232.79788,1346.96619,999.71179,-267.16888,1164.73035,995.36182,-168.98248,1155.56946
366,3.042,1068.07263,-232.78247,1347.01208,1005.37103,-268.13269,1165.00317,1002.34302,-170.10141,1156.39465
367,3.05,1075.05054,-232.17108,1345.67981,1014.32037,-269.18396,1165.81445,1010.375,-169.54651,1156.44739
368,3.058,1081.59412,-234.75323,1346.45605,1019.54535,-269.62225,1165.91309,1015.43402,-171.18344,1156.21191
369,3.067,1088.0769,-235.11084,1347.05151,1027.31409,-269.94257,1165.61243,1021.09296,-172.56425,1156.38586
370,3.075,1093.85852,-234.83138,1346.93787,1034.91003,-270.77875,1166.09973,1026.547,-171.49992,1156.82349
371,3.083,1100.01208,-235.42613,1347.97229,1040.422,-270.61624,1165.70239,1036.44189,-172.99405,1156.53296
372,3.092,1105.41052,-236.33113,1347.88525,1047.04382,-270.18277,1165.61987,1041.2843,-172.72932,1157.2019
373,3.1,1110.88843,-237.0211,1348.6449,1054.07349,-271.41693,1165.62878,1044.21545,-173.55615,1156.92285
374,3.108,1116.5437,-236.58353,1349.14099,1060.89551,-271.71448,1165.99597,1056.14417,-174.42935,1156.65344
375,3.117,1122.28662,-237.4554,1349.67859,1066.14014,-272.01501,1166.22937,1060.56482,-174.14061,1157.36316
376,3.125,1128.12317,-239.34953,1349.44519,1074.8905,-272.95166,1166.15686,1067.95654,-175.2574,1158.35315
377,3.133,1134.06702,-239.11816,1350.62305,1080.89795,-272.40424,1164.85046,1076.26208,-173.37589,1157.79395
378,3.142,1139.81348,-238.85347,1350.96692,1087.31396,-272.39389,1165.68262,1079.50293,-175.49403,1158.29163
379,3.15,1145.56104,-239.36017,1351.349,1092.70654,-273.80576,1167.15576,1091.40332,-173.87036,1155.5741
380,3.158,1151.19495,-240.48868,1350.64807,1101.23047,-274.60449,1165.86096,1093.75391,-176.4097,1156.71716
381,3.167,1157.30713,-240.40874,1351.08472,1106.31787,-276.00717,1165.83826,1097.21387,-179.37114,1156.79419
382,3.175,1163.55994,-240.74847,1351.94714,1112.66528,-275.39047,1166.37036,1105.00146,-179.64905,1157.73291
383,3.183,1169.68689,-241.32082,1351.50989,1119.62952,-278.06369,1166.5293,1108.21228,-180.56152,1157.19922
384,3.192,1175.72278,-242.59705,1352.99353,1125.89795,-278.52924,1167.03125,1118.71655,-179.57491,1156.62402
385,3.2,1182.5304,-241.75525,1351.39478,1131.65588,-278.97519,1167.65869,1121.745,-180.05054,1154.80273
386,3.208,1187.87744,-241.27719,1351.32068,1138.4187,-280.0368,1168.58826,1129.42017,-182.21626,1157.46326
387,3.217,1193.75476,-241.11398,1351.79712,1145.50879,-281.5672,1168.44189,1139.4585,-183.2365,1158.4314
388,3.225,1200.29321,-243.29886,1352.41772,1151.03601,-281.30356,1167.25452,1142.12964,-182.40079,1156.82703
389,3.233,1205.54541,-242.73334,1352.65125,1157.26062,-281.23389,1168.21582,1149.28796,-181.62097,1157.31958
390,3.242,1211.77734,-241.56258,1352.64844,1162.62158,-280.64233,1166.69861,1152.22131,-184.30545,1156.45532
391,3.25,1216.47058,-241.83266,1352.91028,1169.17041,-281.71817,1166.88171,1158.95569,-182.8835,1156.97754
392,3.258,1222.51062,-241.07878,1352.44714,1174.75098,-280.8187,1167.10266,1165.9093,-183.48953,1155.24768
393,3.267,1228.18958,-242.43773,1352.14465,1180.39063,-281.30444,1167.42358,1174.30225,-181.76779,1156.21997
394,3.275,1233.3905,-241.98859,1352.37231,1185.34961,-280.68472,1165.99634,1178.64233,-181.53328,1156.34229
395,3.283,1239.52734,-240.92992,1350.4646,1191.92224,-279.595,1165.84485,1179.10059,-182.91212,1155.72534
396,3.292,1244.66931,-240.65338,1350.30127,1196.8313,-277.91074,1165.31128,1187.32764,-180.81313,1155.06726
397,3.3,1249.62866,-240.23624,1349.77637,1201.91895,-277.4248,1163.80676,1193.22498,-180.19101,1154.6001
398,3.308,1254.59827,-238.31999,1349.1322,1206.33008,-275.82111,1163.17505,1195.97607,-179.89192,1152.49292
399,3.317,1259.49414,-237.9837,1348.14307,1212.39001,-275.50552,1162.21179,1208.90186,-176.98387,1151.97131
400,3.325,1264.89868,-237.06413,1346.30371,1217.91711,-273.52078,1159.96082,1210.07178,-176.95055,1151.41833
401,3.333,1269.05542,-236.03444,1345.7323,1223.22424,-270.80771,1158.76953,1212.51257,-175.4032,1150.42859
402,3.342,1274.79736,-235.41402,1345.06262,1226.98828,-270.88068,1158.40125,1221.27869,-175.52046,1148.5072
403,3.35,1280.00574,-233.87627,1344.53601,1234.57153,-269.95825,1157.07837,1227.15063,-173.33838,1147.60645
404,3.358,1286.14124,-233.90938,1343.64636,1239.57898,-270.16205,1156.24536,1229.64111,-173.84238,1146.09314
405,3.367,1290.92432,-231.67059,1342.60901,1246.22156,-268.68436,1156.24341,1238.48828,-172.5166,1146.1665
406,3.375,1296.48096,-230.82779,1341.61243,1251.06787,-269.47351,1155.43616,1243.15308,-171.69353,1145.93408
407,3.383,1302.10034,-230.43376,1340.96497,1257.13123,-268.07831,1155.19385,1245.15991,-171.10312,1144.35071
408,3.392,1307.28381,-230.22845,1340.90295,1262.43054,-268.38223,1155.3446,1254.7356,-169.53398,1144.02649
409,3.4,1313.42468,-229.42693,1340.52307,1268.73718,-266.59375,1154.12744,1261.52222,-169.48094,1142.02356
410,3.408,1319.11194,-226.88524,1339.7998,1272.72046,-266.71625,1153.31726,1261.52222,-169.48094,1142.02356
411,3.417,1324.43958,-226.83194,1339.15784,1279.78284,-265.51691,1152.93274,1272.4906,-168.60446,1141.47913
412,3.425,1330.40576,-225.6981,1338.72656,1283.97302,-265.76782,1153.41223,1273.58142,-168.2278,1141.11475
413,3.433,1335.8031,-224.76534,1338.19385,1289.99731,-265.55978,1153.28479,1273.86743,-169.70393,1141.06494
414,3.442,1340.4657,-223.1219,1338.849,1293.89502,-265.19641,1153.45251,1288.01709,-167.0144,1139.5957
415,3.45,1345.12769,-222.36186,1338.81494,1298.50574,-263.31299,1153.69287,1288.495,-166.9973,1139.37744
416,3.458,1351.61707,-221.33627,1338.48108,1303.45471,-262.90308,1153.94238,1290.06799,-166.60326,1138.7959
417,3.467,1357.01587,-220.06682,1338.36658,1308.37402,-261.65283,1153.65515,1296.82166,-165.07413,1140.23694
418,3.475,1362.63245,-217.90468,1337.04272,1314.4469,-262.74124,1153.1958,1305.37109,-163.00249,1140.95642
419,3.483,1367.59607,-217.04408,1336.8562,1317.60632,-259.56186,1152.55151,1309.47864,-161.6105,1139.72888
420,3.492,1373.46729,-216.04074,1337.06934,1322.12683,-256.19003,1153.91003,1311.96179,-159.92941,1139.776
421,3.5,1378.91614,-213.8441,1338.1842,1326.57043,-254.70572,1154.16772,1318.49695,-158.34084,1141.27502
422,3.508,1383.88672,-212.67105,1338.57776,1331.61096,-253.19128,1155.64343,1326.19336,-156.89912,1142.54456
423,3.517,1388.43848,-210.69849,1338.92297,1336.14819,-251.166,1156.2135,1330.8573,-155.74994,1143.31897
424,3.525,1394.35315,-209.54617,1339.48645,1340.57788,-249.46962,1156.65979,1333.87646,-150.83948,1145.86194
425,3.533,1398.88293,-207.72618,1340.63586,1345.97266,-247.45512,1159.04199,1339.12463,-149.96115,1146.8158
426,3.542,1405.35779,-205.12495,1342.36035,1349.63623,-244.50937,1158.86682,1348.28979,-146.16525,1149.15393
427,3.55,1410.22266,-203.75226,1342.14014,1354.36023,-240.21547,1160.30652,1349.94226,-143.53157,1149.60547
428,3.558,1415.71753,-199.78368,1342.65601,1358.46521,-238.32158,1160.88208,1354.69055,-141.32059,1150.22888
429,3.567,1420.74695,-198.74988,1343.70422,1363.00195,-236.75917,1161.85632,1359.39063,-140.22537,1151.85974
430,3.575,1425.85986,-196.65782,1344.05066,1367.04224,-235.71135,1162.33252,1362.95886,-136.73294,1152.40613
431,3.583,1430.85938,-195.03116,1345.052,1371.67847,-233.38515,1163.05017,1365.77551,-135.27972,1153.10278
432,3.592,1434.797,-193.14171,1346.05005,1375.3927,-231.60847,1163.87158,1373.29797,-133.72168,1153.18933
433,3.6,1440.06042,-191.66536,1346.26697,1379.63452,-228.98782,1163.97766,1374.65894,-132.50673,1153.63904
434,3.608,1443.63928,-191.39359,1348.84814,1383.52039,-227.87549,1165.31018,1379.30933,-128.58344,1154.44141
435,3.617,1448.28357,-190.31415,1349.19897,1385.78992,-224.97459,1167.26892,1385.39526,-127.44251,1155.67212
436,3.625,1452.33325,-188.40706,1351.25037,1391.07349,-225.68015,1167.64148,1389.2334,-125.91503,1156.30945
437,3.633,1456.36389,-187.94812,1352.03503,1396.37988,-224.98979,1169.48755,1393.78589,-126.75881,1155.33765
438,3.642,1460.34827,-185.94392,1352.06665,1401.40051,-224.70879,1172.31958,1398.52368,-123.84443,1156.547
439,3.65,1464.40076,-185.14775,1353.35522,1406.4342,-223.32491,1172.51929,1401.15466,-124.93893,1158.32617
440,3.658,1468.25781,-184.28676,1354.01453,1411.51245,-223.29459,1172.93262,1410.3822,-122.89325,1160.35364
441,3.667,1473.35095,-183.57599,1354.18713,1416.44568,-222.3938,1173.22021,1412.68958,-124.23842,1159.47791
442,3.675,1478.1073,-183.41621,1353.65857,1420.94421,-221.52716,1173.77405,1419.89014,-122.15073,1159.86047
443,3.683,1483.32373,-181.12965,1354.30212,1419.95154,-219.95834,1173.53528,1418.71985,-119.2981,1159.45911
444,3.692,1487.06372,-180.0378,1353.68164,1421.77917,-215.93742,1173.51843,1420.81201,-118.65039,1159.89282
445,3.7,1491.89783,-179.8208,1353.60474,1424.63269,-214.7122,1174.85046,1432.35388,-120.60605,1161.96997
446,3.708,1497.82373,-178.9791,1353.57471,1428.25354,-213.50777,1174.66296,1434.4231,-119.63192,1162.69275
447,3.717,1501.17456,-176.94339,1353.79468,1433.33215,-212.05359,1174.65454,1435.46057,-114.59801,1162.60852
448,3.725,1505.16614,-176.05385,1354.25195,1436.69922,-211.87599,1175.54407,1436.62439,-113.07501,1162.82446
449,3.733,1509.55774,-174.82845,1354.50195,1440.26917,-209.58121,1175.75342,1443.90479,-111.29446,1162.92529
450,3.742,1513.25842,-173.87915,1354.29407,1444.01636,-208.68858,1175.60645,1445.06836,-109.76888,1163.14282
451,3.75,1517.422,-173.28352,1355.43225,1447.91956,-206.58305,1176.04285,1452.36523,-107.98199,1163.2439
452,3.758,1521.53223,-171.30571,1355.28064,1452.82556,-205.57234,1176.73572,1454.40784,-106.67685,1164.25928
453,3.767,1525.05298,-171.19412,1355.49878,1452.23047,-201.45026,1176.66785,1459.10413,-104.83037,1163.16492
454,3.775,1528.62341,-169.26033,1355.64868,1456.46191,-198.21581,1177.04053,1464.14026,-104.30476,1165.07007
455,3.783,1532.49084,-168.42009,1355.98132,1460.18835,-197.01759,1177.26917,1471.479,-102.50659,1165.17322
456,3.792,1535.77588,-167.58452,1356.4198,1464.97742,-196.2095,1174.3512,1475.63525,-101.12045,1163.92847
457,3.8,1540.96155,-167.42276,1356.67615,1469.99951,-195.82533,1175.48108,1479.14246,-100.05267,1164.42383
458,3.808,1544.57068,-166.20029,1357.08801,1473.52612,-194.88335,1175.3645,1481.40613,-100.02495,1165.05908
459,3.817,1548.53955,-165.78355,1357.44922,1478.3208,-193.83855,1175.55273,1488.67529,-97.2257,1167.50732
460,3.825,1553.92786,-164.979,1357.9032,1482.46155,-193.1452,1176.13965,1491.06006,-97.01106,1166.41223
461,3.833,1558.35901,-165.89938,1357.16711,1486.39673,-193.32538,1176.89063,1498.5968,-95.94176,1165.06079
462,3.842,1563.56555,-163.93939,1357.37451,1492.59497,-194.50488,1177.29407,1499.86694,-95.70982,1167.11841
463,3.85,1568.77393,-164.28017,1357.2771,1498.34705,-195.37677,1177.25977,1507.06433,-96.5492,1167.19641
464,3.858,1572.65955,-163.40092,1356.78174,1501.51941,-195.74643,1177.97229,1513.42053,-97.71355,1166.58337
465,3.867,1578.25354,-164.76608,1357.34766,1507.14868,-194.92296,1178.38147,1515.9021,-96.54219,1166.02344
466,3.875,1583.6062,-164.85869,1356.81372,1510.08679,-194.16336,1178.85828,1521.40601,-98.90157,1165.70813
467,3.883,1587.64819,-164.46202,1356.02356,1514.39465,-193.58856,1179.01294,1524.50842,-98.79544,1166.67615
468,3.892,1592.98193,-163.57426,1357.78967,1520.76868,-195.33453,1178.94629,1529.77515,-97.30552,1166.61816
469,3.9,1597.18396,-162.79341,1357.75024,1525.50586,-196.39491,1179.15344,1535.82642,-99.16541,1167.42444
470,3.908,1602.64319,-165.07884,1357.70886,1528.66956,-196.63737,1178.22791,1538.04272,-98.83173,1167.58862
471,3.917,1606.89856,-164.50179,1357.71521,1534.57239,-195.62537,1178.70703,1544.078,-99.06268,1167.56982
472,3.925,1613.04175,-165.93071,1357.34082,1538.25305,-195.47998,1178.99719,1548.58252,-99.10361,1167.81287
473,3.933,1618.19287,-165.42682,1356.88843,1542.07007,-195.49422,1178.07654,1553.24121,-98.41291,1166.27539
474,3.942,1623.72766,-165.93672,1355.89441,1549.32971,-195.9422,1178.07178,1558.86157,-97.97405,1164.5033
475,3.95,1629.64429,-167.20068,1355.29272,1554.99976,-197.24438,1177.86365,1562.64575,-97.87581,1163.56018
476,3.958,1634.18506,-166.27008,1354.58313,1559.79993,-196.94566,1176.26392,1570.52466,-97.61916,1163.49219
477,3.967,1639.82007,-167.32112,1353.27185,1564.90967,-196.1454,1175.00085,1573.72815,-98.09978,1164.09412
478,3.975,1645.18884,-167.28911,1352.61377,1568.86719,-196.08133,1174.16003,1578.80603,-99.43715,1163.41992
479,3.983,1650.13647,-166.77611,1350.89966,1574.34729,-194.37764,1174.24609,1584.84985,-97.45172,1163.72192
480,3.992,1656.14014,-167.80453,1349.88953,1579.35474,-194.24231,1173.22803,1591.54431,-98.10894,1162.28174
481,4,1662.89697,-169.0614,1349.59692,1586.84216,-197.3718,1171.18518,1599.25439,-97.38023,1161.33081
482,4.008,1668.01855,-169.14841,1348.22925,1592.56787,-197.25014,1168.54272,1604.93311,-100.23112,1159.85059
483,4.017,1671.43835,-167.82384,1347.12512,1597.71021,-196.53827,1168.78394,1608.02661,-99.89796,1159.74194
484,4.025,1677.42017,-168.78514,1346.30688,1603.25842,-195.9597,1167.91675,1614.59448,-99.51842,1158.62744
485,4.033,1684.28027,-172.50687,1345.85889,1610.44568,-199.98259,1167.70337,1623.28101,-103.03738,1156.39539
486,4.042,1689.84326,-174.65558,1343.70569,1616.86304,-199.16243,1166.89343,1627.90186,-104.50545,1155.39771
487,4.05,1696.04919,-175.76875,1345.0531,1625.58691,-206.06778,1162.87402,1633.53394,-104.83458,1155.06104
488,4.058,1702.65344,-176.99466,1343.7561,1630.51807,-205.27249,1163.2627,1642.23438,-107.89955,1153.33167
489,4.067,1708.07654,-177.06476,1343.04297,1635.77808,-204.78845,1162.4436,1646.68188,-107.76743,1152.09875
490,4.075,1714.604,-179.29024,1343.52026,1644.80823,-208.80684,1163.26453,1651.48303,-110.65269,1151.85645
491,4.083,1720.71362,-180.46149,1343.24512,1649.23755,-209.72697,1162.37878,1657.63684,-113.13747,1151.75806
492,4.092,1726.96643,-184.29872,1341.81616,1659.04565,-214.92128,1161.66345,1663.73303,-112.71049,1151.16907
493,4.1,1733.4917,-185.46138,1340.92834,1663.99805,-213.91542,1161.54114,1672.20715,-116.93748,1149.43896
494,4.108,1740.50549,-186.92288,1340.97412,1671.02039,-216.95093,1159.64124,1677.47498,-118.356,1147.32263
495,4.117,1746.03821,-187.86298,1340.37183,1677.77112,-217.7216,1158.35437,1684.74768,-122.3509,1146.47522
496,4.125,1753.65088,-190.56526,1339.41687,1684.86316,-218.2803,1159.39514,1690.02991,-122.96574,1147.59949
497,4.133,1761.1825,-192.85263,1339.41296,1694.03601,-223.95035,1159.63049,1701.09802,-125.87825,1148.67371
498,4.142,1767.55908,-193.91756,1341.84595,1699.755,-223.53113,1159.62024,1708.26648,-125.61197,1149.13916
499,4.15,1774.69629,-194.8826,1341.32593,1706.89417,-225.54576,1159.87317,1713.46509,-126.26563,1149.28833
500,4.158,1781.85181,-196.57307,1342.41699,1714.73584,-226.61615,1160.17029,1721.67725,-129.79385,1149.94141
501,4.167,1788.50891,-197.5475,1341.93774,1721.59717,-225.51787,1162.04553,1726.19202,-130.43585,1151.26624
502,4.175,1795.43701,-197.86946,1344.17407,1729.34912,-229.82796,1161.75952,1737.92444,-130.27888,1154.25818
