Frame#,Time,R.Shank.x,R.Shank.y,R.Shank.z,R.Ankle.x,R.Ankle.y,R.Ankle.z,R.Ankle.Medial.x,R.Ankle.Medial.y,R.Ankle.Medial.z
1,0,-1358.45923,-100.83521,296.79333,-1542.21472,-122.81227,164.88557,-1504.72705,-43.9316,147.96819
2,0.008,-1345.56995,-100.92351,298.40649,-1525.25549,-122.83898,160.40477,-1486.55444,-43.16082,145.71478
3,0.017,-1332.81458,-102.45547,299.42197,-1509.07556,-122.52972,156.08057,-1467.97131,-42.89861,141.04518
4,0.025,-1317.24255,-103.13313,300.53543,-1487.30811,-123.31151,152.47258,-1448.24487,-44.23667,138.7072
5,0.033,-1302.84131,-103.21193,301.54312,-1468.58557,-122.69264,148.35207,-1430.14795,-45.0036,135.27579
6,0.042,-1290.3457,-103.57625,302.04648,-1451.02124,-123.97814,144.07695,-1412.09314,-46.21416,132.76276
7,0.05,-1275.77405,-106.04061,302.30096,-1431.73816,-125.55299,140.49055,-1392.45911,-45.5502,129.47235
8,0.058,-1262.5636,-106.88954,303.11319,-1410.02173,-124.69222,133.2289,-1373.03516,-46.00694,126.65156
9,0.067,-1249.87646,-106.45527,302.43643,-1392.78027,-125.04313,128.10313,-1353.48596,-46.09243,122.56068
10,0.075,-1235.49109,-108.4259,303.06775,-1375.1781,-126.16862,123.61696,-1333.73083,-47.22849,118.41698
11,0.083,-1223.05981,-109.8927,302.69205,-1354.39758,-126.9224,117.76004,-1314.26514,-47.63453,116.02159
12,0.092,-1211.51709,-111.88179,302.53143,-1334.71204,-128.49402,112.24451,-1293.81311,-49.23112,111.35022
13,0.1,-1199.52124,-113.17733,301.29474,-1314.64282,-129.78705,106.71835,-1274.77307,-49.87936,107.63168
14,0.108,-1187.65918,-113.66979,300.46921,-1294.75415,-131.16333,100.77129,-1253.18091,-51.4491,103.10083
15,0.117,-1176.42358,-115.63488,299.74475,-1273.17273,-133.47649,94.92525,-1232.40137,-53.51213,100.70641
16,0.125,-1165.23206,-116.45592,298.8461,-1253.68787,-135.21109,90.42177,-1214.13306,-55.26434,97.05402
17,0.133,-1155.13562,-118.65702,297.33426,-1233.50378,-136.94218,85.39079,-1193.31177,-57.73169,92.49635
18,0.142,-1145.40247,-118.95362,295.99323,-1214.02722,-140.25569,81.30471,-1173.19653,-61.09042,89.63552
19,0.15,-1135.13647,-123.0992,295.21729,-1195.47119,-141.20328,76.98163,-1155.82031,-62.36346,86.92673
20,0.158,-1125.94446,-123.22028,293.83035,-1176.58459,-143.23941,73.81725,-1137.09155,-64.43718,85.39654
21,0.167,-1117.6676,-125.02422,292.18353,-1159.44287,-146.08968,70.15987,-1120.88367,-66.09,83.91154
22,0.175,-1109.92639,-126.14193,291.21991,-1143.57214,-148.7197,68.38641,-1106.13708,-69.24402,82.49568
23,0.183,-1101.43311,-127.60024,289.82413,-1127.82019,-151.06587,66.90733,-1091.55176,-71.40291,81.55815
24,0.192,-1095.32373,-128.80103,288.35934,-1115.89038,-152.70647,64.98698,-1079.90967,-71.122,80.66242
25,0.2,-1088.87048,-129.30867,287.66699,-1103.00049,-154.18071,63.9707,-1069.98645,-72.71387,78.93922
26,0.208,-1083.52673,-129.19212,286.56732,-1092.70496,-155.3027,62.84204,-1060.65674,-72.10202,79.21723
27,0.217,-1078.62122,-128.5537,285.84256,-1083.68079,-156.3945,61.94159,-1052.81299,-72.81586,77.27922
28,0.225,-1074.73621,-127.41212,284.9519,-1077.15833,-155.89143,60.41615,-1047.7196,-73.95029,75.13475
29,0.233,-1071.65857,-125.886,283.27533,-1071.85999,-156.16393,58.7062,-1043.9325,-72.58608,74.22387
30,0.242,-1068.77942,-124.53679,280.48929,-1068.6499,-155.43509,55.12568,-1040.43481,-72.22691,72.33748
31,0.25,-1067.30164,-124.78725,277.85742,-1068.0343,-154.94775,52.3037,-1039.49292,-71.46923,68.55183
32,0.258,-1066.19739,-122.86602,274.7735,-1068.81799,-153.7119,49.22951,-1039.08252,-70.15639,66.28008
33,0.267,-1064.96362,-123.04733,271.60208,-1070.83826,-152.1075,45.66544,-1040.92773,-69.35404,61.83432
34,0.275,-1063.96533,-122.0615,267.577,-1073.58691,-151.04665,41.73749,-1044.61157,-68.1145,58.19064
35,0.283,-1062.27368,-121.86302,263.69431,-1076.75989,-148.73688,38.95577,-1045.61816,-66.65411,55.02541
36,0.292,-1059.448,-122.35046,261.1564,-1074.43018,-146.84601,42.02891,-1040.85974,-66.25646,55.96746
37,0.3,-1055.31934,-123.84379,261.51715,-1067.70935,-150.40199,43.83057,-1035.14294,-64.65948,55.16297
38,0.308,-1052.69336,-126.14745,263.51532,-1064.58557,-150.78114,42.88598,-1033.18909,-64.83166,53.05364
39,0.317,-1050.74683,-126.03757,264.13318,-1064.91235,-149.95168,41.09942,-1035.65576,-65.03815,54.40436
40,0.325,-1048.5896,-126.35644,264.42209,-1066.24011,-148.14803,41.29565,-1035.54297,-65.00015,54.66516
41,0.333,-1046.47375,-127.16435,264.38037,-1066.72424,-149.40738,43.17125,-1033.97083,-65.35194,54.53019
42,0.342,-1044.62634,-127.32788,264.24173,-1066.01782,-151.11307,43.44595,-1034.27209,-66.44276,54.48834
43,0.35,-1042.36597,-127.89937,264.40009,-1065.61658,-150.97302,42.47838,-1034.72156,-67.12743,54.51142
44,0.358,-1040.55237,-129.05562,264.42706,-1065.85693,-150.96115,42.23537,-1034.65027,-67.21142,54.63673
45,0.367,-1039.74658,-129.27406,264.44931,-1066.15295,-151.18088,42.2179,-1034.7467,-67.21009,55.47879
46,0.375,-1038.6886,-128.20909,264.10141,-1065.75598,-151.82924,42.48683,-1034.31641,-67.46927,55.70183
47,0.383,-1036.32666,-127.80057,264.08356,-1065.72461,-151.77893,42.54654,-1034.31641,-67.46927,55.70183
48,0.392,-1035.08472,-128.85321,264.16745,-1065.53735,-151.66779,42.46176,-1034.31641,-67.46927,55.70183
49,0.4,-1033.36609,-131.56915,263.78906,-1065.6543,-151.51849,42.63351,-1034.31641,-67.46927,55.70183
50,0.408,-1031.51501,-131.9588,263.52457,-1065.72461,-151.77893,42.54654,-1034.26575,-67.591,54.9905
51,0.417,-1029.07385,-133.58205,263.69125,-1065.52795,-151.32118,42.66665,-1034.26575,-67.591,54.9905
52,0.425,-1026.89941,-134.94931,263.94476,-1065.35632,-151.06647,42.68248,-1034.21985,-67.47045,54.85987
53,0.433,-1025.73071,-135.01001,263.79825,-1065.11316,-150.90912,42.49206,-1034.21985,-67.47045,54.85987
54,0.442,-1023.69727,-135.80963,263.7514,-1065.00879,-150.7627,42.51188,-1033.52844,-67.29111,54.60312
55,0.45,-1021.28961,-137.44589,262.71252,-1065.0697,-150.54147,42.1279,-1033.36182,-68.09588,54.28917
56,0.458,-1020.38458,-137.47783,262.65323,-1064.85376,-150.61795,42.14842,-1033.3728,-68.22298,54.38649
57,0.467,-1018.30072,-138.78186,262.27454,-1064.65686,-150.6954,42.12492,-1033.10217,-68.23388,54.28614
58,0.475,-1016.40479,-139.18153,261.7998,-1064.65686,-150.6954,42.12492,-1033.10217,-68.23388,54.28614
59,0.483,-1015.09656,-139.79483,261.39828,-1064.65686,-150.6954,42.12492,-1033.10217,-68.23388,54.28614
60,0.492,-1013.65784,-140.78094,261.40564,-1064.51111,-150.56319,42.14243,-1033.10217,-68.23388,54.28614
61,0.5,-1012.25824,-142.11678,261.13922,-1064.47632,-150.55222,42.13488,-1032.84729,-68.11455,54.38394
62,0.508,-1009.97388,-143.01524,260.22424,-1064.71143,-150.51012,42.2599,-1032.14856,-67.91473,54.55265
63,0.517,-1008.87061,-143.74214,259.29776,-1064.48816,-150.20715,41.96603,-1032.63708,-68.24185,54.41632
64,0.525,-1007.49622,-145.87535,259.47058,-1064.43396,-150.16595,41.99261,-1032.63708,-68.24185,54.41632
65,0.533,-1005.58942,-145.59735,259.01776,-1064.34607,-150.29712,41.93341,-1032.39026,-68.255,54.41417
66,0.542,-1003.16608,-145.33249,258.55621,-1064.14148,-150.30696,41.85241,-1032.28723,-68.60449,54.54529
67,0.55,-1001.97186,-145.85847,258.13861,-1064.07935,-150.20728,41.74399,-1032.21606,-68.68855,54.67067
68,0.558,-999.89264,-147.75418,258.26657,-1063.90039,-150.04549,41.67327,-1032.07727,-67.99874,54.67804
69,0.567,-998.26343,-147.65707,258.23358,-1063.90039,-150.04549,41.67327,-1032.4303,-69.26563,54.28506
70,0.575,-997.04138,-146.83624,257.86642,-1063.87488,-149.82587,41.76334,-1031.97437,-68.34821,54.80915
71,0.583,-995.4527,-146.88499,257.3494,-1063.57227,-149.75575,41.85567,-1032.01978,-68.27888,54.44825
72,0.592,-993.52087,-146.28909,256.69681,-1063.67456,-149.66943,42.0542,-1032.0011,-68.44276,54.45323
73,0.6,-990.78711,-145.71313,256.79764,-1063.32458,-149.70273,42.23605,-1031.73779,-68.22801,54.65838
74,0.608,-989.88062,-145.60271,256.49954,-1062.73694,-149.55772,42.63406,-1031.4519,-68.16814,54.59383
75,0.617,-988.76831,-145.55986,255.81248,-1063.52112,-149.83243,42.3122,-1031.56494,-68.10179,54.41716
76,0.625,-986.44928,-144.88216,255.42383,-1063.0791,-149.47598,42.8222,-1031.6781,-68.03532,54.24057
77,0.633,-985.07697,-144.82884,255.82393,-1062.83704,-149.76428,42.97735,-1030.56653,-67.00592,55.28151
78,0.642,-983.07849,-144.47729,255.63196,-1062.31079,-149.48187,42.89302,-1030.73145,-66.69064,54.86554
79,0.65,-981.15027,-143.94104,255.26001,-1061.81714,-149.16931,43.01628,-1030.85413,-66.72939,54.89526
80,0.658,-979.5047,-142.73763,255.18643,-1062.13049,-148.85701,43.40907,-1029.28857,-66.72784,54.464
81,0.667,-977.6189,-142.79541,254.23653,-1062.26001,-147.93779,42.92456,-1031.87354,-64.9464,52.81695
82,0.675,-975.0387,-142.03366,253.07552,-1061.57397,-148.33078,43.88205,-1030.69556,-64.78955,53.20193
83,0.683,-973.40057,-141.40732,252.4492,-1061.90759,-148.40823,44.15757,-1030.7749,-64.3222,53.05555
84,0.692,-971.85901,-141.15512,251.98849,-1061.89819,-148.10123,44.52616,-1030.7749,-64.3222,53.05555
85,0.7,-969.3194,-140.89351,251.52249,-1061.8064,-147.97757,44.8495,-1030.08118,-64.57428,54.02199
86,0.708,-967.68909,-140.49835,251.46246,-1061.5708,-148.09637,45.1044,-1030.08118,-64.57428,54.02199
87,0.717,-965.43628,-141.20982,251.4864,-1061.45203,-147.85818,45.48323,-1030.2041,-65.81244,55.16951
88,0.725,-964.49127,-140.1967,251.63219,-1061.38318,-147.91704,45.90932,-1030.53333,-64.39978,54.25164
89,0.733,-962.72241,-139.36995,250.62643,-1061.729,-147.66171,46.72934,-1030.49353,-64.12554,54.67929
90,0.742,-962.20612,-138.76805,250.8541,-1061.20825,-147.53197,47.14843,-1030.27124,-64.84605,55.05514
91,0.75,-958.82104,-138.76572,250.18796,-1061.27893,-147.74078,47.53912,-1029.87146,-64.71064,56.22101
92,0.758,-957.37854,-138.6633,250.25957,-1060.89563,-147.92497,48.42118,-1029.33472,-64.54871,56.30394
93,0.767,-956.24347,-138.28822,250.12822,-1060.55994,-147.16833,49.11177,-1028.74524,-63.8513,56.93113
94,0.775,-954.4054,-138.70645,249.97987,-1060.2605,-147.14828,49.32684,-1028.12463,-63.86442,57.17407
95,0.783,-951.7179,-139.07684,249.50858,-1060.0293,-146.99672,49.96624,-1027.84448,-63.91523,57.42881
96,0.792,-950.32465,-139.80621,249.7692,-1059.68103,-147.52673,50.73072,-1026.97375,-64.00399,57.16983
97,0.8,-948.21564,-138.39479,249.34244,-1059.49792,-147.54901,51.67526,-1026.89343,-63.67437,57.30444
98,0.808,-947.20587,-137.60245,249.03143,-1059.72131,-147.23521,52.25042,-1026.3678,-64.09042,57.45259
99,0.817,-944.32117,-138.4052,249.13878,-1059.36108,-146.89742,52.81918,-1025.61743,-65.05299,57.49755
100,0.825,-942.08691,-138.14,248.87212,-1058.88403,-147.13092,53.9375,-1025.66907,-64.5707,58.35451
101,0.833,-940.37329,-137.79547,248.4942,-1058.44983,-146.87892,54.78313,-1025.36646,-64.16207,59.35602
102,0.842,-938.42554,-138.00432,248.21104,-1058.30847,-146.8868,55.93757,-1024.51782,-64.26283,60.24057
103,0.85,-935.19873,-139.02602,247.95508,-1057.5249,-147.53764,57.50228,-1024.87537,-63.62601,61.27413
104,0.858,-933.21619,-137.57175,248.09074,-1057.57971,-147.76779,58.38632,-1024.07446,-65.06942,62.35416
105,0.867,-930.21765,-137.86414,247.39261,-1057.2821,-147.78531,59.20924,-1023.39764,-65.54717,63.30049
106,0.875,-927.59863,-139.03285,246.75087,-1056.23486,-148.37979,60.27083,-1023.25409,-65.07018,64.63811
107,0.883,-924.42328,-139.02887,247.06705,-1055.9386,-148.61517,62.34422,-1023.12701,-64.72617,65.28053
108,0.892,-922.08832,-139.29184,246.39064,-1055.16895,-149.55389,63.71845,-1022.8299,-65.16505,66.22762
109,0.9,-918.54749,-139.19099,246.86975,-1054.77771,-149.74113,65.54142,-1021.73279,-65.89323,67.5833
110,0.908,-914.84052,-138.98106,246.52792,-1053.99426,-149.82938,67.65269,-1021.58844,-65.83007,69.29519
111,0.917,-910.9292,-139.26022,246.52838,-1053.22925,-150.43649,69.39048,-1021.68781,-66.82533,70.3485
112,0.925,-906.79706,-139.40121,246.39124,-1052.08044,-150.86641,71.83014,-1020.04529,-66.92561,72.49942
113,0.933,-902.75018,-139.59308,245.38557,-1050.71887,-151.33163,74.68191,-1019.38922,-67.50862,74.77913
114,0.942,-897.94086,-139.37167,246.13634,-1049.5603,-151.97264,77.15485,-1016.20172,-68.49176,76.72419
115,0.95,-892.82037,-139.15228,246.47989,-1047.35022,-152.18594,80.11816,-1015.67139,-68.45755,78.65236
116,0.958,-887.69702,-140.06387,246.25479,-1046.09314,-152.56187,83.9088,-1013.80267,-69.18937,82.2188
117,0.967,-882.50067,-139.23628,247.22778,-1043.23877,-154.13878,88.33931,-1010.32648,-70.36426,84.43997
118,0.975,-875.75574,-139.63986,247.18532,-1040.6731,-154.20441,92.49678,-1007.539,-70.73838,89.16422
119,0.983,-868.08411,-139.37579,247.49916,-1036.78162,-154.39093,96.81249,-1003.76776,-70.41426,93.50346
120,0.992,-859.6825,-140.01836,248.80484,-1033.50818,-155.8566,102.50516,-998.33026,-71.3039,96.48862
121,1,-851.11395,-141.26819,250.19637,-1028.21021,-157.39983,109.22064,-994.32703,-72.22049,102.32814
122,1.008,-841.64325,-141.56375,251.07619,-1022.6463,-157.03658,114.54646,-988.2558,-73.1318,107.61794
123,1.017,-831.44604,-144.82756,252.64427,-1016.46259,-156.05647,120.66081,-981.17273,-73.90865,111.4371
124,1.025,-820.50647,-146.50578,253.82144,-1009.05554,-156.5152,126.5365,-973.00049,-74.16478,117.02834
125,1.033,-810.27527,-146.92393,254.95705,-1001.18555,-155.70395,131.81834,-964.82202,-75.03572,121.29285
126,1.042,-798.56531,-149.2522,255.47726,-992.35327,-155.7401,137.50911,-954.70898,-75.40657,125.92286
127,1.05,-786.59003,-149.70726,256.92825,-983.0022,-156.42964,142.68823,-944.89728,-77.34402,130.2804
128,1.058,-774.64716,-151.05873,257.62427,-973.75275,-156.838,148.36678,-936.08105,-76.76288,134.94412
129,1.067,-763.50305,-150.62347,259.5329,-963.63367,-158.19897,153.35606,-927.34271,-77.16116,140.45009
130,1.075,-751.94739,-149.70642,261.4216,-953.3576,-158.64919,159.15131,-918.3017,-76.66663,146.38931
131,1.083,-738.76367,-150.58018,263.63153,-942.66907,-159.0946,164.46544,-908.98291,-75.87674,153.01683
132,1.092,-726.6123,-149.12201,265.87671,-931.29858,-158.45709,169.72398,-897.07593,-77.087,156.90118
133,1.1,-714.388,-147.77286,268.05072,-919.4494,-158.11459,174.74486,-885.65442,-76.55795,160.32762
134,1.108,-701.0473,-147.45151,270.84341,-907.20905,-158.33392,178.90163,-873.7691,-76.58784,164.28194
135,1.117,-686.90338,-144.3145,273.64038,-894.57172,-158.97168,182.9767,-859.92798,-76.53579,167.04849
136,1.125,-672.78271,-145.08098,276.78043,-881.38171,-158.58969,186.50645,-847.02441,-77.51816,168.95613
137,1.133,-659.19397,-143.11018,278.60849,-867.44672,-158.75018,188.97298,-833.4375,-77.90846,171.70779
138,1.142,-644.9234,-143.25749,281.19656,-853.54431,-158.35689,191.20972,-819.65784,-77.4467,173.76752
139,1.15,-631.55841,-142.27223,283.2778,-839.22778,-158.78963,192.88634,-805.46252,-78.56017,174.12393
140,1.158,-615.54657,-143.28006,285.80438,-824.36945,-158.79637,193.91885,-790.58258,-78.26672,174.95787
141,1.167,-602.00293,-143.90196,287.71829,-809.14276,-159.00383,194.77515,-774.27802,-78.82979,175.1649
142,1.175,-588.58197,-144.1274,288.2146,-793.42938,-159.04588,193.88335,-759.78583,-77.54937,176.01418
143,1.183,-573.54047,-144.88911,290.44147,-777.2262,-159.50177,193.59709,-743.08051,-79.30394,175.32771
144,1.192,-558.78265,-145.83681,291.82574,-761.27203,-159.78429,192.03767,-726.87317,-79.86462,173.4222
145,1.2,-543.46124,-146.03735,293.71783,-744.70703,-159.87383,191.25755,-710.2486,-79.83225,172.84167
146,1.208,-528.98212,-146.01404,294.59177,-727.61096,-160.91595,189.38202,-693.63837,-80.69465,171.06129
147,1.217,-513.82886,-146.12923,295.9198,-710.08325,-160.99321,186.87407,-675.70453,-80.18297,169.09694
148,1.225,-498.51361,-146.17482,298.50583,-693.0415,-161.44589,184.08345,-658.38721,-80.42512,166.59981
149,1.233,-482.93561,-146.18782,300.17297,-675.42242,-161.4024,180.9043,-641.9201,-80.82844,164.72835
150,1.242,-468.33279,-146.19713,301.13177,-657.16956,-162.31714,177.44719,-621.54565,-81.35349,161.46275
151,1.25,-453.15994,-146.24342,302.16559,-639.0835,-162.63715,173.3313,-601.62708,-82.4415,158.8978
152,1.258,-438.65384,-146.67426,303.26794,-620.26483,-162.98552,168.79984,-580.1283,-83.81659,155.40649
153,1.267,-422.87976,-146.5426,303.88339,-602.52039,-164.06549,165.91122,-564.16504,-85.18744,151.38609
154,1.275,-408.98575,-146.95244,304.8551,-582.51483,-165.52394,160.85805,-544.19092,-84.7377,148.19269
155,1.283,-395.72177,-146.5567,304.98895,-563.44299,-166.0692,156.34746,-524.15649,-86.97131,143.58156
156,1.292,-378.4173,-146.71558,305.79706,-543.98022,-166.47215,150.92241,-504.03052,-85.4948,140.02818
157,1.3,-364.28931,-147.1109,305.51685,-524.09418,-168.08751,145.36934,-484.93399,-87.53839,135.91379
158,1.308,-351.8093,-147.86119,305.52072,-503.96143,-168.57442,139.62384,-464.36472,-87.6656,131.62718
159,1.317,-336.11362,-148.62318,306.02356,-483.91718,-169.65187,134.9182,-444.93744,-88.16438,128.26555
160,1.325,-322.52649,-150.10799,305.21997,-463.36075,-171.12399,128.70555,-424.69409,-90.45747,123.7534
161,1.333,-309.77936,-150.78908,305.16763,-442.27747,-172.37761,123.03531,-404.34827,-90.30819,119.59138
162,1.342,-296.39896,-152.03123,304.94861,-421.36371,-173.12836,116.1118,-384.00748,-92.01207,115.88986
163,1.35,-283.40372,-152.52695,304.22528,-401.02216,-175.90791,111.09322,-362.58612,-93.46769,112.03934
164,1.358,-270.63895,-153.73247,303.27084,-379.76233,-176.74901,105.32718,-342.86102,-94.16178,107.71172
165,1.367,-258.99329,-155.29053,302.25912,-359.40625,-178.34363,99.7878,-321.42072,-95.2145,103.67505
166,1.375,-246.79788,-155.94522,301.62659,-338.73026,-179.62036,95.13981,-301.85526,-97.01374,100.64999
167,1.383,-234.94577,-156.65778,300.71356,-318.64563,-181.80174,90.51871,-283.10559,-99.84863,97.01342
168,1.392,-224.71161,-157.53969,299.64417,-298.53137,-183.27327,85.99297,-262.48312,-101.40263,94.61477
169,1.4,-214.70987,-159.05385,298.25217,-280.46237,-186.05414,82.15581,-243.78854,-104.44871,90.3419
170,1.408,-205.70761,-161.85971,297.47327,-261.42426,-187.80359,78.58733,-227.49098,-105.722,88.52176
171,1.417,-196.19002,-163.761,296.2099,-245.40965,-189.57292,75.4204,-209.62697,-108.14941,86.23138
172,1.425,-188.4454,-165.38591,294.22049,-229.48798,-191.63901,72.93377,-195.13676,-109.77193,84.05102
173,1.433,-180.21028,-166.00919,293.28171,-215.50941,-193.4218,71.49802,-180.74307,-111.25498,83.29617
174,1.442,-172.8817,-166.99492,291.33353,-201.22929,-194.32855,68.27151,-167.96382,-111.9439,81.75362
175,1.45,-166.2636,-168.27995,290.50928,-189.37842,-195.44009,66.32228,-156.55762,-112.91154,80.17148
176,1.458,-159.97343,-168.47241,288.43579,-178.8203,-195.705,64.68274,-146.42874,-113.00461,79.20705
177,1.467,-155.38852,-169.17191,286.92209,-169.34666,-195.66919,62.73452,-137.46626,-112.1833,78.19115
178,1.475,-148.8732,-167.41434,285.57031,-161.16519,-195.27362,60.76061,-129.3685,-112.15132,76.94454
179,1.483,-145.35628,-167.62766,284.5491,-154.12476,-195.41048,58.61705,-124.41367,-111.61891,76.13862
180,1.492,-140.71388,-166.39314,282.26895,-149.57019,-194.6788,57.21947,-118.19204,-110.43581,73.52866
181,1.5,-138.26666,-166.321,280.44037,-145.07681,-194.28571,54.69243,-114.94361,-110.32546,71.79534
182,1.508,-135.53784,-165.76392,277.78894,-142.1382,-193.2458,51.42205,-112.07587,-110.71901,68.98286
183,1.517,-134.05806,-164.49063,275.03888,-140.93472,-191.65666,49.13584,-110.70197,-109.63032,65.41763
184,1.525,-130.92528,-164.68344,271.44174,-141.04509,-191.5602,46.48345,-110.85698,-109.44147,62.96954
185,1.533,-128.77429,-164.60052,268.61707,-139.73535,-191.20972,47.5001,-108.68489,-108.12022,62.40267
186,1.542,-124.68678,-165.49458,267.638,-137.0938,-191.24718,49.38743,-104.35254,-108.69231,61.52681
187,1.55,-121.20313,-167.7374,268.39117,-135.11263,-193.00932,49.82287,-102.9518,-106.9416,60.59485
188,1.558,-118.92715,-167.27832,269.8175,-134.70383,-192.34668,49.0005,-103.92463,-107.55515,59.65876
189,1.567,-116.99146,-167.92506,270.78342,-135.65457,-191.52501,49.10117,-104.77709,-108.07615,61.65237
190,1.575,-114.46013,-168.3773,271.49545,-136.37447,-191.28133,49.34667,-104.3595,-108.74283,61.42639
191,1.583,-112.96108,-168.45567,271.76062,-135.27789,-191.97023,49.54267,-104.38964,-108.78484,61.58167
192,1.592,-110.4498,-169.6947,272.03821,-134.69481,-192.65977,49.42784,-104.73457,-108.9817,61.85431
193,1.6,-107.69946,-170.59914,272.35278,-134.74214,-192.54796,49.08045,-104.73457,-108.9817,61.85431
194,1.608,-105.97072,-170.02533,271.65112,-134.66782,-192.842,49.2747,-104.73457,-108.9817,61.85431
195,1.617,-104.33288,-170.56216,270.92984,-134.64571,-193.08621,49.49332,-104.7083,-109.11998,62.06289
196,1.625,-101.59258,-171.01158,270.44528,-134.64571,-193.08621,49.49332,-104.73457,-108.9817,61.85431
197,1.633,-100.75595,-170.96739,270.41782,-134.52318,-192.66255,49.30114,-104.73457,-108.9817,61.85431
198,1.642,-99.0097,-171.58914,270.62756,-134.54524,-192.41835,49.08252,-104.73457,-108.9817,61.85431
199,1.65,-96.53416,-172.86311,270.41873,-134.58862,-192.5451,49.34896,-104.71004,-108.86849,61.74728
200,1.658,-94.93539,-174.7375,269.98343,-134.54524,-192.41835,49.08252,-104.63249,-109.04538,61.36458
201,1.667,-93.09936,-175.7628,269.85352,-134.18916,-192.69664,49.01283,-104.52203,-109.05528,61.36196
202,1.675,-91.01401,-177.61955,269.48206,-134.10344,-193.02156,49.08355,-104.3903,-109.36172,60.84278
203,1.683,-89.52768,-178.95792,269.67575,-133.97141,-193.13522,49.08933,-104.40475,-109.42107,61.80296
204,1.692,-87.56705,-180.40625,269.21588,-133.97478,-192.96124,48.94728,-103.986,-109.79842,61.65172
205,1.7,-87.16315,-180.30203,269.20129,-133.99457,-193.09627,48.91854,-103.89046,-109.92019,61.75269
206,1.708,-84.52712,-180.97588,269.08289,-133.97478,-192.96124,48.94728,-103.82455,-109.68211,61.5289
207,1.717,-84.54183,-180.42068,269.72797,-133.95273,-193.20546,49.16593,-103.82455,-109.68211,61.5289
208,1.725,-81.4986,-182.65791,268.16095,-133.97478,-192.96124,48.94728,-103.77521,-109.61827,61.46262
209,1.733,-80.37973,-182.78775,266.95142,-133.84189,-193.01886,49.05562,-103.55198,-109.68759,61.52126
210,1.742,-79.0825,-183.61629,267.12231,-133.84189,-193.01886,49.05562,-103.47844,-109.79558,61.62466
211,1.75,-76.93011,-184.76572,267.30994,-133.84189,-193.01886,49.05562,-103.02994,-109.47339,61.50076
212,1.758,-75.6069,-185.41818,266.32404,-133.48901,-192.95056,49.25342,-102.62732,-109.89504,61.25043
213,1.767,-73.78828,-186.31615,267.04437,-133.72998,-192.69594,48.22431,-102.62732,-109.89504,61.25043
214,1.775,-72.637,-186.37288,266.3808,-133.33456,-193.12189,49.42492,-102.24488,-109.45554,61.4635
215,1.783,-70.56693,-186.92442,266.46429,-132.71524,-192.95857,50.1035,-101.80869,-109.55759,61.7285
216,1.792,-68.97477,-187.14067,265.57806,-132.95741,-192.71715,49.2404,-102.26127,-110.45477,60.58782
217,1.8,-69.08688,-187.02715,266.0303,-132.81267,-192.47211,49.10981,-101.81959,-109.35173,61.54429
218,1.808,-65.91682,-188.73448,265.38266,-132.43105,-192.58694,49.24857,-102.40655,-110.49255,61.47839
219,1.817,-64.01287,-187.84874,264.81784,-132.46419,-192.5235,49.32565,-101.80869,-109.55759,61.7285
220,1.825,-63.17878,-187.47694,264.74316,-132.40729,-192.6579,49.16462,-102.40655,-110.49255,61.47839
221,1.833,-61.74829,-186.82581,264.22403,-132.2614,-192.49797,49.6977,-102.44301,-110.31503,61.33686
222,1.842,-60.13422,-187.38197,264.04697,-131.98999,-192.11903,49.69355,-101.80869,-109.55759,61.7285
223,1.85,-60.50743,-186.92783,263.86292,-131.81645,-192.05292,49.57879,-101.53776,-109.1642,61.80261
224,1.858,-56.63153,-185.73123,264.24741,-131.5585,-191.90129,49.8534,-101.48701,-108.18564,61.47319
225,1.867,-52.55135,-185.57474,264.44461,-131.60422,-192.04266,50.52126,-101.30902,-107.90693,61.28944
226,1.875,-53.11834,-185.18033,263.89301,-131.90715,-191.29558,49.8765,-98.9938,-109.11169,62.47676
227,1.883,-50.56429,-183.9668,263.44357,-131.14873,-191.32387,51.31555,-101.04202,-108.56934,60.18372
228,1.892,-48.76993,-183.31964,262.44324,-131.05225,-191.23517,51.33318,-101.5275,-107.29987,64.1911
229,1.9,-47.65602,-183.42651,262.15756,-130.95375,-191.01772,51.60621,-100.9445,-107.22871,64.77144
230,1.908,-45.74417,-184.07779,262.06879,-130.97256,-190.23431,51.96829,-98.23676,-105.93993,64.32992
231,1.917,-47.00492,-182.00636,261.35364,-131.03136,-189.91129,52.2593,-101.80525,-106.33606,62.72284
232,1.925,-41.71294,-182.58519,260.77869,-131.50137,-189.36787,52.21404,-98.11832,-107.90067,65.0436
233,1.933,-39.82892,-182.04143,260.07437,-131.06512,-189.23351,52.63223,-101.60597,-106.09336,62.96161
234,1.942,-41.8142,-181.10506,260.36511,-131.23361,-189.16051,52.70343,-98.56642,-105.84364,62.54574
235,1.95,-39.97703,-180.91093,260.36819,-130.93837,-189.31978,53.23212,-98.5545,-105.22851,63.24408
236,1.958,-37.35598,-179.63651,260.07263,-130.94667,-189.10603,53.51226,-98.43272,-104.68565,63.23193
237,1.967,-34.39399,-181.53581,259.05057,-130.42499,-188.90524,54.02116,-98.43272,-104.68565,63.23193
238,1.975,-33.23214,-182.6091,258.85324,-130.08891,-188.95761,54.64425,-98.51093,-103.243,62.42041
239,1.983,-31.52866,-182.44974,258.14444,-129.80957,-188.99176,54.96639,-98.17595,-104.85059,63.32093
240,1.992,-29.49081,-183.3324,258.21429,-129.61983,-189.17375,55.14933,-98.17595,-104.85059,63.32093
241,2,-28.0678,-183.78036,258.3027,-129.66228,-189.0103,55.57276,-97.50665,-104.52278,63.41006
242,2.008,-26.82243,-182.9718,257.56097,-129.46165,-188.88281,56.45005,-97.20946,-104.59262,63.62034
243,2.017,-24.40164,-182.44798,257.57126,-128.99579,-188.79311,56.91011,-97.20946,-104.59262,63.62034
244,2.025,-22.63396,-182.41341,257.61102,-129.241,-188.43163,57.25248,-96.98457,-105.25905,63.96987
245,2.033,-22.90334,-179.97293,257.63916,-129.14586,-188.35753,58.25243,-96.50948,-105.10695,64.80715
246,2.042,-21.30494,-179.73909,257.34937,-128.52765,-187.98677,58.80475,-96.09157,-105.0741,65.06585
247,2.05,-18.82077,-180.16255,256.72406,-128.45209,-188.17769,59.98357,-96.22525,-104.89614,65.42878
248,2.058,-16.54751,-178.86388,255.97145,-128.09775,-188.37466,60.53115,-95.75243,-105.10227,65.78208
249,2.067,-12.99614,-180.8017,255.3488,-127.90887,-188.31007,61.42318,-95.27908,-104.58711,65.89183
250,2.075,-12.41527,-179.80748,255.74873,-128.24681,-188.49741,62.05311,-95.36333,-104.37199,66.9051
251,2.083,-8.5768,-181.83125,255.94084,-127.75044,-188.31465,62.9838,-95.59163,-105.04121,67.74856
252,2.092,-6.30064,-181.03345,254.97884,-127.12447,-188.6133,64.23471,-94.66261,-105.00068,68.37825
253,2.1,-3.68783,-181.07738,255.0827,-126.82255,-188.38467,65.10654,-93.78896,-105.42347,69.06097
254,2.108,-1.72733,-181.64386,254.22244,-126.46564,-188.33276,66.19671,-93.30022,-105.54666,69.69798
255,2.117,1.55493,-181.79642,254.98413,-125.50383,-189.00742,68.11819,-93.00024,-106.00859,69.94624
256,2.125,4.3492,-180.47292,253.72818,-125.30375,-189.01714,69.37314,-92.33688,-105.94006,71.51184
257,2.133,7.67145,-181.38309,254.12173,-124.47003,-189.46295,70.36907,-92.22408,-105.56487,73.96964
258,2.142,11.10451,-181.65262,254.16048,-123.91876,-189.96599,72.60085,-91.70586,-105.88807,75.09562
259,2.15,13.41934,-181.50597,253.98294,-123.54622,-189.71971,74.0966,-91.08926,-106.4185,75.78986
260,2.158,17.15349,-181.83124,254.61676,-122.76927,-190.67613,75.97686,-90.19192,-106.32644,76.94618
261,2.167,21.15747,-180.61165,254.72763,-121.12997,-191.37575,78.37277,-90.29636,-107.94439,78.47807
262,2.175,24.43579,-181.18739,254.62387,-120.48935,-191.9366,80.67868,-87.71066,-108.45428,80.60922
263,2.183,29.40784,-179.43265,254.55019,-119.56101,-192.01228,83.72768,-85.99368,-108.94199,82.32014
264,2.192,33.66831,-180.5519,254.94629,-117.52659,-192.26289,86.34628,-84.97218,-110.38431,84.48053
265,2.2,38.41908,-179.53752,255.52171,-115.04488,-193.11511,90.00934,-83.43411,-110.30554,87.98059
266,2.208,42.64029,-179.13678,256.72778,-113.76732,-193.63461,94.01651,-80.02622,-110.85663,91.22363
267,2.217,49.4749,-179.24823,256.92093,-110.38113,-193.63618,97.8278,-78.96931,-110.69196,94.26013
268,2.225,56.15399,-178.75072,258.30984,-108.17004,-193.64618,102.5586,-74.92651,-110.60488,99.23568
269,2.233,64.18362,-182.17288,258.76395,-104.4584,-193.62367,107.54859,-70.60108,-109.22236,102.48197
270,2.242,70.56768,-180.3593,260.14456,-100.90471,-193.94089,112.44524,-64.77308,-110.84067,106.58467
271,2.25,80.08549,-181.58617,261.53531,-96.1728,-193.5914,118.87328,-58.47808,-111.20274,110.70362
272,2.258,88.09418,-185.57074,262.80151,-90.79542,-192.52631,124.20859,-53.79611,-111.91218,115.25407
273,2.267,97.94048,-186.70865,264.31866,-85.39014,-192.31512,129.86243,-46.46836,-111.60441,119.88206
274,2.275,107.13617,-188.33122,266.5744,-78.46561,-191.8949,135.70134,-38.85324,-111.95826,124.31615
275,2.283,117.73962,-189.23203,266.17194,-69.53782,-190.63591,140.06352,-30.89114,-111.8525,128.83377
276,2.292,128.52559,-189.89975,267.02261,-63.73103,-191.92622,146.41116,-23.13176,-111.82235,133.45683
277,2.3,139.09973,-190.2715,268.40674,-55.6166,-192.2357,151.3495,-13.86374,-113.22079,137.00198
278,2.308,150.15712,-190.87367,269.6344,-47.24853,-192.91083,156.5719,-6.61445,-112.86862,142.19759
279,2.317,161.57724,-190.88974,270.93982,-37.79888,-193.21442,162.17366,2.20687,-112.5434,147.65469
280,2.325,171.88902,-190.36588,272.84131,-28.23461,-193.28371,166.88464,11.14861,-112.21577,152.81566
281,2.333,183.52682,-189.24757,274.97916,-15.94513,-192.50664,170.953,18.75066,-112.3333,157.05296
282,2.342,194.76411,-185.89908,276.69885,-6.48736,-193.05211,176.70055,29.70189,-111.91684,161.38593
283,2.35,205.34801,-183.37801,280.11533,4.45222,-192.84676,181.30548,40.25334,-112.08698,165.04138
284,2.358,220.9933,-182.85863,281.73508,15.62097,-193.98701,185.29892,52.03977,-112.35099,168.4492
285,2.367,231.46838,-180.67877,285.32666,26.78964,-193.54097,189.31242,63.57851,-112.12652,171.08301
286,2.375,246.61153,-180.93219,287.18961,39.03344,-193.86858,192.72557,75.75492,-112.34221,172.99173
287,2.383,259.04062,-180.43086,288.75595,53.23734,-193.3268,195.2076,88.18735,-112.92437,175.11238
288,2.392,272.23221,-180.80415,290.66702,66.16212,-193.86432,197.64691,102.23739,-114.15677,176.97549
289,2.4,285.39035,-180.56447,292.68985,79.8482,-193.62296,198.6519,114.73432,-113.70248,177.62038
290,2.408,299.99426,-180.73447,294.64917,94.24445,-194.42766,199.9445,129.71059,-114.39105,178.38895
291,2.417,314.21078,-180.5856,296.60626,107.66098,-195.74422,200.44325,143.74551,-114.73836,178.44727
292,2.425,327.39023,-179.91167,297.45969,122.92246,-194.55383,200.57802,158.70848,-116.38274,178.98235
293,2.433,338.27295,-181.22058,299.0834,137.71283,-196.18985,201.18263,173.80537,-115.50256,179.38412
294,2.442,354.6264,-183.58665,301.61337,153.51918,-197.34404,200.28529,189.02428,-117.15189,178.56746
295,2.45,369.05368,-183.03325,302.81799,169.9593,-198.20363,198.43741,204.95488,-117.62203,176.52841
296,2.458,383.71783,-183.50479,304.26202,184.71487,-198.99231,197.10391,220.61945,-119.20146,175.29613
297,2.467,397.55222,-182.83958,305.41931,202.5164,-198.86459,193.77434,237.29439,-118.7495,173.33989
298,2.475,412.93961,-182.35759,307.40533,218.3914,-200.54097,192.2607,251.61029,-119.42004,172.12341
299,2.483,427.30206,-182.21535,308.30875,236.12613,-201.18329,189.49007,273.17764,-121.72985,168.8242
300,2.492,441.23215,-181.04211,310.01041,254.58644,-200.36911,185.63945,289.55087,-123.52055,167.33029
301,2.5,455.91025,-180.20279,310.82635,271.6976,-201.79791,183.11606,305.10352,-121.617,164.4528
302,2.508,470.9455,-180.23981,312.13412,288.72906,-202.35066,179.38632,324.09518,-123.47694,161.94791
303,2.517,484.1268,-179.92741,313.03656,307.28265,-202.51176,175.39301,344.74149,-123.0054,157.90498
304,2.525,498.94659,-178.60483,313.41739,325.54477,-202.55823,170.75659,361.09085,-123.56197,155.90216
305,2.533,513.25122,-178.93573,314.12427,343.40286,-203.34827,166.95671,379.12692,-123.49226,151.83698
306,2.542,527.03009,-177.57765,314.92169,362.81079,-204.22011,162.13286,399.33984,-122.66872,148.75449
307,2.55,541.47949,-178.1515,315.73187,382.15021,-203.5826,157.39539,418.47922,-122.64963,144.20468
308,2.558,554.17889,-177.12622,316.12656,399.71442,-204.7001,151.81879,437.14297,-122.74336,141.32903
309,2.567,567.30518,-175.98004,316.35089,419.95285,-204.06418,146.16194,455.82388,-122.02422,136.7867
310,2.575,580.68842,-175.72847,316.00079,440.10022,-203.12202,140.81117,474.35733,-122.16671,133.7205
311,2.583,593.25598,-175.47878,315.49652,459.4639,-202.89072,134.32735,495.13644,-121.50563,128.77899
312,2.592,605.74054,-175.02739,314.94284,479.29926,-202.52666,129.83327,513.94147,-117.04719,125.62041
313,2.6,616.62463,-173.25375,314.2876,499.55353,-202.25504,122.81697,535.25793,-118.70408,121.36442
314,2.608,629.47296,-173.63538,313.33612,520.07367,-201.3688,117.2054,553.43671,-118.12913,117.70233
315,2.617,640.97876,-173.47606,312.2269,539.23474,-200.29898,111.82882,573.96198,-117.19398,113.01
316,2.625,651.66876,-172.77864,311.02121,558.74713,-199.07483,106.21782,593.17322,-117.38077,109.69864
317,2.633,662.40558,-172.15495,309.76471,577.95197,-198.45865,100.97129,611.83136,-115.34438,106.70386
318,2.642,672.85468,-171.46809,307.77328,596.76807,-197.41943,96.26698,630.76398,-116.54317,103.29904
319,2.65,683.00958,-171.46953,306.3942,615.00977,-196.47021,91.62124,648.58594,-114.99987,99.67733
320,2.658,692.05957,-170.9933,305.14789,632.69733,-196.18199,87.95174,665.59875,-113.50683,98.50336
321,2.667,700.42084,-170.07605,303.03973,649.32953,-196.04857,84.65043,682.14044,-113.12791,94.71709
322,2.675,708.23975,-169.83429,301.40277,666.22009,-194.60463,81.54133,698.86871,-112.10812,93.58884
323,2.683,716.80359,-169.01378,300.73383,682.01184,-193.44559,78.56685,713.50287,-111.34489,91.83836
324,2.692,724.22101,-167.98943,299.64703,695.8847,-192.35823,76.47149,727.23779,-110.09486,91.02832
325,2.7,730.79218,-167.80435,298.20206,708.36377,-189.9108,74.01467,739.28143,-106.85594,91.06705
326,2.708,737.26721,-166.94508,296.62061,721.32947,-188.8524,72.40945,751.78827,-104.07661,90.50879
327,2.717,741.79102,-165.65717,295.44235,732.01361,-187.4032,70.4948,761.80066,-103.71927,88.99566
328,2.725,747.51831,-164.89662,294.21393,741.42499,-186.06238,68.78806,771.39441,-102.70616,88.02355
329,2.733,751.8205,-165.06709,293.03763,748.32318,-185.65392,67.02724,778.3407,-101.69653,86.67814
330,2.742,756.11835,-163.8645,290.02475,755.13007,-185.06326,64.70484,784.60132,-101.16776,85.29058
331,2.75,759.69769,-163.10286,289.12006,759.61816,-184.72083,62.37517,789.17841,-100.82768,82.86372
332,2.758,762.43579,-162.74013,286.1586,762.01788,-183.65219,60.27769,791.85596,-100.75175,80.56798
333,2.767,764.86725,-162.58826,283.01633,763.3783,-183.1227,56.81493,793.4054,-100.47456,76.43613
334,2.775,767.72198,-162.0311,279.69592,761.32788,-181.57985,53.36851,792.2674,-98.07861,73.93375
335,2.783,769.70209,-162.02023,276.08786,760.13525,-180.85634,51.04694,791.09143,-97.8571,68.77917
336,2.792,773.24841,-159.9819,272.88632,761.73981,-179.82039,52.14021,794.45825,-95.77809,68.19416
337,2.8,778.42548,-160.07054,271.87311,765.90826,-178.58186,53.85553,800.1214,-94.48748,68.88316
338,2.808,781.90552,-160.64247,272.92935,770.76813,-181.18582,54.48892,801.67462,-93.03479,66.51569
339,2.817,784.76208,-158.70938,274.95325,771.5484,-179.8015,52.95551,800.78888,-93.21429,66.41032
340,2.825,786.87579,-156.60339,275.74033,770.45532,-178.42932,52.9381,799.65839,-94.17155,67.4692
341,2.833,790.02362,-156.6414,275.95874,769.89215,-178.1651,54.55054,801.03833,-93.56797,67.16088
342,2.842,793.93347,-157.44601,276.46924,770.35144,-178.92212,55.19844,800.62042,-94.41943,66.86081
343,2.85,796.79498,-158.16586,276.67413,771.34912,-179.55801,54.30287,800.396,-94.80672,67.80054
344,2.858,800.3139,-158.38153,276.62582,771.41388,-179.60098,53.52362,800.4693,-94.83521,67.45961
345,2.867,803.44635,-157.8829,276.27222,771.4328,-179.34705,54.0914,800.34534,-94.60487,66.95847
346,2.875,805.29602,-158.18951,275.93695,771.54889,-179.55069,54.27113,800.2774,-94.1641,66.65638
347,2.883,808.17657,-157.06033,275.62906,771.68347,-180.53296,54.70895,800.57184,-94.7298,66.08602
348,2.892,810.43665,-155.62286,274.87726,771.63605,-180.22253,54.88739,800.16858,-95.13128,65.73722
349,2.9,812.0141,-157.34547,275.29388,771.9837,-179.02789,54.64938,800.56635,-94.69668,65.95736
350,2.908,813.77972,-158.36392,274.47162,772.11322,-178.80794,55.43183,801.40955,-93.2958,66.00364
351,2.917,815.65192,-161.62859,274.93631,772.32343,-178.6427,54.68869,800.92163,-95.0672,65.11852
352,2.925,818.66162,-161.93028,274.71194,772.19489,-178.50435,54.72942,800.92163,-95.0672,65.11852
353,2.933,820.11609,-162.30301,274.26425,772.4472,-178.30406,54.94357,801.42438,-94.44727,65.28799
354,2.942,821.81787,-163.70731,273.62366,772.50372,-178.72694,55.05685,801.81494,-94.43945,65.89563
355,2.95,823.92365,-164.98134,273.27255,772.57013,-178.7236,55.07208,801.44238,-94.76353,65.47422
356,2.958,825.25482,-165.86929,273.06714,772.57013,-178.7236,55.07208,802.08075,-94.64995,65.52078
357,2.967,827.14703,-166.52827,272.52573,772.47424,-178.30681,54.85568,802.17688,-94.89354,65.75999
358,2.975,828.59192,-166.61066,272.15976,772.47424,-178.30681,54.85568,802.25824,-94.74207,65.63304
359,2.983,830.12152,-166.8299,272.12799,772.47424,-178.30681,54.85568,802.22363,-94.72807,65.33208
360,2.992,831.83942,-167.56747,271.66574,772.47424,-178.30681,54.85568,802.40106,-94.82018,65.44436
361,3,833.7157,-166.09618,271.3808,772.57013,-178.7236,55.07208,802.40106,-94.82018,65.44436
362,3.008,835.75317,-165.61221,270.77097,772.599,-178.64343,55.10283,802.47882,-93.74699,65.11653
363,3.017,837.05585,-166.90782,270.35529,772.79376,-178.62843,55.11926,802.87408,-93.68726,65.17931
364,3.025,839.83746,-167.6895,269.76294,773.04242,-178.3615,55.10331,802.68048,-93.59621,65.05723
365,3.033,841.31641,-167.83742,269.79681,773.11975,-178.01811,54.64675,803.21082,-93.91555,64.35782
366,3.042,842.86023,-167.99799,269.91568,773.16284,-177.7606,55.42496,803.25696,-93.61071,64.578
367,3.05,845.79492,-168.73643,269.30795,773.39478,-177.65639,55.27639,804.24249,-92.32121,65.96407
368,3.058,846.43597,-168.42946,268.63309,773.27045,-177.43333,55.04825,804.17828,-92.0434,66.15968
369,3.067,849.13495,-168.65179,268.02057,773.83667,-177.30461,55.18832,803.84967,-93.43546,64.96517
370,3.075,851.20221,-168.62651,267.76752,774.10052,-177.21642,55.41429,803.84967,-93.43546,64.96517
371,3.083,852.18793,-169.05275,267.36487,772.91718,-178.31425,55.34806,803.84967,-93.43546,64.96517
372,3.092,853.6723,-168.32509,267.0575,774.18835,-177.18192,55.33712,804.77679,-93.2301,65.30585
373,3.1,853.67908,-167.6738,266.03677,774.25238,-177.07451,55.51812,804.77679,-93.2301,65.30585
374,3.108,857.35846,-166.73038,266.45508,774.09033,-176.9124,56.0282,804.97302,-93.29556,65.15749
375,3.117,858.6203,-166.4695,266.85736,774.18469,-176.88341,56.17698,805.94684,-91.64838,66.09482
376,3.125,860.54889,-165.74208,266.48444,774.38947,-176.92368,56.46819,805.64886,-91.83692,65.56845
377,3.133,862.04297,-165.5163,266.20416,774.76996,-176.79524,56.52694,807.02643,-91.98514,66.02494
378,3.142,862.73462,-165.40886,265.89084,775.32758,-176.32066,56.54172,807.17041,-91.2515,65.29266
379,3.15,863.00183,-165.64075,265.65836,774.68652,-176.74791,57.14312,805.93982,-91.65099,65.53255
380,3.158,862.5556,-164.73077,265.15994,775.04706,-176.36015,57.078,804.13458,-90.77586,65.98582
381,3.167,864.59113,-165.04877,264.30478,775.22791,-176.36946,57.30374,806.19977,-91.58864,65.34493
382,3.175,866.38934,-165.46429,265.07544,775.32788,-176.37476,57.72663,806.50977,-91.85715,65.33622
383,3.183,867.34485,-164.67186,263.81915,775.14136,-176.29276,57.78424,806.40692,-91.99245,64.94234
384,3.192,868.17944,-164.172,263.86938,775.16779,-176.21034,57.88445,806.11346,-91.99856,64.81727
385,3.2,868.77014,-164.1823,263.23557,775.61578,-175.8465,58.0596,806.05505,-91.66831,64.91156
386,3.208,870.65979,-163.93854,263.57275,775.54248,-175.76337,58.30473,806.10229,-91.82188,64.75986
387,3.217,871.82312,-163.22076,263.64218,776.15857,-176.17917,58.6121,806.26917,-91.87251,64.78255
388,3.225,873.4671,-163.22583,263.17499,775.53674,-175.48216,58.86428,806.26917,-91.87251,64.78255
389,3.233,874.875,-162.63686,262.89874,775.44995,-175.18619,59.31042,806.24512,-91.68534,64.64924
390,3.242,876.05585,-163.97688,261.86926,775.50397,-174.81642,59.43232,806.39716,-91.60757,64.924
391,3.25,877.98615,-163.54956,261.81787,775.84485,-173.88992,59.85883,806.67389,-91.61561,65.08035
392,3.258,880.27283,-163.24301,261.66721,775.90778,-173.69136,59.97874,806.67389,-91.61561,65.08035
393,3.267,879.7561,-160.33656,262.13779,775.90204,-173.47366,61.0062,807.56104,-91.52345,64.88448
394,3.275,881.90271,-160.56491,261.75848,775.75446,-173.36653,61.55442,807.47913,-91.13507,64.88219
395,3.283,884.06885,-159.33151,261.67789,775.67725,-173.325,62.25596,808.07269,-90.76138,65.00164
396,3.292,885.68561,-159.0883,261.11502,775.86987,-173.19453,63.34084,808.38568,-90.55811,65.29029
397,3.3,889.18134,-159.5484,260.04581,776.42798,-172.41838,63.75471,809.77795,-89.78799,65.72886
398,3.308,890.58722,-159.02837,259.68521,776.34918,-172.2258,63.89679,810.04449,-90.79694,65.90701
399,3.317,892.48499,-158.44878,259.31049,777.03882,-172.14607,65.07704,810.38019,-90.24666,66.20477
400,3.325,895.16583,-157.73404,259.20905,777.34619,-172.51831,66.24535,810.6319,-90.04533,66.45363
401,3.333,897.41321,-157.37062,258.43552,777.53094,-172.4915,67.14971,811.31714,-90.38332,67.56852
402,3.342,900.2262,-158.41801,258.52841,778.2879,-172.96843,68.53687,811.19904,-89.43362,69.03652
403,3.35,903.42859,-157.6861,257.29346,778.76324,-172.83835,69.81674,811.03113,-90.06603,70.16901
404,3.358,906.7149,-157.69456,257.85709,779.15033,-173.10289,71.07828,811.4455,-90.54321,70.91701
405,3.367,908.62268,-156.95624,257.41739,779.75403,-173.25058,72.70178,812.34735,-90.7757,71.64652
406,3.375,912.64429,-156.41872,257.78262,780.40173,-172.87483,74.16205,814.08649,-90.92955,72.72401
407,3.383,915.21155,-156.54832,257.96292,781.02936,-172.86671,76.08342,813.3233,-91.14042,74.58301
408,3.392,919.79327,-157.18376,257.28699,781.95007,-172.84064,78.90704,814.36371,-90.46458,76.04128
409,3.4,923.823,-157.20128,257.42371,782.65991,-173.4063,81.31405,816.22021,-90.66328,77.6113
410,3.408,928.11432,-156.33347,257.76282,783.75238,-174.39223,83.62998,816.74341,-91.27284,80.50116
411,3.417,932.3067,-156.27254,258.14355,785.66052,-175.23737,87.80459,817.59839,-91.43729,83.10972
412,3.425,938.92804,-156.66585,258.89145,786.86206,-174.82574,90.86904,821.29047,-91.8944,86.38756
413,3.433,944.54645,-155.71619,260.15457,789.25269,-174.84605,96.0389,823.4118,-92.56353,89.27425
414,3.442,950.54852,-155.14549,261.15784,792.3642,-174.94405,100.22359,826.44263,-91.97426,93.40594
415,3.45,958.99902,-155.8535,261.67889,795.7406,-174.29938,105.75671,828.31042,-92.56594,96.84236
416,3.458,966.27057,-154.99091,262.57794,800.37848,-174.57542,111.02414,833.78461,-92.22291,102.33071
417,3.467,975.8114,-154.80957,264.09482,804.41724,-173.83792,117.10038,839.32922,-91.83085,107.4333
418,3.475,985.22705,-155.39153,265.79294,809.80688,-172.24712,123.7185,844.80035,-91.66348,112.16328
419,3.483,993.94537,-154.24719,266.34912,815.32404,-172.13638,130.29739,851.8009,-91.86201,116.7989
420,3.492,1006.75092,-157.20367,268.35236,822.53101,-171.12228,136.19121,859.90521,-91.79765,122.04264
421,3.5,1017.56036,-158.26901,269.5159,830.26892,-169.8909,142.37448,867.41351,-89.31453,126.78027
422,3.508,1028.49402,-158.37642,270.54742,838.06854,-169.17125,147.5872,876.64465,-88.97408,130.97742
423,3.517,1038.92395,-158.20201,272.00775,846.20728,-167.27264,152.83423,883.87842,-87.58243,134.98618
424,3.525,1049.71765,-158.03209,273.51483,854.44604,-167.21179,158.40463,892.84412,-89.30208,139.8553
425,3.533,1061.61658,-157.709,275.05786,863.51001,-167.76891,163.61134,900.56232,-88.17439,144.35941
426,3.542,1071.39917,-157.09508,276.27774,873.0636,-168.07803,168.75661,909.87311,-88.30927,150.48462
427,3.55,1083.67139,-156.28897,278.50476,882.95502,-167.44308,173.37526,917.44269,-86.68755,153.28831
428,3.558,1094.50842,-155.29341,280.61899,893.40796,-166.95023,178.75461,928.31409,-86.38519,158.01363
429,3.567,1105.47351,-152.56004,282.0719,903.43793,-165.19597,181.84375,938.73792,-85.82616,161.2995
430,3.575,1118.10461,-150.85643,284.59802,914.80048,-165.45805,185.33386,949.25537,-84.3311,164.0481
431,3.583,1129.90601,-148.50531,286.44171,925.89221,-163.92801,188.87642,959.56128,-85.42626,166.16795
432,3.592,1140.91687,-148.3378,288.59875,937.56824,-163.21901,191.75729,972.46906,-83.19522,167.75589
433,3.6,1155.25574,-146.19319,289.36551,950.08618,-162.83293,194.12604,984.65143,-84.9394,169.27312
434,3.608,1166.35095,-145.05109,292.15436,962.69098,-162.35495,196.33875,996.40411,-84.44709,171.32841
435,3.617,1180.03235,-144.04651,293.69928,976.13391,-161.06659,197.8696,1010.5567,-82.54441,173.02234
436,3.625,1191.6875,-141.8578,294.74771,989.133,-161.0834,198.34171,1023.25598,-81.22375,173.19434
437,3.633,1206.11072,-142.4487,296.68033,1003.50543,-160.42677,199.21642,1036.17432,-80.33672,174.5659
438,3.642,1219.3855,-141.69414,298.23383,1017.15594,-160.70537,199.2643,1050.76282,-80.12453,176.16025
439,3.65,1232.1532,-140.63147,298.02197,1031.43787,-159.65527,198.22504,1063.81494,-78.26743,173.88278
440,3.658,1246.40991,-140.60397,300.68924,1046.35876,-159.52951,197.29608,1079.26306,-79.70746,174.14294
441,3.667,1260.07202,-139.5594,302.22501,1061.50317,-159.8689,195.92802,1094.35608,-80.63367,171.81894
442,3.675,1273.35913,-138.39873,302.13641,1077.81177,-159.05359,193.1703,1110.31824,-78.40797,168.85146
443,3.683,1287.39075,-137.92725,303.83102,1093.354,-158.88844,191.57242,1124.29773,-77.94169,167.47954
444,3.692,1302.24524,-136.60718,304.54898,1108.12512,-159.07353,188.78709,1141.45349,-76.16485,167.33403
445,3.7,1313.71667,-134.02534,306.75018,1124.89343,-157.78667,185.08582,1160.02722,-78.95528,164.36017
446,3.708,1326.77869,-131.89761,307.61121,1141.66284,-157.81181,181.20764,1175.46497,-76.4361,162.81702
447,3.717,1339.77576,-131.6033,308.96967,1158.83887,-156.63445,178.04195,1192.41125,-76.13005,159.69887
448,3.725,1355.58252,-130.35394,309.32706,1176.48596,-156.1078,173.62964,1208.99438,-74.92022,157.24467
449,3.733,1368.79602,-127.98519,310.28934,1193.42627,-155.77333,169.25494,1228.51233,-73.65345,153.92496
450,3.742,1381.26013,-127.92815,310.13196,1211.34998,-154.39244,164.34184,1246.07166,-72.22398,150.47607
451,3.75,1395.5282,-125.78109,310.45221,1229.02307,-154.74115,159.75597,1262.80566,-72.99245,145.4586
452,3.758,1408.65381,-125.01337,310.54141,1248.54504,-153.35466,153.98602,1281.32922,-74.05565,141.39995
453,3.767,1421.95093,-124.91549,309.96103,1266.26685,-153.51266,149.00363,1300.20264,-71.91874,139.84036
454,3.775,1435.15161,-123.26328,310.00241,1285.60974,-153.93608,143.53397,1317.38843,-71.71929,135.39825
455,3.783,1449.16052,-123.42664,309.88913,1304.6637,-153.72429,138.04808,1336.61157,-71.29954,130.79977
456,3.792,1461.67383,-122.05721,309.18228,1323.8501,-153.28505,132.1208,1355.7937,-69.46759,127.5963
457,3.8,1473.72961,-120.63506,308.48196,1342.59448,-153.38516,127.12721,1375.60132,-66.43549,124.21152
458,3.808,1486.44141,-120.01216,308.66199,1363.80444,-152.32584,121.74619,1392.81873,-69.06591,118.87069
459,3.817,1498.68494,-118.73503,308.0351,1383.81348,-152.44211,115.98212,1413.67432,-67.81358,115.9921
460,3.825,1509.36267,-117.90844,307.90469,1403.75,-151.43301,111.4508,1432.54749,-67.74331,112.50072
461,3.833,1520.59241,-117.45588,307.72943,1422.56262,-150.85544,106.84199,1452.21204,-66.71313,107.84194
462,3.842,1532.45386,-116.52197,307.11044,1441.60095,-150.03722,102.40527,1472.01709,-65.29387,105.5667
463,3.85,1543.99426,-116.67683,306.13318,1461.62549,-147.87334,97.79863,1491.5791,-64.94875,102.39132
464,3.858,1554.46289,-116.9098,305.64383,1480.71887,-147.6028,93.24687,1510.255,-64.45462,99.97923
465,3.867,1565.23547,-116.69023,304.60129,1498.01392,-146.7162,89.95352,1528.91345,-63.88214,97.15938
466,3.875,1575.58362,-117.48031,303.42584,1516.82507,-145.57101,86.14755,1547.87622,-62.90937,95.64285
467,3.883,1585.77502,-118.13991,302.2106,1534.2948,-146.06572,83.73151,1565.09363,-62.51477,93.26442
468,3.892,1594.66821,-119.01968,301.14569,1549.47485,-145.39322,80.32797,1581.25549,-61.78791,91.57111
469,3.9,1603.09729,-119.1396,299.80331,1565.36682,-143.81419,77.54578,1598.32727,-58.6391,92.1667
470,3.908,1611.23999,-119.33558,298.67657,1580.59619,-143.0097,75.53806,1611.55029,-59.22977,89.23063
471,3.917,1618.8501,-119.4968,296.97296,1594.5144,-141.04207,73.41891,1625.82605,-59.54665,88.13737
472,3.925,1626.23694,-119.45902,295.08557,1608.44336,-139.36194,70.91064,1638.12866,-58.49946,87.62815
473,3.933,1632.30286,-118.24722,293.8269,1617.58887,-138.62703,68.75379,1649.14087,-56.65613,86.47772
474,3.942,1638.86975,-117.76749,292.79288,1629.10107,-137.955,67.9013,1658.3075,-56.48484,85.27471
475,3.95,1642.73425,-117.10864,291.36179,1638.11902,-137.0862,66.56264,1667.0509,-55.76566,84.42831
476,3.958,1648.49646,-115.72848,290.04001,1645.3606,-136.96138,64.41682,1674.43274,-54.98797,82.841
477,3.967,1651.33228,-113.51936,287.60757,1652.19849,-135.66,61.47138,1679.01123,-53.10542,81.24885
478,3.975,1654.38806,-112.05233,285.93652,1654.17297,-134.69461,60.26318,1683.60999,-53.09466,78.95856
479,3.983,1657.38513,-109.86523,282.72852,1657.52234,-133.00963,56.51266,1685.68591,-49.69501,76.78652
480,3.992,1660.58215,-108.64136,280.37674,1658.91882,-129.79678,52.98204,1687.43579,-49.12926,72.95561
481,4,1662.59778,-107.48309,277.54596,1656.96997,-128.25351,50.32604,1686.72058,-47.891,68.56153
482,4.008,1665.5166,-105.63479,274.18408,1655.34241,-128.53004,47.85516,1684.52283,-46.08137,65.56985
483,4.017,1668.31055,-104.16334,270.69202,1657.00952,-126.89834,49.04824,1687.11133,-46.24689,63.91424
484,4.025,1673.41785,-104.67738,269.53217,1662.06433,-126.86947,50.9604,1691.63306,-42.11206,64.66251
485,4.033,1678.22144,-106.46409,269.50906,1665.46887,-128.60161,50.17035,1695.19128,-42.30004,62.34307
486,4.042,1681.83069,-106.89245,271.07852,1666.47107,-128.83798,49.80233,1694.83105,-42.12487,61.58615
487,4.05,1685.02869,-107.60057,272.50089,1666.43152,-126.89622,47.94059,1693.76501,-41.77354,63.53527
488,4.058,1688.77124,-108.0942,271.79059,1664.72449,-127.71561,50.51759,1695.04749,-44.7015,63.01058
489,4.067,1691.01062,-108.96291,272.66605,1665.15613,-128.57413,50.48205,1695.39319,-45.06712,62.87167
490,4.075,1694.52185,-110.39198,272.58615,1666.0813,-128.6729,50.04934,1694.45386,-46.07671,62.82986
491,4.083,1696.89307,-110.13525,272.21185,1666.28503,-128.7832,50.00496,1694.66296,-46.25053,62.77272
492,4.092,1698.97815,-109.81616,272.21854,1666.15088,-128.75401,50.08652,1695.35522,-44.2833,63.25953
493,4.1,1701.23975,-108.8695,272.22211,1666.2583,-128.6978,50.16813,1695.02856,-45.29679,62.81173
494,4.108,1702.479,-107.66669,271.75882,1666.28162,-128.6145,50.13851,1695.15759,-45.47692,62.64796
495,4.117,1704.91089,-108.06475,272.04437,1665.95203,-128.26138,50.27311,1695.15759,-45.47692,62.64796
496,4.125,1707.16028,-109.21134,271.67398,1665.81787,-128.23218,50.35467,1695.17932,-45.35442,62.52702
497,4.133,1710.00134,-111.30791,270.78036,1666.26587,-128.54704,50.22052,1695.26685,-45.44479,62.22652
498,4.142,1712.14966,-113.12158,269.83426,1666.17505,-128.09692,50.42667,1695.4856,-45.56578,62.11784
499,4.15,1714.80859,-114.47461,269.88019,1667.14783,-128.46431,50.4838,1695.56848,-45.66094,62.00595
500,4.158,1717.32764,-115.55491,269.98578,1667.14783,-128.46431,50.4838,1695.39014,-45.45337,61.35511
501,4.167,1717.19519,-116.97761,269.32135,1666.94458,-128.2215,50.26158,1695.97119,-44.41559,62.01218
502,4.175,1720.15015,-116.99802,269.2037,1666.53882,-128.45279,50.11335,1694.93689,-46.28359,60.44359
503,4.183,1722.07922,-116.88914,269.13623,1666.37805,-128.57724,50.06061,1695.48108,-45.26626,61.69107
504,4.192,1723.86523,-117.35007,268.79343,1666.60486,-128.1998,49.4811,1695.74683,-45.73643,62.05512
505,4.2,1723.62708,-118.875,268.34341,1666.37366,-128.66304,50.0769,1696.51611,-42.44014,63.38577
506,4.208,1725.58154,-119.23905,268.54153,1666.23096,-128.64445,50.17056,1696.68274,-44.12616,62.56382
507,4.217,1726.14233,-119.67747,268.39539,1666.09521,-128.69443,50.193,1696.30176,-45.09007,61.98209
508,4.225,1728.01965,-120.45331,268.04401,1666.65186,-128.54196,50.2803,1696.30176,-45.09007,61.98209
509,4.233,1729.48547,-120.45896,267.0657,1666.38843,-128.41782,49.88052,1697.13757,-45.57417,62.45981
510,4.242,1731.44714,-120.65806,266.98279,1666.3418,-128.15955,50.47552,1697.29236,-45.77705,62.38471
511,4.25,1732.87573,-120.7898,266.54651,1666.85437,-126.53913,49.3481,1697.06433,-44.6096,62.43933
512,4.258,1734.70813,-120.22162,266.34155,1666.87573,-127.03011,50.56273,1697.13635,-44.4539,62.33085
513,4.267,1737.13867,-120.55877,266.23462,1666.65051,-127.79254,50.72447,1696.65588,-44.02417,62.01222
514,4.275,1738.83618,-120.35085,265.41867,1667.07556,-127.99316,50.92284,1697.72961,-43.78061,61.66525
515,4.283,1740.91003,-120.44537,265.29831,1667.29285,-128.15182,51.11016,1698.23364,-42.90652,61.52813
516,4.292,1742.5116,-119.49701,264.8515,1667.55127,-127.84959,50.86345,1697.19055,-42.51557,61.01197
517,4.3,1744.41687,-118.32362,264.99744,1668.20447,-126.71574,51.12233,1697.42065,-42.29324,61.04123
518,4.308,1746.62073,-117.11559,264.15875,1669.04224,-126.24067,51.8615,1701.18689,-41.14012,61.2132
519,4.317,1748.66394,-116.15395,263.83377,1668.40015,-125.82448,52.0712,1699.2262,-41.49207,60.37956
520,4.325,1751.54578,-115.69743,263.37961,1668.57642,-125.67678,52.28313,1697.97473,-42.01353,61.12222
521,4.333,1751.34998,-116.11586,263.11172,1668.69019,-125.8227,53.25462,1709.95544,-41.45108,57.57748
522,4.342,1754.77661,-114.66122,262.54944,1668.64673,-124.60334,52.8078,1709.95544,-41.45108,57.57748
523,4.35,1757.31592,-114.37604,262.38962,1669.1084,-125.11363,54.07685,1699.34888,-41.03677,59.82773
524,4.358,1759.09033,-113.61038,261.61731,1669.90356,-124.64088,54.30987,1693.11084,-41.39557,61.50499
525,4.367,1761.53857,-113.00573,260.57074,1669.72571,-124.76773,54.89158,1697.01575,-41.87728,60.85133
526,4.375,1763.85718,-112.54594,259.98029,1670.14563,-124.09012,55.28441,1701.60486,-41.60566,60.01511
527,4.383,1766.70483,-113.04343,259.9386,1670.19202,-123.76604,55.77539,1700.27527,-38.85038,61.83838
528,4.392,1769.67493,-113.85523,258.93256,1670.24902,-124.36713,55.92929,1700.41016,-39.28005,61.79029
529,4.4,1770.66626,-109.5414,261.47699,1670.51843,-123.84965,56.35723,1700.73718,-39.25041,61.63364
530,4.408,1773.00525,-110.37359,258.48178,1670.36511,-124.13409,57.18534,1701.2854,-39.66328,61.48893
531,4.417,1775.83325,-110.75463,258.09525,1670.573,-123.67532,57.9048,1701.54956,-41.03368,61.18745
532,4.425,1778.54578,-109.94689,256.92923,1669.37805,-122.63427,58.35035,1701.90637,-41.23851,61.35341
533,4.433,1779.5614,-109.93474,257.05716,1670.60791,-122.83912,58.83323,1702.16248,-40.37442,62.01404
534,4.442,1782.32727,-110.09112,256.37378,1670.19897,-122.81228,59.74242,1702.78113,-38.83163,63.72232
535,4.45,1784.87195,-109.39158,256.048,1669.74023,-122.40063,60.9148,1704.06201,-39.06667,63.95418
536,4.458,1787.43811,-110.89603,255.93401,1672.20422,-123.65304,62.36487,1704.18909,-39.043,65.44509
537,4.467,1788.56067,-107.58136,255.5898,1673.35071,-123.84695,62.62067,1702.46912,-39.47772,66.56321
538,4.475,1791.44946,-108.43911,255.99321,1673.4375,-124.0787,63.42541,1702.73547,-39.73566,66.66608
539,4.483,1793.87195,-109.06878,255.53659,1673.03809,-123.76789,64.25256,1704.71167,-38.99072,66.7651
540,4.492,1796.46375,-109.65478,254.67851,1673.83545,-124.03602,65.36384,1706.32214,-38.98077,68.52676
541,4.5,1799.72693,-109.03634,255.14085,1672.34009,-124.8393,68.23569,1707.08435,-39.7972,68.98405
542,4.508,1801.53491,-108.9165,254.57594,1673.8855,-125.94578,68.318,1706.44751,-40.03843,68.66196
543,4.517,1804.82837,-109.15417,253.94585,1675.22046,-126.10175,69.10179,1707.07983,-39.85864,69.91542
544,4.525,1808.09692,-109.55191,254.11382,1676.31738,-126.19286,70.54736,1707.47473,-40.5462,70.55722
545,4.533,1810.5542,-109.33062,253.4155,1676.54395,-126.62994,72.09007,1707.547,-40.72103,73.4812
546,4.542,1814.86987,-108.48652,254.10324,1676.8562,-127.84114,75.03146,1710.83032,-40.51406,74.74725
547,4.55,1817.33093,-108.73546,252.72717,1676.85217,-129.0574,76.10178,1710.89563,-41.22561,75.87343
548,4.558,1822.33972,-108.60149,253.3889,1678.6427,-129.11107,78.3013,1710.9137,-41.30414,76.87942
549,4.567,1826.56189,-107.90749,252.97047,1679.54797,-129.74011,81.32471,1709.85425,-42.51717,80.42103
550,4.575,1831.38232,-108.49488,252.48572,1682.15063,-129.4409,85.21115,1711.32031,-44.8626,82.21457
551,4.583,1837.44324,-108.19534,252.86526,1684.01465,-129.41241,87.93162,1713.09399,-43.93568,83.9714
552,4.592,1843.65698,-108.48685,253.2858,1686.99146,-130.84341,93.12431,1714.21387,-47.2328,88.0919
553,4.6,1850.55945,-107.77414,253.80634,1688.35522,-130.84271,96.31651,1719.47485,-46.26226,92.15864
554,4.608,1857.84851,-106.95535,254.38333,1693.08533,-131.53714,101.53931,1722.06946,-46.51344,96.36431
555,4.617,1865.7677,-107.0557,255.73325,1695.38489,-132.31442,108.12353,1727.25977,-47.34575,100.0498
