Frame#,Time,L.Shank.x,L.Shank.y,L.Shank.z,L.Ankle.x,L.Ankle.y,L.Ankle.z,L.Ankle.Medial.x,L.Ankle.Medial.y,L.Ankle.Medial.z
1,0,-1561.09131,56.41478,298.68484,-1708.02429,59.37215,147.84558,-1646.50903,-32.35065,140.90862
2,0.008,-1551.34338,56.66217,296.38776,-1691.48511,59.88514,141.09064,-1631.8645,-30.52033,136.28931
3,0.017,-1541.88171,56.04955,294.97833,-1676.12195,61.83474,134.26883,-1614.37231,-29.9103,130.67653
4,0.025,-1530.20898,54.0943,294.26041,-1659.521,62.30689,127.89128,-1596.9115,-29.39629,125.61555
5,0.033,-1520.36206,53.0638,291.63092,-1642.36475,63.20924,120.5509,-1582.62842,-29.4457,121.42729
6,0.042,-1510.2821,53.24502,289.62857,-1627.31799,65.62138,115.70075,-1566.4342,-28.50426,117.83559
7,0.05,-1501.39185,51.11237,288.72946,-1609.10571,66.17274,108.78402,-1549.8717,-28.31991,113.53653
8,0.058,-1491.75708,51.83772,288.81702,-1591.96899,66.80717,103.77951,-1533.00391,-27.92601,109.6703
9,0.067,-1482.20679,49.03479,287.24124,-1574.2384,67.91811,97.86951,-1518.58679,-26.87956,106.61758
10,0.075,-1473.30444,48.59418,286.04764,-1556.75415,68.81058,94.28281,-1503.51453,-26.12494,104.39896
11,0.083,-1464.6488,47.67997,286.82477,-1540.47534,70.52408,90.46823,-1486.56177,-25.13585,102.26339
12,0.092,-1456.57471,47.10879,286.49252,-1522.93127,70.2312,87.69128,-1469.57324,-26.01219,101.32312
13,0.1,-1447.7511,46.61278,286.58798,-1505.93542,71.2419,85.31109,-1455.7301,-25.28398,99.93996
14,0.108,-1439.89844,46.06801,286.99863,-1489.20581,70.96973,83.69372,-1441.33826,-25.60806,100.7924
15,0.117,-1431.82422,44.66013,288.61722,-1475.01538,71.5991,83.02205,-1427.36389,-25.95768,102.45757
16,0.125,-1424.55383,44.88647,290.11633,-1460.22925,70.96434,83.65852,-1412.79883,-26.01931,102.73478
17,0.133,-1417.68982,43.21526,291.8078,-1446.18799,71.20798,84.01817,-1398.46399,-26.34062,105.17931
18,0.142,-1409.93848,42.90741,292.94202,-1431.66772,70.3392,85.05109,-1386.08826,-26.17062,107.2787
19,0.15,-1405.01501,43.59133,294.29413,-1420.44067,70.48071,86.81036,-1372.58655,-28.09263,109.80222
20,0.158,-1397.8446,43.47751,296.22684,-1408.09521,69.87783,88.17493,-1360.77173,-27.6678,112.02785
21,0.167,-1391.71619,42.30623,298.00092,-1397.27209,69.10488,89.18318,-1350.07495,-27.70095,113.7693
22,0.175,-1386.2478,42.92175,299.53247,-1388.86572,68.75658,90.64011,-1342.44958,-27.1206,116.03043
23,0.183,-1381.474,42.20412,300.84027,-1380.83447,67.22452,90.66885,-1333.26953,-28.48319,117.51836
24,0.192,-1374.92786,40.90934,300.90646,-1373.63171,65.3719,90.69183,-1325.94238,-28.81331,119.18434
25,0.2,-1371.18689,41.79526,300.3623,-1368.85266,63.89507,90.41127,-1319.0979,-29.75132,119.37489
26,0.208,-1364.6759,41.18876,299.26855,-1365.77954,63.23467,90.24431,-1313.46533,-31.4408,119.08558
27,0.217,-1359.18164,40.89879,298.08945,-1361.58569,62.00299,87.92349,-1311.05286,-31.27802,116.67305
28,0.225,-1355.09326,41.44852,297.3956,-1358.89502,60.3084,87.24812,-1306.83264,-32.78802,115.03333
29,0.233,-1349.03552,39.55845,294.28091,-1358.41052,60.22145,87.07627,-1306.28638,-33.03782,113.89408
30,0.242,-1344.01587,38.52134,293.74347,-1356.21179,57.59274,85.12962,-1304.29102,-34.98258,111.29512
31,0.25,-1340.36401,38.49422,292.75281,-1354.94507,56.78967,83.07285,-1301.79285,-35.99161,108.94241
32,0.258,-1336.70154,37.33069,290.26822,-1355.36792,56.75256,81.09039,-1302.6283,-36.78077,107.06337
33,0.267,-1333.94788,36.45235,287.09622,-1355.0564,55.89485,79.033,-1303.60364,-38.16312,104.71663
34,0.275,-1330.52942,35.2374,285.84991,-1356.06702,54.38785,77.93074,-1304.70251,-39.85838,101.14693
35,0.283,-1328.29431,34.46712,282.25635,-1357.31213,54.35442,76.06134,-1306.3894,-41.12712,98.99351
36,0.292,-1325.00928,33.15705,280.24933,-1357.74524,52.63482,73.34892,-1308.0885,-42.41536,96.60551
37,0.3,-1323.78418,31.59143,277.94672,-1358.95374,52.1323,71.06625,-1310.52441,-43.08758,93.10448
38,0.308,-1320.78931,30.47695,274.9631,-1360.55139,51.18356,69.40759,-1311.84888,-45.14536,90.18501
39,0.317,-1319.53259,28.75633,271.87292,-1361.35962,50.56623,68.1622,-1312.12061,-46.30517,89.02894
40,0.325,-1316.823,29.16616,271.30646,-1359.71326,49.45393,69.09346,-1310.7627,-46.86773,89.27831
41,0.333,-1312.08862,28.73687,272.18475,-1354.19141,48.69632,69.2954,-1306.073,-46.76705,87.97828
42,0.342,-1308.40369,28.30932,273.37421,-1350.72864,49.56639,69.96852,-1302.3783,-46.81628,87.2866
43,0.35,-1303.69934,28.72499,273.27319,-1346.5979,49.51989,69.86975,-1298.27332,-47.08091,86.40108
44,0.358,-1299.32813,29.16344,272.86084,-1344.66016,49.65543,69.92374,-1295.02356,-46.12318,85.58678
45,0.367,-1295.35425,27.96385,272.07504,-1344.13367,50.30247,69.38152,-1293.49231,-46.37271,84.63763
46,0.375,-1292.53296,28.45907,271.0036,-1344.13367,50.30247,69.38152,-1292.5752,-47.00329,83.74194
47,0.383,-1289.62842,27.66616,268.91165,-1343.08203,50.1107,69.47591,-1292.69922,-47.39232,83.01081
48,0.392,-1286.9115,26.57398,267.94272,-1341.50085,49.7312,69.68668,-1292.18799,-47.73967,82.75209
49,0.4,-1283.11133,27.24438,268.30301,-1340.12512,48.87613,70.55707,-1291.72876,-49.21341,82.48207
50,0.408,-1280.61694,26.36675,268.23343,-1339.68811,48.96971,70.80745,-1292.49341,-50.70369,81.88173
51,0.417,-1277.82605,25.76583,268.31946,-1339.19885,48.96345,71.1404,-1291.78833,-50.75188,81.38244
52,0.425,-1275.19946,25.24418,267.75211,-1338.27087,48.22584,70.86411,-1292.54456,-50.44009,81.25376
53,0.433,-1273.46143,24.12153,266.55054,-1337.85425,48.43314,71.02449,-1291.78711,-50.45425,80.94398
54,0.442,-1272.44617,24.29051,266.04163,-1337.27356,48.75093,70.68842,-1291.64038,-50.82351,81.38566
55,0.45,-1270.89563,24.70584,265.83847,-1336.89197,48.94921,70.69658,-1291.64038,-50.82351,81.38566
56,0.458,-1270.11169,25.21191,265.4715,-1337.11401,48.87468,71.23746,-1291.68726,-50.26384,81.37107
57,0.467,-1269.15942,25.396,265.23416,-1337.20911,48.81989,71.15255,-1291.67053,-50.33986,80.97138
58,0.475,-1268.83496,25.69151,265.35724,-1337.20911,48.81989,71.15255,-1292.0094,-50.67143,81.02247
59,0.483,-1266.99146,25.5585,265.31201,-1337.11401,48.87468,71.23746,-1291.63062,-50.55433,81.39875
60,0.492,-1266.54993,26.05958,265.47061,-1337.20911,48.81989,71.15255,-1291.63062,-50.55433,81.39875
61,0.5,-1266.56946,26.27413,265.38492,-1337.18274,49.15478,70.96147,-1291.59705,-50.7286,81.41537
62,0.508,-1265.92566,26.77086,264.85236,-1337.27185,49.24653,70.91415,-1291.67419,-50.76937,81.30112
63,0.517,-1265.46362,27.01329,265.00403,-1337.2301,49.01767,70.95815,-1291.67419,-50.76937,81.30112
64,0.525,-1264.97852,26.27394,264.2692,-1337.03137,48.94792,70.9389,-1291.69897,-50.92964,81.21306
65,0.533,-1264.0498,26.87449,264.67004,-1337.12073,48.72309,70.47926,-1291.375,-50.99677,81.04866
66,0.542,-1264.10681,27.88167,264.34805,-1337.16663,48.40753,70.6077,-1291.69397,-51.42654,80.83724
67,0.55,-1264.02258,27.9612,264.36154,-1337.16663,48.40753,70.6077,-1291.35266,-51.11296,81.05977
68,0.558,-1263.7915,28.18402,264.24957,-1337.16663,48.40753,70.6077,-1291.36609,-51.01056,80.44592
69,0.567,-1263.55493,28.28605,264.20651,-1336.93762,48.74025,70.33419,-1291.32703,-50.91454,80.47652
70,0.575,-1262.86987,28.68912,263.70743,-1336.94153,48.6727,70.39738,-1291.35266,-51.11296,81.05977
71,0.583,-1262.72119,29.02392,263.73895,-1336.92212,48.65333,70.46001,-1291.35266,-51.11296,81.05977
72,0.592,-1262.49731,29.12041,263.68018,-1336.98328,48.5155,70.41092,-1291.35266,-51.11296,81.05977
73,0.6,-1262.30469,29.11732,263.63373,-1336.98889,48.53556,70.39404,-1291.35266,-51.11296,81.05977
74,0.608,-1262.2334,29.21714,263.74823,-1336.93762,48.74025,70.33419,-1291.7074,-50.75478,81.13589
75,0.617,-1262.10486,29.34169,263.63803,-1336.93762,48.74025,70.33419,-1291.38342,-50.82189,80.97147
76,0.625,-1261.95935,29.49399,263.42395,-1336.9823,48.60723,70.33479,-1291.69897,-50.92964,81.21306
77,0.633,-1262.1106,30.1305,263.51108,-1337.24878,48.46753,70.36422,-1291.69897,-50.92964,81.21306
78,0.642,-1262.03955,30.23914,263.45715,-1337.42639,48.3395,70.57787,-1291.71338,-50.86538,81.27052
79,0.65,-1261.80652,30.4679,263.42685,-1337.36523,48.4773,70.62696,-1291.59705,-50.7286,81.41537
80,0.658,-1261.7218,31.68309,263.582,-1337.20496,48.48779,70.58166,-1291.74084,-50.86929,81.2902
81,0.667,-1261.60095,31.89414,263.50919,-1337.46484,48.41975,70.55183,-1291.62195,-51.3433,81.3708
82,0.675,-1261.30359,32.16087,263.49078,-1337.63794,48.31111,70.51199,-1291.32776,-51.5956,81.58408
83,0.683,-1260.82617,32.2947,263.60043,-1337.82971,48.30037,70.57104,-1291.74084,-50.86929,81.2902
84,0.692,-1260.578,32.40541,263.53229,-1337.82971,48.30037,70.57104,-1291.59705,-50.7286,81.41537
85,0.7,-1260.12756,32.48623,263.4722,-1337.93909,48.59498,71.04999,-1291.59705,-50.7286,81.41537
86,0.708,-1260.15369,32.50688,263.46997,-1337.93909,48.59498,71.04999,-1291.74731,-50.8349,81.32688
87,0.717,-1259.68848,31.97485,263.26474,-1338.04785,48.06963,70.49131,-1291.83289,-50.86697,81.21369
88,0.725,-1258.39233,32.34694,262.41144,-1337.92688,48.29477,70.93728,-1291.92944,-50.96048,81.42251
89,0.733,-1258.93713,32.45152,262.62802,-1338.1571,48.36427,70.97029,-1291.92944,-50.96048,81.42251
90,0.742,-1259.38232,32.83628,262.72772,-1337.72827,48.22499,70.91801,-1291.92944,-50.96048,81.42251
91,0.75,-1258.37512,33.4124,262.43701,-1337.95654,48.2944,70.95015,-1291.92944,-50.96048,81.42251
92,0.758,-1257.23145,33.05133,262.67877,-1337.95654,48.2944,70.95015,-1291.44373,-50.28343,81.60896
93,0.767,-1256.9491,32.53143,262.14063,-1337.72827,48.22499,70.91801,-1290.40735,-50.13968,81.64928
94,0.775,-1256.09924,31.99111,262.02081,-1337.72827,48.22499,70.91801,-1290.40735,-50.13968,81.64928
95,0.783,-1255.07349,31.90245,261.64719,-1337.72827,48.22499,70.91801,-1290.03625,-50.76899,81.20874
96,0.792,-1257.0636,31.60161,261.89438,-1337.72827,48.22499,70.91801,-1290.03625,-50.76899,81.20874
97,0.8,-1253.30237,31.87364,261.62128,-1337.95654,48.2944,70.95015,-1290.06909,-51.08416,80.46192
98,0.808,-1252.45496,31.6918,261.33734,-1337.27356,47.9684,71.08246,-1290.06909,-51.08416,80.46192
99,0.817,-1251.65674,31.6835,260.78119,-1337.23462,47.92638,71.34,-1289.80945,-51.24576,80.09689
100,0.825,-1250.37146,31.8276,260.23859,-1337.23462,47.92638,71.34,-1289.80945,-51.24576,80.09689
101,0.833,-1249.4834,31.42148,259.90167,-1337.33472,47.86123,71.39837,-1291.03723,-51.93385,80.05637
102,0.842,-1248.53735,31.57528,259.60327,-1336.94568,47.77802,71.73533,-1291.03723,-51.93385,80.05637
103,0.85,-1247.31152,31.78341,259.1586,-1336.9021,47.57214,71.82903,-1291.03723,-51.93385,80.05637
104,0.858,-1245.34424,30.94646,259.45135,-1336.69226,47.42556,71.92352,-1291.12927,-52.19025,79.96098
105,0.867,-1244.20667,31.44223,259.15933,-1336.49084,46.72034,71.9474,-1291.12927,-52.19025,79.96098
106,0.875,-1242.64917,31.65044,258.20154,-1336.26489,46.88044,72.13233,-1290.7981,-52.60168,79.97192
107,0.883,-1240.92395,31.02954,257.89392,-1336.26489,46.88044,72.13233,-1291.49744,-53.39473,79.74865
108,0.892,-1239.93909,30.46027,257.35266,-1336.32825,46.79967,72.23393,-1291.16492,-52.56509,79.34344
109,0.9,-1238.41736,30.35586,256.95682,-1336.25671,46.74521,72.31962,-1291.16492,-52.56509,79.34344
110,0.908,-1236.71204,30.04975,256.77316,-1336.25671,46.74521,72.31962,-1291.01648,-52.75013,79.29678
111,0.917,-1235.21802,30.91999,256.34897,-1335.71155,46.45364,72.62806,-1290.23901,-53.04686,78.97198
112,0.925,-1234.23999,30.10614,256.13303,-1336.18884,46.27954,72.66846,-1290.73755,-53.61462,78.99862
113,0.933,-1231.72644,28.90213,255.30168,-1336.1875,46.25929,72.82754,-1290.39868,-53.60422,79.01527
114,0.942,-1230.75269,28.95683,254.81316,-1336.30542,46.28363,73.42002,-1290.19238,-53.65709,78.87534
115,0.95,-1229.59253,28.06975,253.95744,-1336.20459,46.34427,73.50928,-1289.61719,-53.83811,78.79366
116,0.958,-1228.25256,28.50999,253.86954,-1335.96899,46.68029,74.03035,-1288.64392,-53.98417,78.53818
117,0.967,-1226.36194,28.46243,252.97408,-1335.96899,46.68029,74.03035,-1288.64392,-53.98417,78.53818
118,0.975,-1224.62048,28.05608,252.65404,-1335.60193,46.83728,74.60493,-1288.57043,-53.90793,78.14091
119,0.983,-1223.12744,28.39997,252.79012,-1335.06616,46.53249,74.63963,-1287.60913,-53.81782,78.26862
120,0.992,-1221.29846,28.49558,252.09396,-1334.71399,46.32362,75.37583,-1288.30286,-53.68001,78.33649
121,1,-1218.98755,28.13004,251.774,-1334.33728,46.48391,75.72839,-1287.38806,-53.64927,78.41083
122,1.008,-1218.1228,27.28687,250.47717,-1333.71252,46.46595,76.27848,-1287.17102,-53.67156,78.49547
123,1.017,-1215.29114,27.5506,250.92773,-1333.12756,46.22785,77.08787,-1287.63635,-54.23959,78.72915
124,1.025,-1214.36755,27.06454,250.33644,-1333.37842,45.93582,77.79522,-1285.66321,-55.05304,78.71497
125,1.033,-1210.4718,26.4151,249.74277,-1331.75488,46.34785,77.50333,-1285.55103,-54.83578,78.85427
126,1.042,-1209.31421,26.53284,249.58327,-1331.36316,45.89675,78.32334,-1285.07849,-54.61692,79.44901
127,1.05,-1207.22546,26.5637,248.27695,-1330.7854,46.33842,79.09699,-1285.07849,-54.61692,79.44901
128,1.058,-1205.23462,26.01217,247.90596,-1329.15027,45.4465,80.26821,-1284.76587,-54.62421,79.61233
129,1.067,-1201.96301,26.08025,248.1759,-1328.19189,44.97446,81.51334,-1283.6554,-54.32782,82.31132
130,1.075,-1199.89429,26.47129,248.41879,-1327.97644,45.0143,83.69682,-1283.00903,-54.72015,82.89304
131,1.083,-1197.13342,24.51798,248.40347,-1327.24573,44.69781,85.30434,-1282.54492,-54.98174,83.36594
132,1.092,-1193.36108,24.58557,248.87253,-1326.40271,44.40575,86.92787,-1280.29138,-56.0156,85.81121
133,1.1,-1190.47388,24.64128,249.20193,-1325.33057,44.68218,90.0446,-1279.29163,-56.43254,86.76191
134,1.108,-1186.70532,24.2577,250.32336,-1325.32861,44.56817,92.63899,-1276.62329,-55.54565,88.27541
135,1.117,-1184.00574,25.35899,251.43587,-1323.56323,44.52559,94.69843,-1274.79346,-54.68551,89.27334
136,1.125,-1179.33655,24.5793,252.10159,-1321.36816,44.63295,98.28344,-1274.49182,-54.02948,91.8374
137,1.133,-1176.33154,26.1854,253.12874,-1320.0896,45.34833,100.86791,-1272.34778,-54.73463,95.22894
138,1.142,-1170.88708,26.08192,254.25165,-1317.9082,46.20292,104.55074,-1271.12439,-54.51017,97.80212
139,1.15,-1166.61438,27.20995,255.18361,-1315.68835,46.13596,108.26984,-1271.41992,-53.86736,99.81192
140,1.158,-1160.19604,27.86296,256.5582,-1312.97205,47.29491,112.82147,-1265.78137,-53.02686,104.36889
141,1.167,-1154.41772,29.71012,257.94516,-1310.979,47.65905,117.38847,-1262.63232,-53.08484,108.09362
142,1.175,-1147.95044,30.28299,258.97778,-1309.06274,49.28132,121.36012,-1258.22791,-51.25229,110.93176
143,1.183,-1140.45337,29.76834,259.74652,-1306.61304,49.90728,127.3785,-1253.81384,-49.60044,115.92649
144,1.192,-1132.7179,30.39589,261.05139,-1300.76306,49.78487,133.29291,-1249.27148,-46.83656,119.84005
145,1.2,-1123.48926,33.24629,262.57516,-1296.63623,50.27085,139.73102,-1243.93188,-47.82314,124.61906
146,1.208,-1115.12793,33.90295,264.59476,-1289.99597,49.4315,144.66589,-1236.93762,-46.08847,129.20378
147,1.217,-1105.96204,36.34007,266.39633,-1284.04541,49.42315,152.13675,-1229.98425,-45.52069,134.17403
148,1.225,-1095.89233,39.13805,268.48694,-1276.69421,49.12965,158.54897,-1222.92908,-43.19801,139.15196
149,1.233,-1086.08594,40.8293,270.55887,-1269.84509,49.79174,165.239,-1215.40649,-42.4645,144.52209
150,1.242,-1076.70923,42.61059,272.93091,-1262.97791,49.49366,171.37033,-1206.01636,-40.77142,149.48077
151,1.25,-1065.96741,44.15221,275.9212,-1255.15283,49.00791,178.0477,-1197.98145,-41.7458,155.42567
152,1.258,-1055.64551,46.23157,278.45453,-1246.17603,48.56585,185.47601,-1188.95935,-42.08183,162.01926
153,1.267,-1044.79651,46.7714,280.94376,-1237.5542,47.44122,191.89462,-1180.24182,-42.61448,168.24138
154,1.275,-1034.22107,46.92075,284.3537,-1228.25098,47.4888,198.22803,-1169.72693,-43.25426,173.78516
155,1.283,-1023.63501,48.03773,288.08023,-1218.84656,46.49845,204.3922,-1160.54395,-44.237,177.84833
156,1.292,-1012.47101,47.55922,290.87579,-1207.03381,44.62411,209.33888,-1150.46985,-44.86879,181.82584
157,1.3,-1001.28522,48.26653,293.65781,-1196.63,43.69342,213.0166,-1140.18201,-44.99842,186.14243
158,1.308,-990.54688,48.52206,296.52249,-1186.21155,43.60267,216.97964,-1128.43555,-44.96773,189.54366
159,1.317,-978.73071,48.25636,299.46667,-1174.16113,43.36984,219.75594,-1116.8363,-46.63119,191.59116
160,1.325,-967.51721,49.19662,301.56628,-1163.59302,43.41252,221.71718,-1106.1687,-46.8107,193.67502
161,1.333,-955.91248,48.35324,303.71906,-1151.3728,42.4164,223.00084,-1094.35425,-47.96675,195.61545
162,1.342,-944.83398,47.98918,304.57062,-1139.66858,42.12371,223.069,-1082.26514,-46.76093,196.62563
163,1.35,-932.49652,47.22765,305.38147,-1126.82141,41.73756,222.5425,-1069.05798,-46.58393,196.68335
164,1.358,-921.92828,47.3553,306.24603,-1114.42078,42.05432,221.96118,-1056.9458,-48.38749,197.10599
165,1.367,-909.04895,46.78936,307.87149,-1101.14783,41.16809,219.91553,-1044.05273,-47.853,195.51357
166,1.375,-897.34973,45.93132,307.32684,-1087.86951,41.87135,217.8439,-1031.13513,-48.02805,195.44965
167,1.383,-885.45038,45.15697,307.95276,-1073.79089,40.78561,214.63191,-1016.72534,-50.11992,192.53781
168,1.392,-872.66296,44.48485,307.88248,-1060.91357,40.88481,210.52977,-1002.25134,-48.33085,189.35591
169,1.4,-861.19464,45.28385,308.25641,-1046.46521,42.49654,206.47304,-988.21552,-48.78725,186.061
170,1.408,-849.67401,43.72071,308.04898,-1033.29004,42.33177,202.39772,-973.14642,-47.20361,183.05038
171,1.417,-838.31403,44.45113,307.46375,-1017.95691,41.99675,196.42555,-957.25134,-46.66135,179.49579
172,1.425,-825.83508,43.94875,306.70355,-1003.17554,42.40981,190.67485,-943.12177,-47.96416,175.46638
173,1.433,-814.25446,44.84489,305.36026,-987.06958,42.41036,185.1024,-929.35657,-47.93053,170.67986
174,1.442,-801.78638,44.35646,304.8913,-974.16449,44.2568,180.37152,-909.64777,-48.0113,165.14146
175,1.45,-789.92914,46.19525,303.07355,-956.55896,44.63589,173.20494,-893.80133,-45.38034,159.8065
176,1.458,-775.763,46.14828,301.62106,-941.46588,44.99442,165.19633,-876.49774,-45.26419,154.67285
177,1.467,-764.95526,46.43115,299.61667,-923.18188,45.44283,158.14081,-860.47394,-43.4929,149.29965
178,1.475,-753.17529,47.77861,298.16907,-906.52655,47.40999,151.62926,-842.3291,-42.41502,143.66585
179,1.483,-741.841,48.81506,296.513,-889.10162,49.99915,144.1171,-820.15198,-41.57661,138.08582
180,1.492,-729.61328,48.9507,294.58203,-870.55994,50.08708,136.95157,-805.06,-40.07159,132.61087
181,1.5,-717.97076,49.54461,292.99646,-852.74182,51.27169,130.2905,-785.09821,-37.31181,127.02766
182,1.508,-705.5976,49.91772,291.88263,-835.02631,54.33606,123.23063,-765.78351,-35.71234,122.13922
183,1.517,-695.24451,51.7876,290.09317,-814.97632,55.9847,115.96318,-748.66895,-33.99295,117.70919
184,1.525,-683.27142,51.5103,289.08267,-796.5127,58.32572,109.89883,-728.80933,-32.01104,113.77834
185,1.533,-671.78839,51.7221,288.39899,-779.54785,60.36832,104.81049,-709.93817,-29.4866,109.72061
186,1.542,-661.44452,52.43755,287.64041,-761.2605,62.60649,99.22005,-693.83075,-26.92822,106.4274
187,1.55,-650.8006,52.89989,286.74667,-738.47632,66.11566,93.79488,-674.23444,-26.45924,105.46808
188,1.558,-640.07733,52.88245,287.25092,-719.05072,68.77338,91.41294,-656.21521,-24.19129,102.75875
189,1.567,-630.70422,52.27818,287.44659,-698.86041,70.96291,88.2374,-639.49054,-21.7238,101.96795
190,1.575,-620.96216,52.49255,287.74731,-680.74634,73.23451,86.81394,-623.52881,-19.4722,101.74938
191,1.583,-611.63818,52.62272,288.84286,-662.49573,75.46083,85.20428,-608.03687,-18.44583,101.8856
192,1.592,-602.92255,52.81072,289.96857,-646.70465,77.0365,85.25289,-592.63452,-17.27177,102.3997
193,1.6,-594.67816,53.08237,292.0004,-631.76208,79.2412,85.50067,-578.97498,-15.9076,104.26913
194,1.608,-587.48907,53.65311,292.96475,-617.76715,81.20529,86.47383,-565.68219,-13.76413,105.49415
195,1.617,-579.94287,54.05362,294.69333,-604.11951,82.46088,88.00378,-553.51465,-13.32111,107.56281
196,1.625,-573.11334,54.28448,295.77475,-591.36469,84.12072,87.34632,-542.53021,-11.48248,108.044
197,1.633,-567.09247,55.09985,296.27957,-581.08728,85.10912,88.23786,-533.22809,-10.30218,109.70668
198,1.642,-560.69513,55.73539,296.83743,-572.69666,85.56996,88.48859,-524.92651,-9.20858,110.21758
199,1.65,-554.9696,56.46894,296.61899,-566.53784,85.70601,87.92654,-516.71735,-8.77167,110.9823
200,1.658,-550.35596,58.11103,296.53998,-561.28766,86.14709,87.2926,-510.79343,-8.86892,109.92342
201,1.667,-545.60858,59.49179,294.89713,-557.31812,85.73258,86.31026,-506.62506,-7.90481,109.14076
202,1.675,-540.88446,60.34082,293.04144,-556.31598,86.09302,84.14537,-503.20172,-7.47177,107.08859
203,1.683,-536.61353,60.6104,290.8938,-554.81958,86.73121,82.2047,-501.25842,-7.38993,105.08611
204,1.692,-532.06866,61.05309,288.15671,-555.08704,85.81012,80.39404,-499.52185,-7.16643,101.51764
205,1.7,-528.64923,62.37774,285.60715,-555.21893,85.75237,77.9715,-499.68192,-7.08661,98.73978
206,1.708,-525.02545,62.12219,282.52747,-556.89655,85.63857,75.03451,-500.54233,-6.86901,96.18721
207,1.717,-523.20056,62.65637,279.14896,-561.51727,84.76762,72.21726,-501.86768,-6.97967,92.32319
208,1.725,-520.05255,62.43594,276.65289,-561.39594,83.20669,71.93579,-500.87857,-7.54976,92.00084
209,1.733,-515.79736,64.47787,276.18799,-557.69922,82.15356,72.8103,-496.25873,-6.74843,91.64494
210,1.742,-510.57852,65.02731,277.4472,-553.21759,84.37998,74.1639,-490.18179,-6.26327,91.65902
211,1.75,-504.79065,66.37933,277.98071,-548.36517,86.82219,72.06338,-487.40436,-4.83697,91.12531
212,1.758,-500.20105,67.99428,277.6561,-545.00299,88.02953,73.63491,-482.31976,-4.05978,90.18962
213,1.767,-495.70126,68.83583,276.97269,-543.3479,88.73233,74.01991,-480.60721,-3.38251,88.64251
214,1.775,-491.64572,68.94094,275.61313,-541.69226,89.26485,72.64185,-479.74658,-3.83486,87.21922
215,1.783,-487.53293,68.34112,273.85959,-540.34985,90.13344,71.31435,-479.8331,-4.53783,86.20348
216,1.792,-484.14877,67.59098,273.12292,-536.37311,88.5355,71.97087,-479.02719,-5.58211,85.96166
217,1.8,-480.57602,66.44064,272.83966,-535.01807,88.23329,72.85773,-478.70108,-5.9003,85.66892
218,1.808,-477.4328,65.97541,272.22552,-534.45648,88.09439,73.54709,-477.98993,-5.8893,84.92064
219,1.817,-474.14514,65.64555,272.37018,-534.45648,88.09439,73.54709,-476.91827,-6.04988,85.05003
220,1.825,-472.20453,65.08399,271.95746,-538.08044,88.31879,74.47913,-476.76691,-6.38563,84.86113
221,1.833,-469.4964,64.80592,271.871,-537.97437,88.19897,73.98135,-477.34686,-6.09543,84.68734
222,1.842,-467.97787,65.37479,271.14236,-533.22827,88.27771,73.33174,-477.34686,-6.09543,84.68734
223,1.85,-466.90466,66.13938,270.3111,-533.0094,88.42157,73.23187,-477.01135,-6.35538,84.26878
224,1.858,-465.94293,66.81882,270.57495,-533.0094,88.42157,73.23187,-477.06894,-6.16818,84.25136
225,1.867,-465.17645,68.42789,270.01422,-532.99487,88.58672,73.17847,-477.12759,-5.99812,84.49868
226,1.875,-464.65598,69.08085,269.77423,-532.99487,88.58672,73.17847,-477.14349,-5.53521,84.41143
227,1.883,-464.3569,70.54457,269.7569,-536.51221,89.39652,72.73827,-477.46671,-5.28279,84.36782
228,1.892,-464.62344,72.61891,269.71829,-537.09125,90.00661,73.38046,-476.98178,-5.05325,84.86139
229,1.9,-464.42795,73.61617,269.82892,-536.95679,90.1245,73.27192,-477.16144,-4.89548,85.06196
230,1.908,-464.73355,74.82719,269.74899,-537.11157,90.08321,73.076,-477.34836,-4.51772,85.5067
231,1.917,-464.47861,76.26718,269.72885,-537.11157,90.08321,73.076,-477.33914,-4.09807,85.56696
232,1.925,-464.44156,76.3399,269.66791,-538.2453,89.79661,73.70161,-477.34357,-3.93586,85.53986
233,1.933,-464.44171,76.25445,269.6059,-538.41302,89.99974,73.73462,-477.52264,-3.88127,85.58282
234,1.942,-464.05066,76.23136,269.36511,-538.36481,90.23409,73.76972,-477.61945,-3.74784,85.70583
235,1.95,-463.91861,76.21799,269.26266,-538.36481,90.23409,73.76972,-477.61945,-3.74784,85.70583
236,1.958,-463.31885,75.91376,269.26309,-538.41302,89.99974,73.73462,-477.61945,-3.74784,85.70583
237,1.967,-463.0278,75.82803,269.12531,-538.29462,89.90798,73.54891,-477.69489,-4.0544,85.68948
238,1.975,-462.74887,75.87344,269.07364,-538.29462,89.90798,73.54891,-477.61945,-3.74784,85.70583
239,1.983,-462.16898,76.1303,269.20593,-538.2027,90.2123,73.74493,-477.51569,-3.65491,85.45945
240,1.992,-461.43442,76.14803,269.03137,-538.2027,90.2123,73.74493,-477.61246,-3.52149,85.58245
241,2,-461.0607,76.27477,268.6738,-538.24023,89.98161,73.56007,-477.77087,-3.18022,85.60239
242,2.008,-461.23645,76.92711,268.63461,-538.45673,89.92978,73.57371,-477.77783,-3.40655,85.72575
243,2.017,-461.03897,77.69255,268.36069,-538.45673,89.92978,73.57371,-477.77783,-3.40655,85.72575
244,2.025,-461.74506,78.59125,268.4202,-538.41302,89.99974,73.73462,-477.74994,-3.39296,85.94753
245,2.033,-462.56015,79.45207,268.27512,-538.4079,90.18475,73.59309,-478.06036,-3.24542,86.07029
246,2.042,-462.56467,79.96718,268.26935,-538.45673,89.92978,73.57371,-477.81912,-3.07485,86.17996
247,2.05,-462.22372,80.15166,268.40765,-538.39185,90.56725,74.1116,-477.93011,-3.0755,86.11331
248,2.058,-462.15054,79.83127,268.10132,-538.39185,90.56725,74.1116,-477.88104,-2.97123,86.16032
249,2.067,-462.28604,80.24798,268.22302,-533.4671,90.00192,72.10137,-477.48624,-2.49934,86.16651
250,2.075,-463.2818,80.99519,268.76282,-533.72913,90.02238,71.95675,-477.88739,-2.70268,86.56531
251,2.083,-463.2818,80.99519,268.76282,-534.75018,89.88243,72.07607,-478.18839,-2.49487,86.44491
252,2.092,-463.18674,81.11391,268.62625,-535.27466,90.63859,72.50433,-478.6868,-2.48193,86.49596
253,2.1,-463.64865,81.06673,268.96539,-535.00568,90.58444,72.09485,-478.47296,-2.60916,86.18343
254,2.108,-463.86359,81.52583,268.67218,-534.92719,90.28751,71.95526,-479.0993,-1.7272,86.33443
255,2.117,-463.03052,82.00939,267.99164,-534.92719,90.28751,71.95526,-479.09143,-2.01555,86.39617
256,2.125,-463.5152,81.74028,268.53748,-535.07477,90.2076,72.1778,-479.1976,-1.84772,86.52263
257,2.133,-463.81039,81.95387,268.7356,-534.99628,89.91066,72.03822,-479.24973,-2.19934,86.22177
258,2.142,-463.74957,82.57748,268.14984,-534.99628,89.91066,72.03822,-479.18607,-1.99141,86.30913
259,2.15,-463.34439,82.13644,268.69583,-535.13464,89.81009,72.12601,-479.05835,-2.04276,86.56171
260,2.158,-462.12695,81.81356,268.69852,-535.07123,89.72575,72.2382,-479.14044,-2.08832,86.09077
261,2.167,-461.8446,82.37476,268.80679,-535.07123,89.72575,72.2382,-481.09552,-3.23541,85.82724
262,2.175,-460.82324,82.22665,268.69693,-535.07123,89.72575,72.2382,-479.76392,-3.3281,85.6794
263,2.183,-460.44934,82.41438,268.56445,-535.07123,89.72575,72.2382,-478.86404,-2.92745,86.15623
264,2.192,-459.40286,82.33227,268.07083,-534.95319,89.73586,72.35357,-478.86404,-2.92745,86.15623
265,2.2,-458.20514,82.36472,267.86996,-537.97437,89.69468,73.90482,-478.09555,-3.13914,86.40134
266,2.208,-457.70395,82.34646,267.75348,-537.69543,89.61603,73.88455,-478.69452,-3.5906,86.36061
267,2.217,-456.79657,82.92953,267.03372,-537.64111,89.46545,73.96295,-478.25314,-3.41166,86.2824
268,2.225,-456.29138,82.67651,266.9585,-537.64111,89.46545,73.96295,-478.25314,-3.41166,86.2824
269,2.233,-454.1478,82.75894,266.89499,-538.53955,89.42374,73.91323,-477.83685,-3.06795,85.94506
270,2.242,-453.98843,82.55188,266.18521,-538.40155,89.27843,73.78313,-477.85526,-3.59434,86.01804
271,2.25,-452.67224,82.52029,266.21585,-538.26819,89.1294,73.98859,-477.85526,-3.59434,86.01804
272,2.258,-451.48291,82.89256,265.93018,-538.12256,89.11463,73.96375,-477.41492,-4.24323,85.5213
273,2.267,-449.79007,83.32742,265.5769,-538.11346,89.07742,74.07248,-477.00433,-3.92843,85.19082
274,2.275,-448.21619,82.80572,265.31296,-537.0199,89.51083,73.44926,-476.64264,-4.15672,84.66032
275,2.283,-447.0636,82.9661,264.95215,-538.11108,88.83186,74.40612,-476.42883,-4.37706,84.94257
276,2.292,-446.01935,82.16081,264.1785,-537.93335,88.674,74.32973,-476.44861,-4.82752,84.89405
277,2.3,-444.17703,82.06322,264.07187,-537.96002,88.52409,74.36797,-476.08719,-5.28706,84.7197
278,2.308,-443.0434,82.61591,263.78082,-537.69934,88.41626,73.93094,-475.55286,-5.35632,84.48536
279,2.317,-441.75616,82.27454,263.20627,-534.44525,88.9448,74.40315,-475.33371,-5.5055,84.29636
280,2.325,-439.52893,82.89967,262.25681,-534.3924,88.82157,74.53356,-474.91977,-5.47858,84.15169
281,2.333,-438.32401,82.7172,262.13684,-534.24597,88.89149,74.49013,-474.4057,-5.92167,83.97517
282,2.342,-437.44205,81.9575,261.66403,-533.6814,88.23022,75.03107,-474.4057,-5.92167,83.97517
283,2.35,-434.83243,82.02023,261.54767,-533.53192,88.2496,75.0907,-474.14877,-6.05834,83.81477
284,2.358,-433.65512,82.85844,260.89203,-533.70056,87.56474,74.69882,-473.8782,-6.07709,83.62209
285,2.367,-432.02972,82.44254,260.55637,-533.50171,87.32585,74.6649,-473.65521,-5.99622,83.47929
286,2.375,-429.88055,81.72978,260.0271,-533.62024,87.02594,74.77872,-473.54395,-6.28108,83.02631
287,2.383,-428.75549,81.25128,259.72629,-532.88751,86.77931,75.02013,-473.45026,-6.4472,82.60355
288,2.392,-427.66458,81.45184,258.35352,-532.88531,86.37955,75.11133,-472.47394,-6.19031,82.36462
289,2.4,-424.57193,81.51037,258.25781,-532.36139,86.17699,75.32272,-472.32501,-6.45491,82.13709
290,2.408,-423.08167,81.84847,257.74182,-531.73041,85.97195,75.84592,-472.32501,-6.45491,82.13709
291,2.417,-421.13995,80.87946,257.57492,-531.09277,85.9007,76.88658,-471.79745,-6.97288,82.33571
292,2.425,-419.09702,80.77213,256.59619,-530.77783,85.75282,76.99406,-471.01962,-7.51035,82.03418
293,2.433,-417.9389,80.06505,255.94398,-529.58295,85.4015,77.44887,-471.04245,-7.71673,82.0527
294,2.442,-415.80692,80.29454,255.54456,-529.23505,85.01566,77.83118,-470.67078,-7.46703,81.77879
295,2.45,-413.54877,81.12879,255.34065,-529.13116,85.28851,78.04592,-470.3157,-7.98686,82.07491
296,2.458,-411.84677,79.89418,254.6221,-528.86096,85.48721,78.51038,-470.09402,-7.45452,81.88702
297,2.467,-410.23337,79.46289,253.71336,-527.8407,85.38673,79.14638,-468.79889,-7.89621,82.41026
298,2.475,-407.26288,79.14442,253.59627,-527.83679,85.70903,79.46192,-468.8241,-8.20054,82.83968
299,2.483,-406.29233,78.49766,253.41177,-527.18732,85.95594,80.42493,-468.64359,-9.15643,83.40732
300,2.492,-404.19986,77.59711,253.52417,-527.01459,85.69579,81.79867,-468.02924,-9.44736,83.82475
301,2.5,-400.99539,77.95793,253.55946,-526.12701,85.49702,83.78059,-466.86069,-9.87378,84.52008
302,2.508,-399.40149,77.89963,253.51842,-525.67999,85.31895,85.26398,-466.35568,-9.03567,84.1045
303,2.517,-396.56992,77.41174,253.88077,-525.5163,85.12975,85.90523,-465.93478,-9.89254,85.8514
304,2.525,-394.38525,77.90485,254.31451,-524.08893,85.47752,88.39198,-464.91003,-9.89908,86.49631
305,2.533,-391.8851,77.9985,254.82405,-523.7619,85.81358,89.94086,-464.49948,-8.9824,87.92583
306,2.542,-389.09268,78.39159,255.71657,-523.34869,85.56242,91.35693,-464.05237,-9.01612,90.34483
307,2.55,-387.32806,78.57294,256.21762,-522.39685,85.78619,94.25835,-462.81464,-9.09294,91.72215
308,2.558,-383.20755,79.71699,257.00888,-521.53625,86.10236,96.47309,-461.90826,-8.48239,93.06198
309,2.567,-380.047,79.76007,257.42938,-519.07147,86.7889,99.55914,-461.24402,-7.54755,94.47418
310,2.575,-376.35278,80.40507,258.71408,-518.41461,87.75233,102.08965,-460.49109,-6.98239,96.51982
311,2.583,-372.38907,81.60419,258.93188,-517.51392,88.96085,105.0304,-458.04102,-6.33239,99.32243
312,2.592,-366.57413,82.55546,260.05765,-516.77783,91.83668,108.02825,-456.78073,-5.90269,101.20593
313,2.6,-361.96918,83.05406,260.86603,-516.23578,92.43882,111.70161,-455.09772,-3.20511,104.06778
314,2.608,-356.36697,83.78409,261.84982,-510.99976,92.58586,116.5045,-452.10083,-2.39119,107.48873
315,2.617,-351.33994,85.3975,262.99921,-508.44443,93.22858,120.25162,-449.75153,-1.30897,110.48712
316,2.625,-344.57181,86.19851,263.99619,-505.71188,94.50368,125.08713,-446.41135,-0.5769,114.06708
317,2.633,-337.30005,88.73398,264.45972,-501.52927,95.22397,129.90179,-442.09564,1.31455,117.68221
318,2.642,-330.01163,89.85885,266.04831,-497.87656,96.16767,134.97162,-437.58215,2.90384,121.67342
319,2.65,-323.47992,91.91099,267.91312,-493.29898,96.96048,141.07259,-432.96692,4.21922,125.98177
320,2.658,-314.02945,92.75624,268.87375,-487.4747,97.36224,147.17577,-427.37357,5.19653,129.88611
321,2.667,-304.48132,95.72563,270.72882,-481.52026,98.01609,153.50052,-420.5899,7.14084,134.90929
322,2.675,-295.08475,98.01992,273.0972,-475.28384,98.30955,160.56818,-412.84555,8.61111,140.00063
323,2.683,-284.40112,101.92455,274.94946,-467.2485,99.20504,166.32571,-404.1243,10.66648,144.04637
324,2.692,-274.27325,102.56656,276.98831,-459.05609,99.74549,173.68861,-397.56577,11.00638,149.20387
325,2.7,-264.70624,104.49615,278.95908,-451.10684,99.34193,180.35081,-388.53632,11.80585,154.64781
326,2.708,-254.69392,104.01867,281.34436,-442.65646,99.86353,186.82124,-380.33112,12.2436,160.76404
327,2.717,-244.2733,105.58034,284.43454,-433.53714,100.22619,192.92766,-371.39505,12.48784,166.9061
328,2.725,-233.43707,106.31101,287.66916,-424.71533,100.18885,198.9072,-363.21213,11.9931,170.21457
329,2.733,-223.42603,107.02934,290.78934,-415.07669,100.39925,204.06192,-354.99399,10.97035,175.56592
330,2.742,-212.11479,107.21051,293.72595,-405.67407,99.88731,209.05153,-345.07455,11.60276,179.74512
331,2.75,-202.13197,107.46452,297.2923,-395.87741,99.61239,212.86308,-335.35675,12.0228,183.59901
332,2.758,-191.7485,107.98033,299.49619,-386.02466,100.01089,216.65988,-324.44104,12.46016,186.47122
333,2.767,-180.9872,108.44289,302.31549,-374.99933,99.63419,218.92192,-313.76672,12.07801,189.20474
334,2.775,-170.28316,108.25488,304.05853,-363.41266,100.48101,220.84747,-303.75507,10.95067,191.96165
335,2.783,-159.01414,108.99572,305.58868,-352.18021,100.83067,221.22293,-291.69739,12.10707,193.56052
336,2.792,-148.70889,109.58542,308.75546,-339.46371,101.1975,222.41945,-280.03745,13.07201,194.85635
337,2.8,-136.00656,109.16174,309.22705,-328.2709,101.68487,222.13106,-267.89877,11.65372,196.6228
338,2.808,-124.4577,109.27514,309.7742,-316.09784,101.55352,219.95892,-255.62679,13.35079,196.68271
339,2.817,-113.09617,108.38273,310.62274,-303.84726,102.92575,219.2749,-242.54594,14.5052,195.65836
340,2.825,-101.77013,108.37351,310.73422,-290.89185,102.89173,216.99525,-230.23604,14.99775,194.63797
341,2.833,-90.04021,108.19641,311.62711,-277.29123,104.33635,213.83232,-217.37506,14.55368,193.14148
342,2.842,-79.04543,110.03768,312.07166,-263.79297,104.99847,210.92328,-203.63905,15.5052,189.72513
343,2.85,-67.18168,109.36334,311.54065,-249.80939,106.14655,206.85338,-190.80771,13.43289,188.91855
344,2.858,-54.99783,108.97192,311.55905,-235.30246,106.87679,202.17465,-175.49263,15.4833,186.01108
345,2.867,-43.95254,110.22369,311.27917,-220.5777,108.41544,196.84584,-160.9969,15.4239,181.51837
346,2.875,-30.66859,109.07962,310.04984,-205.78043,109.39445,192.16032,-145.8999,16.56328,177.86694
347,2.883,-18.70305,110.5302,309.06259,-190.29532,110.67415,186.22818,-130.94435,18.0506,174.12056
348,2.892,-6.95278,110.62028,307.9321,-175.51764,111.89863,179.7684,-117.48441,18.47796,168.55867
349,2.9,5.30365,111.52003,306.23273,-159.00029,113.55074,173.32573,-96.98515,20.3321,163.3394
350,2.908,17.23918,112.72994,304.89963,-142.07529,114.58946,166.03777,-82.03041,23.0977,157.88831
351,2.917,29.66256,114.0984,303.34415,-125.94931,116.36196,159.24554,-64.61604,25.04979,153.22903
352,2.925,41.53166,114.74242,301.51794,-108.33194,119.60981,152.22151,-46.46856,26.04066,147.04024
353,2.933,53.41349,116.06116,300.06064,-90.72611,121.71718,145.10568,-28.70527,29.26785,141.63316
354,2.942,65.47591,116.90772,298.50522,-72.54192,124.13819,137.94493,-10.99148,31.81352,135.1655
355,2.95,76.92292,118.23547,296.19617,-53.61459,124.78686,130.34525,8.39988,34.12557,130.1129
356,2.958,88.50054,118.58731,294.71448,-34.512,128.27145,123.5971,26.89345,36.23198,125.41499
357,2.967,99.53496,119.30925,293.76547,-14.47385,130.90384,116.78878,45.88952,38.4981,120.78178
358,2.975,111.84195,120.57212,292.75537,3.69382,134.22574,110.92175,65.03792,40.84193,116.20259
359,2.983,123.2145,121.37535,292.15298,23.89415,137.46638,105.06612,83.62271,44.22428,112.32121
360,2.992,134.14487,121.69211,290.83359,44.16532,140.13422,100.89706,102.52678,45.87421,109.39304
361,3,146.12598,121.67364,290.46033,62.8978,143.18063,96.48208,120.12936,48.55664,106.6785
362,3.008,156.72203,122.62938,290.47888,82.22623,145.93365,93.75207,138.62965,51.0511,105.09901
363,3.017,166.22612,124.07782,292.16812,101.88557,149.02063,91.21119,155.94086,53.09651,104.45072
364,3.025,175.01494,125.98342,292.00644,119.77333,151.16702,90.07616,173.25887,55.14383,104.48423
365,3.033,185.16896,125.13837,293.56427,136.57254,153.35103,89.20609,188.40385,55.6452,105.95665
366,3.042,193.04723,125.67841,294.84991,152.45964,154.68552,89.41505,203.89412,57.64775,106.40042
367,3.05,201.61539,126.19202,296.55545,167.61462,156.97275,89.95491,217.07085,59.50457,108.09642
368,3.058,208.99069,126.82148,298.06619,181.28992,158.08307,90.07315,229.65126,61.06678,109.01049
369,3.067,216.52344,127.01637,299.15442,192.68076,158.65855,91.66587,241.7012,61.88949,111.12186
370,3.075,223.55807,127.55926,300.09387,202.73723,159.87048,91.65704,252.2942,63.56778,111.41481
371,3.083,230.20563,128.10071,300.4512,212.22253,159.84799,91.50546,261.81537,63.69618,112.17007
372,3.092,236.55594,127.66695,300.07175,218.80264,159.74535,90.73552,269.59079,63.72934,112.58145
373,3.1,242.60799,129.03787,298.90643,224.57954,159.1424,90.05753,276.68506,64.10476,111.84225
374,3.108,247.82268,128.4635,297.63675,229.92213,158.30431,89.00845,282.76547,63.94191,110.94284
375,3.117,252.78107,129.94421,296.15768,232.33499,157.2124,86.81633,287.12637,63.58101,109.92456
376,3.125,256.94171,130.82465,293.55746,233.93858,156.15675,85.10397,291.21686,63.31078,108.31464
377,3.133,261.70267,131.05904,291.66449,237.90866,154.72046,83.13593,293.38208,62.78989,105.21911
378,3.142,264.84439,131.09743,288.76675,239.04329,154.42612,81.03092,294.67661,62.04296,102.92998
379,3.15,268.6846,131.34581,286.16385,238.54654,152.19926,78.4166,295.16071,60.79534,100.08356
380,3.158,272.30252,130.51894,283.26395,238.99097,151.30365,76.60426,295.11844,58.51739,96.77087
381,3.167,276.66049,130.22525,281.09204,241.94791,149.98242,75.23557,295.88263,57.64695,95.53069
382,3.175,280.98743,130.1965,279.45792,243.68538,150.33777,76.06074,298.04962,57.15673,94.66683
383,3.183,286.11084,130.76414,279.92816,249.02458,151.78781,76.25566,302.99176,58.14085,93.93952
384,3.192,293.25046,129.04427,280.33969,255.12289,156.51595,76.98265,306.65393,58.86376,92.25736
385,3.2,298.80865,129.8802,280.6423,259.93451,158.14319,76.15084,309.52878,59.24818,91.626
386,3.208,304.05447,130.06587,279.82104,262.3739,157.86821,76.01849,311.97076,58.89779,90.65595
387,3.217,307.94263,129.72325,279.09189,263.34293,157.99358,75.48114,312.11102,58.42725,89.77579
388,3.225,311.73447,128.17775,277.52802,262.99966,156.7583,75.4317,312.42783,58.22904,89.56755
389,3.233,315.67422,126.19093,276.78055,263.54025,156.20119,76.13711,313.04782,57.17042,89.2547
390,3.242,318.27353,125.36858,276.24695,264.65134,156.16168,77.22911,313.27756,57.11374,89.17474
391,3.25,322.46881,126.47742,276.21283,265.448,155.31274,77.38952,313.58569,57.29365,88.88084
392,3.258,324.58673,126.49667,275.84958,266.06097,155.7504,77.35426,313.69547,57.42405,88.91242
393,3.267,327.42807,126.63482,275.17017,266.44464,155.88222,77.241,313.77679,57.39451,88.79919
394,3.275,328.7587,126.56567,274.83633,266.90207,155.83122,77.28444,313.77679,57.39451,88.79919
395,3.283,330.22586,126.96348,274.33975,267.08466,156.86398,76.89354,313.9895,57.48912,88.47839
396,3.292,332.0166,126.80111,274.14624,267.79495,156.55328,76.82729,314.75836,56.97858,88.4117
397,3.3,333.46127,127.65318,273.81323,268.24069,156.04956,77.09633,314.30051,55.65474,88.58663
398,3.308,333.90155,127.97873,273.89532,268.24069,156.04956,77.09633,315.08554,54.76265,87.64795
399,3.317,334.54074,128.19482,273.38846,268.26761,155.69334,77.15731,314.88498,54.50446,87.28572
400,3.325,334.77737,128.60509,273.56281,268.53629,155.75066,77.34284,314.84689,54.46442,87.25566
401,3.333,335.47449,129.0697,273.24945,268.53629,155.75066,77.34284,314.97342,54.48029,87.16695
402,3.342,335.88382,129.62729,273.14371,268.53629,155.75066,77.34284,315.21231,54.41941,86.84125
403,3.35,336.40265,129.89235,273.14737,268.49832,155.55219,77.30746,315.19632,54.17675,87.04731
404,3.358,337.28497,130.68764,272.22031,268.91025,155.81189,77.48573,315.17142,54.17767,87.0741
405,3.367,337.44598,130.67848,272.16931,268.97958,155.92451,77.27533,315.01318,54.03441,87.25684
406,3.375,337.99905,131.2191,271.91983,268.88693,155.34013,77.29362,315.14633,54.17315,87.20314
407,3.383,338.41495,131.04465,271.75113,268.78366,155.36124,77.09474,315.04895,54.37332,87.25245
408,3.392,338.71021,131.36121,271.73004,268.84604,155.74504,77.19248,315.11639,55.22884,87.1295
409,3.4,338.3775,131.7807,271.2182,268.74606,156.15483,77.13272,314.72415,55.35268,87.32419
410,3.408,339.13098,131.98616,271.37564,268.71368,156.02548,76.76762,314.7468,55.36114,87.51041
411,3.417,338.78519,132.80002,271.44135,268.71368,156.02548,76.76762,314.70151,55.79132,87.8119
412,3.425,339.28653,133.47816,271.44427,268.56915,156.06473,76.66837,315.02991,56.56133,88.13155
413,3.433,339.89081,134.06303,271.79608,268.60919,156.26028,76.72051,315.04324,56.79398,88.38228
414,3.442,340.15521,134.94623,271.6123,268.60919,156.26028,76.72051,315.04324,56.79398,88.38228
415,3.45,340.57019,135.12343,270.97012,268.56915,156.06473,76.66837,315.04324,56.79398,88.38228
416,3.458,341.13562,134.95422,270.39029,268.5799,156.1347,76.62231,315.25226,56.90214,88.436
417,3.467,339.90298,137.03247,271.2637,268.5799,156.1347,76.62231,315.15045,56.92807,88.67419
418,3.475,339.90155,137.08096,271.45578,269.24365,156.06726,76.41849,315.06213,57.05934,88.84834
419,3.483,339.84293,137.90376,271.81042,269.19064,155.96068,76.45821,315.00821,57.11439,88.90983
420,3.492,340.00018,138.11887,271.96481,269.0065,155.87575,76.49703,314.98795,57.15099,89.20347
421,3.5,340.89673,138.42436,271.86826,269.14798,155.92975,76.43092,314.97037,57.59826,89.21612
422,3.508,340.89673,138.42436,271.86826,269.14798,155.92975,76.43092,315.19189,57.33232,89.11589
423,3.517,341.18192,139.17029,272.09036,268.99139,155.96011,76.5927,314.79697,57.72147,89.35237
424,3.525,341.6886,139.54802,271.52307,268.49045,155.66867,76.13654,314.67941,57.62994,89.45073
425,3.533,341.75806,139.78761,271.66617,269.24399,154.99841,76.24861,316.18735,56.69239,89.66044
426,3.542,342.60873,139.79022,271.66293,267.59717,156.24406,76.57293,314.64001,57.3033,89.07313
427,3.55,343.86826,140.06741,271.41196,268.12125,156.22304,76.96437,314.64001,57.3033,89.07313
428,3.558,344.48282,140.17271,270.47507,268.48959,155.58762,77.17212,314.78073,57.38142,88.95427
429,3.567,348.03677,138.57442,270.85776,268.58035,155.18648,77.26492,314.85007,56.90295,89.18393
430,3.575,348.50974,138.93048,270.62143,268.53406,155.29625,77.34241,315.05093,56.4811,89.37553
431,3.583,349.63452,138.67628,270.25134,268.61108,155.67465,77.27341,314.73096,57.09624,88.71874
432,3.592,351.04477,139.80183,269.95349,268.88196,155.53732,77.38219,314.81934,57.11993,89.04446
433,3.6,351.91779,140.04996,269.20016,269.20349,155.75453,77.37569,312.6499,57.23704,88.47569
434,3.608,353.10419,140.0356,269.34302,269.31439,155.82407,77.32435,316.2709,56.06356,88.50994
435,3.617,354.95651,139.73021,269.52481,269.42603,155.89565,77.4303,312.18271,56.51096,89.15588
436,3.625,354.90872,139.41833,269.03424,269.33832,155.56866,77.56627,313.5199,56.99909,89.9675
437,3.633,355.61987,138.9537,268.54327,269.24576,155.25134,77.75972,316.73782,55.89514,89.51591
438,3.642,357.25543,139.42001,268.23505,269.45914,155.18015,77.9526,316.85178,55.71781,89.41397
439,3.65,358.91422,139.9082,268.02252,269.64832,154.64586,77.98425,316.93951,55.14135,89.45184
440,3.658,359.99408,139.4523,267.47684,270.13867,154.9128,78.00774,317.13284,55.15402,89.28848
441,3.667,360.18619,138.07164,267.18353,270.43939,154.96133,78.15894,317.41177,55.09729,89.29208
442,3.675,360.70386,138.99091,266.70773,270.7106,154.98122,78.12849,317.51666,54.74808,89.22762
443,3.683,361.83328,139.16667,266.4523,271.72864,154.49362,77.80955,317.64282,54.5804,89.20156
444,3.692,363.53018,139.28064,266.16916,271.6748,153.98804,77.98188,318.08072,54.54104,89.2142
445,3.7,364.43015,139.10185,266.40189,270.84119,154.22635,78.57835,318.21652,54.39883,89.21481
446,3.708,365.47964,138.97777,266.48895,270.84119,154.22635,78.57835,318.21652,54.39883,89.21481
447,3.717,365.99936,139.0188,266.20059,270.59146,153.10329,79.01381,318.08612,53.96963,89.2233
448,3.725,367.97562,138.99263,265.17627,270.89706,152.89841,79.1998,318.05829,53.62957,89.17046
449,3.733,368.85013,139.08192,265.28915,271.38113,152.87453,79.67097,318.11096,53.86276,89.20664
450,3.742,370.51447,137.98769,265.24323,271.57904,153.06311,80.02615,318.11096,53.86276,89.20664
451,3.75,371.31766,138.20699,264.52701,271.67374,153.20886,80.16225,317.91165,52.93379,88.99532
452,3.758,372.88693,138.63593,263.80539,271.93091,153.31226,80.51774,318.22156,52.98059,88.98237
453,3.767,374.28046,138.67305,263.10681,272.54553,153.35612,81.46338,318.18335,53.13841,88.88698
454,3.775,375.4635,137.6907,262.95361,272.73282,153.14803,81.6584,318.59848,52.72496,89.06371
455,3.783,377.26129,137.21269,262.68451,273.27225,152.99866,81.86568,319.08289,52.6915,88.98756
456,3.792,379.61148,137.76128,262.58817,273.24088,152.92783,82.29964,319.08289,52.6915,88.98756
457,3.8,380.6799,137.13498,262.28464,273.71133,152.85452,82.95961,319.33789,52.47523,89.36318
458,3.808,381.63885,136.7877,261.58475,273.76566,153.01567,83.13196,320.40109,52.58679,89.9391
459,3.817,383.90781,137.10103,261.27631,273.81473,153.23122,83.50138,320.70212,52.66596,90.38329
460,3.825,385.99557,137.00694,261.12402,274.42392,153.01825,83.97904,320.21289,50.71899,91.53935
461,3.833,386.97614,137.24367,261.19342,275.27197,152.54143,84.30429,320.42221,51.42875,91.62428
462,3.842,388.85757,137.08995,260.78534,274.54111,152.99696,85.63302,320.89868,51.32462,92.28941
463,3.85,390.69446,136.00136,261.86078,274.82571,152.62643,87.05363,321.23941,51.18438,92.33968
464,3.858,392.27185,136.0006,260.5882,274.78378,152.49861,87.93071,322.095,52.04101,92.52563
465,3.867,394.20233,135.9407,260.69498,275.80151,153.08194,88.71365,321.72491,51.94695,93.11708
466,3.875,396.73065,136.49252,261.31216,277.44705,152.57541,89.16835,322.27917,52.62294,93.23296
467,3.883,398.81982,136.38054,260.52335,276.74658,153.24463,90.33149,323.10992,53.00663,93.71828
468,3.892,400.45715,136.50215,260.66812,277.53116,153.39119,91.48618,323.4581,53.00907,94.42799
469,3.9,403.47144,136.05585,260.22968,277.8869,153.20117,92.40249,324.34543,53.58374,96.23215
470,3.908,405.15521,136.29546,260.48975,278.15628,153.34679,94.21584,325.10907,54.19183,96.59217
471,3.917,408.43597,135.93346,261.31747,279.5463,153.54216,95.54884,325.4946,52.91614,97.40343
472,3.925,410.59827,135.78818,260.77557,279.66849,153.46362,97.00919,326.77869,52.79715,98.89942
473,3.933,413.75845,136.25203,262.46381,281.7374,153.86441,98.87963,327.5466,53.62067,99.77908
474,3.942,416.27982,135.97668,261.93091,282.06921,154.28735,101.48792,328.73627,54.31911,102.03901
475,3.95,419.66852,136.28012,263.57532,282.88489,154.86235,103.5667,329.38831,54.42051,103.36123
476,3.958,423.33203,136.73024,263.65921,284.48572,154.20563,106.23093,331.08176,54.68307,106.13369
477,3.967,427.22021,137.26917,264.94385,285.35693,154.64763,108.15088,333.24182,55.63509,107.39827
478,3.975,431.93076,136.24969,266.09167,287.09247,155.46367,111.87567,334.30753,56.77681,110.04147
479,3.983,434.86942,138.44598,266.14694,288.80832,156.59641,115.0644,337.11993,57.0224,111.57526
480,3.992,439.95435,139.37877,267.3475,290.87491,157.65431,117.75907,338.97729,57.31722,114.96191
481,4,443.16666,141.91194,268.96118,293.1188,158.26303,121.44563,340.70682,58.28187,117.24287
482,4.008,449.06763,142.75304,269.04724,295.78113,159.06656,124.66022,344.05692,59.13544,120.82535
483,4.017,454.62915,144.52989,270.84305,299.13852,159.87398,128.98897,347.04449,61.57413,124.14333
484,4.025,460.59235,146.43602,271.52658,300.73993,161.17029,132.68372,351.17288,62.78291,126.64923
485,4.033,466.91748,146.69473,271.97525,304.33624,162.72707,136.86607,353.95911,64.41547,130.24049
486,4.042,473.85519,149.22063,273.5412,307.81665,164.06232,141.54276,358.36322,65.78398,133.158
487,4.05,480.56921,150.24959,274.0549,312.97318,165.81415,146.24655,363.55365,67.93107,137.25177
488,4.058,489.11517,151.31485,274.49084,317.82721,167.60855,150.67723,368.02234,69.28165,140.80956
489,4.067,497.26157,156.04112,276.19958,322.83713,168.63304,156.47734,373.70544,71.08129,144.31172
490,4.075,505.3259,157.47275,277.83121,329.16415,169.15675,161.54311,380.55453,73.06229,148.40001
491,4.083,515.43079,160.38914,280.04813,335.80774,170.15485,167.53929,387.21411,74.06395,152.6046
492,4.092,524.99316,162.97664,280.69952,343.2323,170.60001,173.17043,394.72595,75.51736,156.97845
493,4.1,535.38507,165.35661,282.0054,350.55667,172.32098,179.05238,402.56839,76.79953,161.50252
494,4.108,545.50458,166.72482,284.75699,358.79645,173.00946,185.53989,410.43027,77.83735,166.08946
495,4.117,555.03143,168.59003,285.55716,367.991,173.83318,191.8157,418.12848,78.26932,171.5522
496,4.125,565.98444,169.03825,288.46503,377.27521,175.50945,198.59041,426.76535,80.12634,176.48318
497,4.133,577.84967,168.59096,290.29883,385.8454,176.49382,205.54736,435.62784,80.63372,181.17445
498,4.142,589.01086,169.42558,292.67267,395.68445,177.24724,210.9556,444.95041,81.55401,186.42264
499,4.15,600.66028,166.99379,294.90784,404.61353,177.46225,216.29272,452.81381,81.78337,191.68007
500,4.158,610.10999,167.85757,297.0954,414.81918,178.07242,221.2605,462.36578,81.83026,197.04279
501,4.167,621.06738,166.25047,300.25525,424.91867,178.50714,226.33432,472.40982,81.75923,200.94485
502,4.175,631.76208,167.29242,303.13788,435.32166,178.3645,229.29042,482.20331,82.45811,204.42735
503,4.183,643.25977,168.28168,306.08093,445.51794,178.6947,233.19186,492.8085,82.01285,206.97527
504,4.192,655.70245,168.96907,308.07242,457.20258,178.60614,234.8101,504.38031,82.81742,209.18129
505,4.2,665.91565,169.02132,309.72626,466.68887,179.72774,235.83113,515.93182,82.82967,209.88286
506,4.208,676.42572,167.71532,311.28488,478.55594,180.31746,236.62411,527.35284,83.53236,210.47195
507,4.217,688.42322,167.7984,312.23117,490.41266,180.81664,236.61411,539.73132,84.36886,211.43517
508,4.225,700.34052,167.86328,313.62375,502.5191,182.26624,235.79375,552.07208,84.95817,210.81717
509,4.233,712.013,167.94786,314.39612,516.85065,181.54086,235.68904,564.50348,85.009,210.14622
510,4.242,723.89807,168.32373,314.85574,529.11005,181.68631,232.80132,577.17883,85.11141,209.09964
511,4.25,735.06067,169.1488,315.02557,542.77325,182.86266,230.45708,589.5163,85.0845,206.92671
512,4.258,747.28552,169.25102,315.27902,555.1709,184.18172,227.04379,604.10577,87.19219,205.47137
513,4.267,759.63208,170.18683,315.32086,569.7912,185.60422,223.23732,618.99396,89.46174,202.39119
514,4.275,771.68878,171.69742,314.91168,583.79059,186.99297,218.79137,633.15283,89.71182,197.89539
515,4.283,783.9472,172.28238,314.2168,597.7644,187.61661,214.07256,646.76196,90.2106,194.50865
516,4.292,795.00659,174.30812,314.02444,613.23969,187.37267,207.37158,661.75458,91.35928,190.55852
517,4.3,806.33716,174.82224,313.26425,628.15216,189.22894,201.54213,677.73975,92.88332,186.20866
518,4.308,819.32452,175.99641,312.4866,642.74921,190.90762,195.66521,692.8623,93.3933,181.332
519,4.317,831.14063,175.84952,310.12326,658.50037,191.62651,188.82118,710.84882,96.08476,174.5764
520,4.325,842.69519,177.30475,308.62012,674.32178,194.08319,181.38905,726.27557,96.76862,169.18875
521,4.333,855.45374,177.76379,306.74533,690.58661,195.41689,174.28799,743.16974,98.73521,162.58911
522,4.342,867.06396,178.65222,304.67133,708.21729,196.87634,167.22481,760.81134,99.41996,156.02948
523,4.35,879.09595,179.97984,302.55667,725.74536,198.88025,159.2934,779.22009,101.79942,150.08994
524,4.358,891.05988,180.69832,301.04523,742.64893,199.10335,151.64873,796.80823,103.81609,144.28369
525,4.367,903.35626,180.82513,299.64316,761.74609,201.73442,143.77991,816.52313,105.23429,137.27095
526,4.375,915.50641,181.08856,297.25314,779.5816,203.02406,136.91171,834.67877,107.68365,132.32986
527,4.383,928.14825,182.39082,295.56598,799.25262,204.89378,129.27724,853.83386,110.12418,126.12415
528,4.392,939.20819,183.46654,294.31921,818.08276,206.54909,121.64531,873.02789,110.81604,120.70153
529,4.4,950.53943,183.99333,292.61871,838.00922,207.81769,115.3212,894.12579,112.33693,116.39003
530,4.408,961.91022,185.1377,291.69736,858.10718,209.69266,108.28659,911.60016,114.00668,112.30427
531,4.417,972.54449,185.71103,290.73184,878.54102,211.65636,103.23693,931.534,115.46858,109.68154
532,4.425,983.18744,186.20613,290.56866,898.27338,213.20299,97.52448,950.35748,117.04714,106.8054
533,4.433,993.58563,187.22787,290.57806,917.42468,214.80836,93.93958,969.12488,117.22112,105.13754
534,4.442,1003.42365,187.4071,290.78156,937.88196,216.97511,91.22278,987.8399,118.78043,104.70688
535,4.45,1012.67242,188.0817,291.76563,956.27979,217.61807,90.50702,1005.07941,120.20739,104.56473
536,4.458,1021.90503,188.28021,293.17581,973.81793,217.92303,88.55479,1021.72437,120.68699,105.26884
537,4.467,1030.38586,189.70445,294.53903,990.45935,220.01579,89.27867,1038.86389,122.36811,106.59604
538,4.475,1038.96985,190.34428,296.4111,1005.91516,221.34238,90.25685,1053.72705,124.27478,108.14088
539,4.483,1046.47253,190.53795,297.78329,1019.87897,222.27994,90.74621,1066.6936,124.40392,109.98355
540,4.492,1054.05273,191.84703,299.13385,1032.18738,222.2774,91.4721,1079.88879,125.58589,111.38078
541,4.5,1061.3136,192.51555,299.806,1043.47742,222.16727,91.27971,1090.90393,126.00863,112.97987
542,4.508,1067.70117,193.09886,300.41046,1053.89453,222.24338,91.84397,1101.05298,127.42935,113.73396
543,4.517,1073.75623,193.8322,300.33633,1060.12549,221.53816,91.28432,1109.60645,127.96915,113.89752
544,4.525,1079.97632,194.14166,299.68713,1066.51135,221.4603,89.82226,1116.44067,127.54772,113.9207
545,4.533,1085.23999,195.61079,298.60989,1070.38257,220.53696,89.18114,1121.44812,127.43958,112.57559
546,4.542,1090.25146,196.09421,296.22549,1073.48755,220.20627,87.44422,1126.62158,127.4063,110.98132
547,4.55,1095.23083,197.28824,293.97119,1075.14392,219.98689,85.61048,1128.82654,127.30449,107.37784
548,4.558,1100.52087,197.08653,291.17181,1076.05212,218.94296,82.93906,1129.9469,126.48586,105.50201
549,4.567,1104.99402,198.56779,288.51413,1075.56274,219.35069,80.95323,1130.93774,126.38428,101.5698
550,4.575,1107.85181,196.47691,285.48666,1074.98999,218.33423,77.84772,1129.77808,126.26305,98.48145
551,4.583,1111.01746,197.09663,282.03717,1072.60706,216.65948,74.68636,1128.14209,125.38535,94.49947
552,4.592,1114.03748,196.70709,278.67331,1073.06836,216.43762,72.95599,1127.64282,123.97418,93.56963
553,4.6,1117.98816,196.65193,276.52658,1074.0072,214.67075,73.32703,1129.09302,125.18129,93.34419
554,4.608,1124.55359,199.52681,276.80731,1080.62268,217.09901,74.24152,1138.53369,121.91753,93.63383
555,4.617,1130.0647,198.94724,277.47473,1085.64563,218.2973,74.44124,1142.83057,122.30091,92.67168
556,4.625,1135.51941,198.92462,278.0332,1091.66943,220.81645,73.68191,1144.02295,125.59778,91.05107
557,4.633,1140.7417,198.93285,277.1817,1093.73047,221.7558,74.35648,1145.75562,125.93564,90.07928
558,4.642,1144.96411,198.92947,276.18195,1095.74976,223.92982,73.6876,1147.06799,124.39343,87.83905
559,4.65,1149.48853,197.81107,274.69418,1094.58301,221.76817,73.72455,1146.65747,124.21873,87.72012
560,4.658,1153.83228,196.7411,273.49161,1094.85364,220.61807,74.13651,1146.70703,124.01073,87.7506
561,4.667,1157.33643,195.90367,272.24313,1096.66357,218.97456,75.20634,1146.97498,123.92272,87.30436
562,4.675,1160.41125,195.08908,272.80371,1097.78296,219.73877,75.4776,1148.88489,124.20182,86.68111
563,4.683,1163.67188,195.70256,272.0824,1098.47681,219.66418,74.95316,1149.70996,123.92282,86.50113
564,4.692,1165.56812,196.18492,272.19659,1098.47681,219.66418,74.95316,1149.70996,123.92282,86.50113
565,4.7,1167.83643,196.79639,270.93909,1098.8667,218.92969,74.8383,1149.56165,124.10102,85.59248
566,4.708,1168.55408,197.85136,270.34726,1098.93115,219.43501,75.05064,1149.56165,124.10102,85.59248
567,4.717,1170.53992,198.85045,269.52988,1098.85059,219.4176,74.45014,1149.64087,124.14059,85.46414
568,4.725,1171.39148,200.23235,269.12186,1099.21545,219.3999,74.94518,1149.5741,124.14005,86.31817
569,4.733,1172.14624,200.80429,269.23172,1098.73694,219.28157,74.67546,1149.76587,124.20827,85.38309
