Frame#,Time,L.Wrist.x,L.Wrist.y,L.Wrist.z,L.Thumb.M1.x,L.Thumb.M1.y,L.Thumb.M1.z,L.Thumb.M2.x,L.Thumb.M2.y,L.Thumb.M2.z,L.Thumb.M3.x,L.Thumb.M3.y,L.Thumb.M3.z,L.Finger3.M1.x,L.Finger3.M1.y,L.Finger3.M1.z,L.Finger3.M2.x,L.Finger3.M2.y,L.Finger3.M2.z,L.Finger3.M3.x,L.Finger3.M3.y,L.Finger3.M3.z
1,0,1454.00854,-165.0531,881.23413,1459.78491,-120.02144,849.69159,1486.57263,-102.8996,810.40936,1518.26111,-130.35844,769.76208,1479.22961,-179.20149,802.8775,1506.91296,-202.18968,767.63556,1551.41321,-158.02438,783.67084
2,0.008,1443.75183,-164.96925,884.34625,1447.50757,-120.64397,851.92126,1473.79248,-103.12993,813.26074,1504.27673,-130.90198,772.90656,1466.59387,-179.87114,805.875,1493.13489,-203.08148,770.55127,1539.00183,-159.0737,785.94446
3,0.017,1434.0105,-164.30821,886.97388,1437.20325,-117.48009,854.8147,1461.31079,-101.89838,815.8562,1493.26794,-132.50569,774.43341,1455.2312,-177.29611,806.99036,1481.10327,-202.99928,773.38953,1530.50061,-158.50401,787.70892
4,0.025,1421.89746,-163.088,890.96887,1428.61279,-120.17796,859.2453,1451.92957,-102.99477,817.91321,1487.1178,-132.31459,777.79431,1443.85461,-178.65434,812.12354,1469.72168,-203.24332,775.51904,1520.71887,-158.68054,790.276
5,0.033,1412.50488,-162.64326,893.86261,1418.03931,-118.90856,862.30725,1442.8822,-101.74383,821.79358,1472.50159,-133.68439,781.02869,1433.06677,-177.52858,813.85858,1458.46143,-202.10367,778.70538,1509.08765,-159.62025,793.2771
6,0.042,1403.49475,-163.10257,897.33612,1408.78796,-117.91647,865.65936,1431.83435,-101.07492,823.47839,1462.22852,-133.20726,783.2655,1421.96924,-177.46185,817.00012,1446.91736,-202.4109,781.49475,1494.90027,-161.3873,795.4021
7,0.05,1392.92371,-162.08769,898.89697,1399.0603,-119.79062,868.75507,1422.92297,-103.0399,827.13092,1455.13977,-134.49678,783.43475,1411.90332,-178.37099,819.54456,1435.80054,-202.59311,783.50897,1481.36316,-163.28529,796.46454
8,0.058,1383.56482,-162.16293,902.40985,1387.776,-117.82354,870.14789,1410.3042,-100.45282,830.01672,1439.6366,-132.9382,787.84613,1401.06543,-177.86572,821.79993,1424.78235,-204.04344,785.29352,1472.2196,-163.48099,800.70563
9,0.067,1373.72827,-160.95222,904.68182,1377.39978,-116.83278,872.38397,1403.43896,-101.07462,832.47125,1429.9906,-133.79483,790.80902,1390.45313,-177.42802,825.05737,1414.60583,-203.21709,788.91553,1461.9176,-163.713,802.22461
10,0.075,1364.62195,-161.18729,907.6803,1370.53076,-116.18623,875.73676,1394.25964,-102.39388,834.72125,1421.79187,-136.06366,792.1264,1380.1908,-177.76038,827.10004,1403.78076,-204.19057,791.15845,1451.30554,-163.70673,803.45844
11,0.083,1354.16089,-160.27269,910.64441,1361.1615,-114.19463,877.41638,1383.08179,-101.32095,837.47961,1412.59033,-134.91829,794.00586,1370.37769,-176.39429,828.97211,1393.38477,-202.73723,794.36749,1441.08545,-164.70294,806.65985
12,0.092,1346.05249,-160.01591,913.03992,1352.23376,-115.85822,881.20978,1374.31213,-100.02083,838.60004,1401.92444,-133.91409,798.02838,1360.75696,-176.83038,832.35431,1383.17322,-203.79846,795.46332,1430.88171,-165.15562,808.82709
13,0.1,1337.53552,-160.21716,915.78552,1342.43372,-114.84933,882.6297,1365.99878,-102.36712,841.29181,1391.55334,-135.61926,798.53094,1351.10803,-177.48242,834.63336,1372.77759,-204.04411,799.22974,1421.24451,-166.20444,810.54077
14,0.108,1327.32141,-159.30022,917.49738,1332.95898,-114.63785,884.16876,1356.18018,-102.74098,842.89484,1383.66626,-136.20311,801.98712,1340.76294,-175.7881,836.88837,1362.52625,-204.4323,801.0484,1412.80957,-163.56693,810.39459
15,0.117,1319.92542,-159.10747,920.25702,1324.88171,-114.55443,887.21222,1349.13403,-100.31495,845.09558,1374.77039,-135.94102,804.24908,1332.50293,-176.24559,839.59186,1352.09668,-204.07263,802.72723,1402.83435,-166.67616,813.56024
16,0.125,1310.26001,-159.06145,922.28229,1317.21826,-116.25362,889.6908,1339.72388,-102.01981,846.06104,1364.17993,-136.62361,805.33105,1323.63184,-178.04372,841.75262,1343.67285,-203.86552,804.8363,1392.75757,-169.8774,816.50476
17,0.133,1302.02441,-155.9547,925.03558,1309.29968,-113.68758,891.36774,1332.60645,-102.82729,848.09644,1358.14612,-138.53293,807.77942,1313.73523,-176.9872,843.26245,1333.83813,-203.75958,806.5083,1384.42249,-170.23952,818.24677
18,0.142,1294.48462,-157.05676,926.44159,1300.47522,-113.45938,893.04663,1322.53552,-100.4488,850.26251,1348.13379,-139.02292,808.78998,1304.79614,-176.52588,845.65942,1323.29016,-203.46068,808.48004,1375.12976,-167.36337,818.04926
19,0.15,1285.75513,-157.54391,927.47333,1293.32568,-114.57626,895.14526,1313.92505,-101.68278,851.13361,1339.6521,-138.20596,809.6568,1295.88965,-177.06853,847.52997,1315.03064,-205.31261,810.17688,1365.74036,-168.59972,820.03046
20,0.158,1278.52307,-156.57608,930.39636,1283.76172,-112.79161,896.97699,1306.5354,-101.03696,853.09174,1330.15002,-137.39116,811.86829,1287.43689,-175.08261,848.54767,1307.14136,-205.83997,813.96796,1358.04602,-172.21219,822.24164
21,0.167,1270.7467,-157.77678,931.45679,1276.39563,-112.74467,897.83459,1300.25696,-102.35901,855.04907,1320.41089,-138.64008,813.14014,1278.98083,-175.40248,850.20471,1297.38733,-205.34979,814.51147,1349.69836,-171.71179,822.96289
22,0.175,1263.42871,-156.08662,932.45337,1269.0144,-113.53853,899.59167,1289.65588,-101.48862,856.21387,1314.85632,-141.61021,815.12756,1270.69824,-176.04013,852.47968,1287.66907,-204.74319,815.58801,1340.82434,-170.05081,822.86218
23,0.183,1256.04822,-156.94237,935.15161,1259.75549,-112.49121,901.40509,1284.93237,-101.82277,857.35388,1306.84985,-139.48189,815.45453,1262.81299,-176.80557,853.48755,1282.20178,-205.25829,817.10089,1332.82825,-171.28932,825.17865
24,0.192,1248.30652,-154.24774,935.6347,1255.84326,-112.04738,902.46503,1275.1145,-102.34342,858.63464,1299.2915,-141.21906,817.58722,1255.66589,-175.86336,854.15277,1273.30115,-205.82231,818.04749,1325.35767,-172.0049,825.34882
25,0.2,1242.17078,-155.31161,937.03113,1247.7594,-111.61708,903.21216,1269.81616,-101.54855,858.89044,1291.64343,-141.28421,818.31262,1247.7981,-174.13246,854.81,1265.93481,-205.17935,819.92926,1317.41138,-172.52361,826.98755
26,0.208,1235.6814,-154.55423,937.40332,1240.64917,-113.55386,903.06372,1261.98328,-100.92163,858.58905,1283.46436,-141.17517,817.84479,1240.776,-175.70262,857.24017,1257.93652,-204.5386,820.94659,1309.95044,-171.16444,825.93597
27,0.217,1228.47034,-154.22107,938.81726,1233.21167,-111.91282,904.27399,1255.47168,-101.2355,859.52911,1276.87598,-141.9252,819.64136,1233.95081,-175.91638,858.47656,1250.58728,-205.41573,821.44897,1304.29785,-169.98088,824.20093
28,0.225,1222.76489,-154.04829,939.60901,1227.73889,-111.34809,905.38135,1248.15759,-102.3321,861.07123,1270.54797,-140.97646,819.17493,1227.3064,-176.03902,858.77075,1243.50903,-204.12395,821.36877,1295.82373,-169.17053,826.37976
29,0.233,1216.22937,-154.14688,941.01416,1221.8894,-111.92583,905.27435,1243.21558,-103.20577,862.78741,1264.79907,-142.40349,819.95789,1220.8269,-174.62694,858.93829,1236.68469,-205.09555,822.28156,1289.97437,-169.14648,826.90485
30,0.242,1211.33777,-153.72913,941.33105,1216.24316,-112.06462,908.41528,1235.17871,-100.19189,863.80304,1256.02234,-140.84602,821.47418,1215.62646,-175.37798,860.21002,1230.11609,-203.56699,823.25409,1282.65186,-169.71417,826.88116
31,0.25,1205.67566,-154.90309,942.84686,1210.40955,-111.23869,908.13226,1231.43652,-100.01812,863.56689,1250.18335,-138.99074,820.58997,1209.13635,-174.89987,860.25787,1223.89453,-203.4297,823.1178,1276.53967,-167.25954,826.27557
32,0.258,1199.61938,-153.92932,943.30817,1205.80078,-110.24747,909.55786,1224.65295,-100.73406,863.17297,1244.89709,-139.03348,821.15448,1203.77502,-174.98055,861.00818,1219.26282,-203.85699,824.07178,1271.06421,-164.72339,826.50861
33,0.267,1194.76013,-154.27797,942.54987,1199.78149,-108.92609,908.94147,1220.0542,-99.95857,863.1145,1239.59058,-138.08723,821.63776,1197.9519,-173.10547,861.20294,1213.44373,-203.84627,823.80981,1265.74182,-169.76897,827.18457
34,0.275,1189.38599,-152.60782,942.97046,1194.39514,-110.75083,907.81494,1213.95825,-97.56114,863.01196,1234.56116,-139.24573,822.01141,1193.50427,-173.77547,861.20038,1208.38232,-202.26862,824.25354,1259.85132,-165.11876,825.76648
35,0.283,1185.76672,-152.61761,942.92572,1190.11841,-108.03583,909.57709,1209.42554,-99.10038,863.35962,1228.29822,-137.80093,820.9538,1188.88281,-174.26511,861.75146,1202.69653,-202.21007,823.97351,1255.24744,-163.65738,825.66309
36,0.292,1180.00244,-153.27187,943.48486,1183.8606,-110.3434,908.56458,1203.85205,-97.96615,862.86102,1224.21228,-136.89839,820.19928,1183.89282,-173.87175,861.78662,1198.46619,-203.13751,824.51129,1250.78027,-165.33801,825.42871
37,0.3,1177.37244,-152.54283,942.94568,1181.38171,-110.2906,908.55151,1198.77795,-100.2097,863.17328,1220.35876,-137.56715,821.16345,1179.60046,-173.40265,861.74133,1195.11768,-202.66096,824.25122,1247.00977,-165.57291,827.37762
38,0.308,1173.7699,-152.3923,942.45032,1175.76746,-107.94775,908.51282,1194.27283,-98.17068,863.383,1216.07129,-137.25513,820.49554,1175.05859,-172.3884,861.24719,1191.26392,-202.08684,824.10327,1241.81152,-166.33362,825.95007
39,0.317,1170.17493,-153.34897,942.79089,1172.4104,-109.50277,907.33289,1191.78308,-96.3951,862.30969,1211.91028,-137.52966,819.92957,1171.84705,-172.10822,860.33124,1185.65747,-200.48424,823.47699,1238.06921,-163.86574,824.66144
40,0.325,1165.98547,-152.24017,941.79681,1169.98328,-109.90527,907.88654,1187.89148,-97.24968,863.00934,1208.18396,-137.11021,819.77045,1167.80701,-171.36919,859.57941,1181.84204,-199.6553,822.59631,1234.35449,-162.42059,823.49945
41,0.333,1162.48083,-152.14711,941.17706,1164.32117,-107.96725,907.08331,1182.86389,-97.21128,862.48401,1204.44238,-135.87396,818.84155,1163.93262,-172.19989,859.7381,1180.16003,-200.01225,822.27826,1231.13538,-161.69235,822.55566
42,0.342,1161.64429,-152.65042,940.97003,1161.53906,-109.47104,906.66736,1181.38477,-96.73887,861.33044,1201.57971,-136.44151,818.93768,1162.10156,-171.82428,859.42682,1177.77271,-199.88377,822.22083,1229.17175,-161.02771,822.54865
43,0.35,1157.67859,-152.87138,940.26727,1158.77002,-109.40204,906.32062,1178.31567,-97.12453,861.12775,1199.2207,-135.50394,818.22321,1159.71545,-171.16379,859.21039,1174.51428,-200.10573,821.63904,1225.73645,-158.79196,821.66071
44,0.358,1155.02515,-152.76494,939.68378,1157.48425,-108.93304,906.00476,1175.05298,-95.20646,860.74042,1196.22791,-135.06157,816.80005,1157.18396,-170.76733,859.16296,1172.89648,-199.09987,820.30951,1224.83264,-162.79448,821.89459
45,0.367,1153.30261,-151.60875,939.42627,1152.90442,-106.58264,906.01831,1171.33582,-94.81995,859.96466,1195.5835,-134.81003,815.76379,1155.47009,-169.92555,858.31451,1172.58606,-199.16284,819.77173,1221.43811,-160.44106,820.46991
46,0.375,1151.92957,-151.34773,936.57654,1152.88159,-106.94936,904.51971,1170.64136,-94.77361,858.84729,1194.18469,-135.50412,814.46143,1153.02393,-169.48627,855.97498,1169.43408,-197.74045,817.78528,1220.87195,-160.29373,819.79816
47,0.383,1149.44165,-151.03537,935.32617,1150.995,-108.08875,902.00055,1169.5321,-95.30679,857.27881,1191.33459,-132.03583,814.32111,1152.2074,-169.1006,854.11127,1168.41699,-196.98232,815.68732,1220.24451,-160.04608,817.25812
48,0.392,1148.75891,-150.69836,934.61285,1148.27454,-109.30154,900.62646,1167.40027,-94.47417,855.64026,1189.36438,-131.5054,813.51282,1151.69971,-169.3306,852.85767,1168.34644,-196.88298,815.617,1219.27673,-158.91045,816.08459
49,0.4,1147.19238,-150.98116,933.62207,1147.16724,-108.21221,899.31299,1166.86841,-93.79339,853.81348,1189.80371,-131.58572,811.58044,1151.40222,-169.3459,851.97449,1167.32324,-195.32487,813.78925,1219.12488,-158.45366,815.5517
50,0.408,1146.40747,-149.94077,931.93854,1147.03003,-108.25767,899.2196,1166.42627,-93.79319,853.41046,1188.74646,-129.26979,811.4967,1150.51245,-168.03044,850.48505,1168.64575,-194.64415,813.11688,1218.70886,-157.1239,814.50952
51,0.417,1144.73572,-149.60344,929.24365,1147.24414,-106.31132,894.85828,1165.53418,-92.95372,852.17816,1189.56921,-128.83713,808.6748,1150.09021,-167.54526,848.10614,1167.84497,-194.52359,810.84381,1218.099,-156.58028,813.02643
52,0.425,1145.52368,-150.80103,928.27051,1146.58972,-107.12579,894.34131,1165.38501,-93.10874,850.34009,1189.97974,-128.19507,807.633,1151.33105,-168.19835,846.05786,1168.45886,-194.4695,808.53571,1218.24023,-156.58908,811.76239
53,0.433,1144.66138,-151.52238,925.71783,1146.25659,-105.79007,892.23737,1165.89624,-92.01904,846.77911,1191.63928,-129.20128,806.45679,1151.57007,-168.21434,844.23712,1169.44983,-194.46886,806.91248,1219.77417,-153.71873,809.28448
54,0.442,1145.43506,-150.57672,923.08777,1145.80469,-106.60384,890.65686,1165.82642,-92.28333,846.45398,1192.2373,-127.08009,804.09045,1151.9043,-168.28444,843.05621,1171.16309,-193.59555,805.17407,1220.11511,-153.20094,808.28131
55,0.45,1144.80481,-150.90854,921.12109,1146.60681,-107.3101,887.29254,1166.23206,-92.19612,845.32141,1191.96606,-126.36304,802.73096,1152.2052,-166.48517,840.04181,1173.11499,-193.50085,803.22644,1222.5603,-153.30559,806.87921
56,0.458,1145.41187,-151.37769,919.02594,1147.00195,-105.72997,885.31665,1166.94543,-91.92097,841.61298,1194.86414,-126.60672,800.42273,1154.70471,-166.61705,837.7298,1174.52234,-193.0789,800.4668,1224.09851,-151.01079,803.52173
57,0.467,1146.23108,-149.74089,915.23987,1146.09595,-106.47718,883.63831,1168.13867,-92.39104,839.26257,1196.61536,-126.77037,799.20691,1156.23157,-166.93965,835.23706,1176.67419,-192.79129,798.83099,1225.60889,-151.95052,802.67474
58,0.475,1147.12305,-148.92986,914.03796,1147.46484,-107.47301,879.5401,1169.36353,-91.70398,837.82361,1199.12244,-126.29242,796.80225,1158.83032,-166.00209,833.64972,1179.36108,-192.21629,797.92102,1226.60852,-151.95016,801.98022
59,0.483,1148.22717,-148.86967,911.82117,1148.58606,-105.79497,878.31433,1170.43091,-91.04861,836.1076,1202.60669,-124.37717,794.44568,1160.60388,-166.43495,831.30334,1183.8031,-191.73824,795.39117,1231.10681,-151.96149,802.00049
60,0.492,1148.73242,-148.90312,909.41626,1151.80029,-104.046,875.54932,1173.74316,-89.60178,832.97528,1201.27332,-124.14025,793.52136,1162.43225,-165.96455,829.59558,1185.74902,-191.10428,794.35303,1233.35803,-148.73032,797.91937
61,0.5,1149.88831,-148.78323,906.71631,1153.22363,-104.16944,873.23694,1174.99194,-89.3895,832.29608,1204.77209,-125.66494,791.94891,1164.94104,-165.90649,827.46753,1188.60925,-191.91209,792.026,1238.75049,-148.59277,798.18811
62,0.508,1152.12769,-149.74483,904.95813,1153.80237,-104.82259,870.8924,1174.59839,-89.88374,830.89368,1209.84692,-124.73389,790.24408,1169.01746,-165.30249,825.25153,1193.55859,-192.13376,791.1889,1239.74829,-149.12064,796.99182
63,0.517,1152.46838,-148.92935,902.25098,1156.5896,-104.21616,868.74304,1178.75012,-90.21605,827.3869,1210.45605,-125.09114,790.13586,1171.69092,-165.18466,822.91541,1197.84961,-191.9124,790.23175,1245.02661,-146.62335,796.68378
64,0.525,1153.57324,-148.71567,899.79675,1156.81274,-104.72551,867.32129,1183.92615,-88.05479,825.27875,1215.36926,-122.69112,791.53217,1174.49902,-164.76874,821.20172,1200.02661,-191.32182,788.43384,1248.52722,-148.03575,796.32483
65,0.533,1154.92676,-147.84422,897.61444,1156.83765,-104.47236,864.35126,1184.74658,-87.61655,824.79828,1222.19165,-122.89081,788.3457,1178.20825,-164.78517,819.65674,1204.10498,-190.71565,786.65375,1249.99829,-149.19608,797.93561
66,0.542,1158.84741,-148.56595,894.9682,1160.21338,-102.84784,862.10321,1188.45947,-88.23643,821.50952,1225.78979,-123.8051,788.06769,1181.71936,-165.14323,817.93018,1207.81042,-189.81784,784.84778,1255.4259,-145.6086,792.91895
67,0.55,1159.26721,-147.03069,892.9361,1163.42749,-101.59449,860.77502,1188.89795,-88.30217,820.23859,1223.16711,-122.90153,786.21777,1184.14539,-164.97372,816.40485,1211.11389,-190.18152,784.06274,1256.30322,-145.10391,792.37811
68,0.558,1160.89502,-145.46303,891.23541,1164.66785,-101.80367,859.547,1194.4657,-86.31644,818.31775,1231.82593,-120.66599,782.58685,1186.11841,-163.53983,814.24121,1215.27441,-188.62099,783.51001,1259.8396,-145.07681,791.82068
69,0.567,1161.45471,-145.131,889.10022,1166.30896,-100.88924,854.64026,1194.59326,-86.37642,817.66138,1233.13,-122.19458,785.10144,1188.83301,-163.96765,812.17902,1217.64905,-187.48123,781.79852,1261.93457,-143.80011,791.72882
70,0.575,1162.38574,-145.01852,886.87628,1166.10425,-100.9072,853.4408,1196.25586,-85.11034,815.17639,1235.49402,-121.23788,781.97913,1191.33533,-162.92087,810.89783,1220.45813,-187.5731,779.93927,1264.36438,-143.65929,790.60956
71,0.583,1162.21692,-144.6991,885.09906,1168.43982,-100.77069,851.94293,1197.01758,-85.4943,813.81775,1239.42285,-120.14065,782.59558,1193.61475,-162.06856,808.32489,1222.55383,-187.27197,778.87921,1267.29993,-143.94006,789.0932
72,0.592,1165.9054,-145.38576,881.33185,1169.70813,-99.6701,850.42957,1199.31555,-84.46877,811.57471,1240.51721,-119.02586,780.70844,1195.68018,-160.88991,806.67072,1226.35254,-185.85168,776.96228,1269.87024,-143.13596,792.09546
73,0.6,1166.32617,-144.44429,880.16821,1171.16833,-98.48527,847.59631,1201.33887,-83.30877,810.51361,1243.20618,-119.07729,780.96887,1197.9668,-160.55453,806.02991,1228.23792,-185.9274,776.13745,1271.03027,-142.88426,789.78577
74,0.608,1167.59387,-142.3535,877.80151,1172.0769,-98.88654,845.47809,1201.66711,-83.54403,811.00964,1246.23608,-117.96949,780.7038,1200.28943,-160.01251,803.28894,1230.48755,-184.99059,775.04584,1273.98376,-141.79543,790.71729
75,0.617,1168.03479,-143.57823,875.07922,1173.30847,-98.78944,843.23926,1205.2052,-81.73616,807.13373,1247.85168,-116.46789,781.13281,1202.35095,-159.98254,802.56262,1233.34875,-184.48308,774.0979,1275.80859,-140.44664,790.70154
76,0.625,1168.71326,-142.99124,874.44379,1174.76086,-98.82003,841.0448,1203.00024,-82.9533,805.71539,1253.12158,-114.42715,781.862,1202.44751,-157.40671,799.76959,1235.38733,-183.36328,772.31433,1278.09021,-140.53546,790.37939
77,0.633,1168.89612,-141.66833,872.33502,1175.08728,-98.01845,840.54944,1204.48218,-82.4502,804.09949,1251.33765,-113.75294,778.44757,1204.08728,-157.26572,799.15961,1236.91492,-183.10759,771.81342,1278.79126,-140.35774,790.48065
78,0.642,1169.26599,-141.88254,871.65363,1176.52246,-98.02092,839.81287,1205.7312,-81.78793,803.51208,1252.42542,-113.15726,778.27899,1205.40601,-157.10954,798.85724,1238.7572,-182.62114,771.55658,1280.00378,-138.86398,789.93591
79,0.65,1169.08313,-141.84047,870.75952,1175.92151,-97.63173,840.31659,1205.7312,-81.78793,803.51208,1252.42542,-113.15726,778.27899,1207.88098,-157.54636,798.4137,1240.5127,-181.98257,771.95392,1282.39539,-137.48099,790.73193
80,0.658,1169.17603,-141.54723,870.64124,1175.21924,-97.42316,839.19342,1206.81006,-81.50471,803.3252,1254.80554,-113.30492,777.12952,1208.38123,-157.18887,798.10291,1241.5918,-181.29028,771.89777,1283.5022,-137.39151,790.77509
81,0.667,1169.52612,-141.53456,869.83801,1175.47961,-97.69884,837.80566,1205.99023,-81.51923,803.31793,1254.92175,-113.11474,776.82184,1208.8905,-156.57088,797.62885,1243.61035,-179.82813,771.46521,1283.66089,-136.63516,790.86475
82,0.675,1169.54846,-141.39734,869.3999,1175.88025,-96.58044,837.94873,1205.99023,-81.51923,803.31793,1252.99634,-112.57438,778.81512,1209.26855,-156.03821,798.67328,1244.0592,-180.40862,772.20416,1283.47607,-135.84084,791.29071
83,0.683,1168.60339,-141.3358,868.41956,1174.79419,-97.04049,836.83508,1205.90039,-81.37421,803.44843,1256.01587,-110.67154,778.64764,1209.01208,-155.70155,798.82861,1244.00049,-180.19301,772.39661,1284.21021,-134.21022,792.41577
84,0.692,1168.75,-141.29584,868.58832,1173.73425,-96.86877,837.19574,1207.34131,-80.51153,804.05426,1255.56519,-110.01541,778.87646,1209.03552,-155.6226,798.34039,1244.89563,-179.77568,772.72778,1283.63757,-134.51746,795.88568
85,0.7,1166.8783,-140.81653,869.09937,1174.16162,-96.75156,836.93744,1205.92651,-80.44681,804.48285,1254.34924,-109.66093,779.66333,1208.92261,-155.10344,798.6651,1244.71289,-178.56503,774.65985,1282.88269,-134.00009,796.39264
86,0.708,1165.62244,-140.34152,869.49084,1171.45752,-96.87672,838.41492,1207.7439,-77.76547,805.07898,1251.5946,-108.88386,780.64838,1208.50964,-154.0874,799.28723,1243.08643,-176.75787,774.69281,1282.11157,-132.63437,794.4245
87,0.717,1164.46399,-140.50797,869.19836,1169.21143,-96.47685,838.53955,1206.37085,-77.53878,805.37488,1251.56433,-109.62985,779.9621,1206.28027,-152.97765,800.33484,1243.29199,-176.83699,775.44257,1281.26807,-131.19785,797.7843
88,0.725,1163.42517,-140.59975,869.40656,1167.51294,-96.28209,838.88794,1202.56897,-76.50505,805.60071,1250.60718,-106.06332,782.61884,1205.99377,-151.89076,799.27795,1241.57104,-174.96161,776.16016,1280.63293,-130.55731,798.36475
89,0.733,1160.12439,-139.88246,870.42944,1165.92578,-95.08902,837.88763,1201.33594,-75.71404,806.23224,1249.27466,-104.73911,782.62097,1204.38879,-151.88367,800.11041,1240.51123,-174.34178,776.12677,1278.03027,-128.42094,797.25964
90,0.742,1158.99902,-140.63123,870.57019,1164.01013,-94.29641,837.31927,1199.7345,-75.75323,806.99603,1247.40503,-104.63758,782.77148,1204.276,-152.89627,800.45587,1239.62903,-173.5533,776.21552,1276.02869,-126.50916,797.34491
91,0.75,1156.53601,-139.58293,870.25665,1163.52747,-94.86119,836.41858,1196.48682,-75.48859,806.82635,1246.25391,-103.52695,783.53241,1202.00659,-152.67955,801.64832,1237.91187,-173.64635,776.9776,1276.32727,-127.44016,799.33282
92,0.758,1154.45984,-139.45747,870.46356,1159.13184,-94.80178,837.63385,1193.19324,-75.84756,807.13434,1244.06665,-101.87371,782.31079,1198.9668,-149.54985,799.91327,1236.21497,-171.91104,777.19171,1272.49622,-126.94733,799.54657
93,0.767,1153.23865,-140.02565,869.15466,1154.97852,-96.89474,836.85803,1192.71277,-73.83668,806.52271,1241.74329,-101.34576,782.56226,1197.31445,-149.96397,800.05762,1233.92761,-169.66565,775.80212,1270.38123,-124.49305,798.37048
94,0.775,1148.61572,-139.44106,869.44202,1153.83362,-95.95982,836.84338,1191.37085,-71.93807,805.6687,1242.37402,-99.40566,784.24939,1195.74109,-150.6813,800.22095,1232.26416,-169.21967,775.72693,1268.00061,-123.23627,798.66351
95,0.783,1146.9386,-139.8557,867.85242,1151.85608,-94.39832,837.11908,1187.91418,-72.39681,805.79834,1236.05994,-99.48238,781.66559,1192.71887,-150.11612,799.89984,1231.33618,-168.97186,775.64825,1266.78455,-124.29417,799.0672
96,0.792,1143.25012,-139.89066,867.09857,1144.45618,-97.98525,835.07593,1182.22705,-73.21792,804.47278,1236.05994,-99.48238,781.66559,1190.6637,-150.4066,798.9975,1228.4325,-168.45741,774.63605,1263.66223,-124.3842,799.24426
97,0.8,1141.42493,-140.89626,865.83801,1141.41638,-98.93515,832.58551,1180.72351,-72.79817,804.12958,1230.07935,-99.42737,781.42078,1187.63513,-149.10114,798.30707,1226.36707,-168.55734,773.4892,1260.67407,-124.13581,798.125
98,0.808,1137.8335,-140.09721,865.17853,1140.31311,-97.15678,830.60657,1178.60303,-72.60508,803.65222,1228.45618,-97.31229,781.57233,1184.96509,-149.47696,797.54462,1223.25195,-168.68932,772.98962,1257.62488,-119.92677,796.13013
99,0.817,1135.89465,-141.44829,864.64435,1133.90295,-99.01807,830.83362,1173.56104,-73.97206,803.56311,1225.24316,-98.16766,781.90771,1182.35229,-149.94873,797.68066,1219.79163,-167.94916,773.3385,1252.88672,-114.87282,794.95923
100,0.825,1131.39734,-140.82779,863.79382,1133.00439,-98.63241,830.55847,1172.57983,-73.46296,803.10193,1220.88013,-97.53796,782.74109,1178.79443,-150.21439,797.06989,1217.33459,-165.01651,772.53351,1249.28308,-115.30892,794.70258
101,0.833,1128.27393,-142.75584,862.62817,1128.85071,-97.90145,829.97119,1165.20605,-73.33983,801.69006,1217.02454,-92.66588,783.81726,1175.33508,-149.64525,796.04376,1214.1781,-166.43541,771.77789,1247.8241,-119.38945,795.46405
102,0.842,1123.57166,-141.71762,861.91876,1123.98987,-98.14046,829.28174,1163.82593,-73.33762,801.21796,1211.76355,-94.17152,783.04907,1173.38574,-149.19879,795.367,1211.3418,-166.17937,771.98706,1244.58972,-120.20036,795.95874
103,0.85,1120.89282,-141.45145,860.40051,1119.72876,-99.61756,828.9082,1159.19409,-74.16897,799.78448,1207.05737,-93.257,782.87848,1168.4552,-151.42438,796.27496,1208.47937,-167.85489,771.20093,1242.47412,-125.43835,795.9071
104,0.858,1116.9104,-143.10323,859.7619,1119.33264,-99.06824,826.48828,1157.34338,-72.69492,799.31842,1206.67529,-100.65394,780.8255,1164.40796,-150.32826,795.39783,1205.02502,-168.06664,770.68414,1238.37769,-126.39964,795.83649
105,0.867,1112.51221,-143.11098,859.71436,1111.93054,-100.39249,826.164,1151.09106,-73.84135,797.36053,1198.57947,-98.23967,779.93225,1160.29456,-151.66069,793.32434,1200.48669,-168.34454,769.98669,1234.8988,-126.17124,795.3949
106,0.875,1107.36816,-143.50484,858.61346,1107.44873,-101.83481,825.64722,1145.68323,-75.3312,797.4577,1193.24487,-102.88348,778.48273,1156.68225,-151.28261,792.75299,1197.49988,-167.85143,769.67468,1232.16162,-124.53909,794.32678
107,0.883,1103.40222,-143.07803,858.25098,1103.49133,-100.37392,825.05127,1139.12585,-76.50462,796.27002,1189.36646,-101.36406,778.67871,1151.92407,-149.60103,791.9223,1192.50598,-169.31422,769.47217,1225.80518,-125.84826,794.68756
108,0.892,1097.95618,-143.51097,856.01874,1103.10876,-98.70906,823.81866,1138.21912,-76.28555,796.17938,1189.24304,-107.09935,779.33722,1147.40649,-151.50081,791.55121,1187.72583,-169.24123,768.79938,1219.20874,-121.42556,792.76709
109,0.9,1094.198,-144.66551,854.44086,1096.88904,-100.14317,823.03912,1128.39551,-76.63223,794.39868,1183.62891,-103.68768,779.71759,1142.70752,-151.12148,790.47827,1183.13391,-166.14349,768.4967,1212.67822,-116.90974,792.10999
110,0.908,1089.37744,-144.13049,854.89783,1091.5177,-98.82268,822.2865,1126.01172,-76.80772,794.02417,1177.38379,-103.27525,777.9223,1138.13208,-150.45338,790.7688,1178.1062,-165.92744,767.40039,1207.82336,-120.42036,792.25018
111,0.917,1083.56689,-144.68242,853.83917,1082.39661,-101.78243,821.94928,1123.78137,-76.56819,793.84467,1167.40283,-102.4642,776.28595,1132.90967,-149.98387,787.81055,1174.10632,-167.98251,765.28442,1203.99768,-118.10423,789.36481
112,0.925,1077.68079,-145.62633,853.49792,1077.66284,-101.2558,820.25366,1110.76978,-78.04003,792.67505,1161.72571,-106.07881,773.61316,1127.50073,-152.42374,786.73895,1168.99097,-168.23067,764.68298,1199.45349,-119.03837,789.02167
113,0.933,1072.33191,-146.04109,852.44952,1064.26062,-104.93773,819.7627,1110.80237,-77.03063,791.00336,1152.09045,-106.29175,771.69183,1122.82593,-151.71848,785.87958,1164.42285,-167.31207,763.93237,1192.99182,-118.43211,788.30542
114,0.942,1066.0636,-146.84889,850.19568,1063.96252,-103.2617,819.42212,1101.8429,-78.6451,790.4455,1148.68433,-105.72018,772.00415,1116.52686,-151.88326,784.74323,1157.9845,-166.63873,762.78784,1188.13025,-118.08932,787.75696
115,0.95,1061.34448,-146.32278,849.4939,1058.80896,-103.96467,819.23254,1095.79944,-79.04218,789.0827,1142.89502,-105.9416,771.21356,1111.61426,-154.63968,783.85718,1152.08118,-167.50682,762.1424,1181.30872,-117.09137,786.37427
116,0.958,1055.22876,-147.51048,849.13684,1052.33325,-103.28417,815.86713,1090.78308,-78.64288,787.99255,1136.64697,-106.20983,769.76227,1105.26392,-152.67413,782.08569,1146.55225,-166.93388,761.46857,1176.26819,-119.00744,785.02325
117,0.967,1049.83679,-146.62038,848.05835,1050.40625,-102.0423,816.2326,1083.32153,-78.00237,786.88928,1134.33875,-103.85051,769.12738,1099.43591,-155.23723,782.02429,1139.18066,-168.66455,760.13208,1168.96423,-117.27924,783.37854
118,0.975,1042.71228,-148.69328,847.01489,1046.02856,-102.46661,816.04523,1077.26111,-79.39949,785.89801,1125.93127,-104.70638,768.18744,1092.69141,-153.1785,781.2196,1133.84924,-168.5681,759.71539,1162.45959,-117.68237,782.71667
119,0.983,1035.53613,-148.90596,846.80078,1038.07666,-102.41002,812.89508,1067.97009,-80.8698,785.77576,1122.29114,-103.83778,767.32825,1086.72461,-154.59503,779.79901,1126.3429,-168.12415,757.8645,1155.39417,-117.7515,780.97644
120,0.992,1029.66577,-148.95195,845.98712,1032.45972,-103.63673,812.33923,1066.92383,-80.63098,785.73889,1110.71899,-107.65519,765.70642,1080.37891,-155.29015,779.0296,1120.27917,-168.89011,757.71411,1149.7738,-120.17339,781.07501
121,1,1022.65259,-149.832,844.69983,1023.62805,-105.05353,812.10626,1055.14185,-81.45457,783.8006,1103.76599,-109.0957,763.51892,1072.62061,-156.10966,778.01807,1112.474,-169.03043,755.68829,1143.26685,-121.51053,779.9126
122,1.008,1015.68982,-150.19833,843.22986,1018.99066,-106.43954,812.02087,1054.07129,-81.06892,783.18036,1097.19714,-108.82678,763.02686,1065.90161,-155.46922,777.18756,1106.8053,-170.58195,754.8335,1136.17175,-121.17436,779.03729
123,1.017,1009.44739,-150.91141,842.26593,1010.37634,-105.28661,811.63794,1042.70496,-82.13469,781.98022,1090.6283,-108.55787,762.53479,1058.92041,-157.86975,776.19208,1099.2146,-172.1239,754.13275,1128.16663,-119.84597,777.7453
124,1.025,1001.98578,-151.34555,842.3877,1004.52271,-107.82998,810.12964,1034.0321,-83.11257,781.46796,1084.05945,-108.28894,762.04272,1053.17517,-158.84485,775.40698,1093.21484,-172.82599,753.50842,1122.3916,-121.92544,777.52167
125,1.033,995.26147,-153.0999,842.48157,996.46771,-106.59557,809.80035,1031.43481,-83.32958,780.45123,1077.4906,-108.02003,761.55066,1045.13306,-159.89359,774.14203,1085.99597,-173.58748,752.76233,1114.37903,-122.14921,776.21979
126,1.042,988.21204,-153.34898,841.1839,987.0564,-108.44056,810.04797,1021.81531,-83.74347,780.0614,1070.92175,-107.75111,761.05859,1036.65723,-159.75441,774.05408,1077.79126,-173.8354,752.53717,1106.36328,-120.51956,774.75861
127,1.05,981.98328,-153.67168,841.83484,982.66632,-109.06939,809.45959,1013.05579,-84.06466,780.21204,1064.35278,-107.48219,760.56653,1030.32983,-158.18336,774.21686,1070.74829,-172.15221,752.18689,1099.05188,-120.3754,774.08728
128,1.058,974.10797,-154.51675,841.58191,974.38013,-108.84806,807.98322,1007.98981,-83.20638,779.66882,1057.78406,-107.21327,760.07446,1023.31812,-159.39447,773.70276,1062.70825,-172.95071,751.37238,1092.00439,-122.78346,774.21191
129,1.067,965.66156,-154.92659,841.08429,966.19824,-110.25908,808.23584,999.73541,-84.2041,779.41925,1051.21521,-106.94435,759.5824,1015.16193,-159.4279,773.55341,1055.27234,-174.05083,751.84729,1083.21619,-121.20614,773.39893
130,1.075,958.37762,-155.01175,840.53394,960.14569,-109.43787,807.84155,988.64874,-85.56979,778.43701,1044.64636,-106.67543,759.09033,1007.91443,-159.89352,773.13861,1047.21936,-171.54784,750.36627,1075.90381,-120.85983,772.15906
131,1.083,951.62787,-155.69884,840.20526,943.67487,-113.58029,808.49017,984.01971,-84.90437,777.99792,1034.00842,-108.16158,758.30542,999.68311,-158.61638,772.08197,1040.47351,-172.66867,748.71014,1068.56226,-121.19977,771.90747
132,1.092,943.57166,-155.9119,840.2608,939.01642,-111.62762,807.12744,974.73352,-85.01301,778.67426,1023.46338,-108.33868,757.78522,991.93066,-160.715,772.18591,1032.90942,-173.85907,749.01337,1060.3573,-120.80596,771.13525
133,1.1,937.44122,-154.97824,839.65167,934.5531,-112.343,805.26776,964.53809,-86.58924,778.66522,1015.73657,-108.25252,757.40741,983.41107,-160.48888,772.18225,1024.79834,-173.1333,748.04993,1052.13245,-120.974,770.16925
134,1.108,929.14172,-155.90533,840.35748,922.22565,-112.5702,808.38019,960.24152,-85.01398,778.01605,1014.33771,-105.14044,757.09235,976.78369,-160.23137,771.74512,1016.71808,-171.52922,747.19067,1044.17944,-119.81859,770.46179
135,1.117,921.36853,-155.45644,839.79999,914.82721,-112.89352,808.09845,950.73328,-85.20779,778.67157,1004.00977,-105.81355,757.11835,968.4917,-160.47937,771.52142,1008.50378,-172.61691,746.81323,1037.79089,-122.63926,770.31635
136,1.125,912.98798,-156.58723,839.95203,908.70868,-112.88409,808.63794,945.18634,-84.64141,777.95673,993.65552,-106.47765,757.14636,961.53937,-160.59511,772.17963,1001.41479,-172.88597,747.53351,1029.09949,-121.1242,769.46191
137,1.133,906.70416,-155.31726,839.65857,905.03534,-109.37932,807.78278,934.96204,-85.35423,778.92932,983.2171,-107.74706,756.63672,952.69269,-159.61052,771.21631,992.59662,-171.52477,746.38873,1020.95703,-119.91135,768.88373
138,1.142,898.22729,-155.75572,840.55524,891.27167,-113.38241,807.93677,927.50397,-84.44466,778.44879,976.90143,-109.23241,755.26685,944.59406,-160.65434,771.09735,984.23505,-172.63503,745.15338,1014.05676,-121.16182,769.09875
139,1.15,890.77026,-155.82147,840.49213,886.34668,-111.91432,808.77563,921.92139,-84.64463,778.21008,969.00806,-108.49306,755.32721,937.18488,-160.08546,771.95966,977.52466,-171.97382,746.2431,1006.29846,-121.48853,769.12408
140,1.158,883.21429,-154.8931,840.9809,883.30042,-109.42256,808.3125,913.98376,-83.29677,778.3858,958.91589,-109.88419,755.13416,928.86365,-158.11703,770.98987,969.88629,-171.5506,746.41907,997.68951,-121.88839,769.05365
141,1.167,875.27679,-154.76884,840.67731,875.88574,-109.03506,810.55298,906.45941,-83.63531,779.83093,950.28674,-109.92348,755.00891,920.91748,-158.87025,771.7088,960.12384,-172.21123,746.17682,991.05518,-122.88472,768.51086
142,1.175,867.81049,-155.73364,840.66876,866.22485,-109.15653,809.63464,900.06836,-83.92208,778.36237,945.43542,-109.51555,755.09918,912.2243,-159.20799,771.74121,952.39691,-171.78468,745.98987,982.672,-122.03053,767.7182
143,1.183,859.57495,-154.63792,840.38129,859.43604,-110.25976,809.04822,890.08527,-83.74336,778.79596,935.67505,-110.46049,755.8504,905.61249,-159.65822,770.99261,945.41913,-172.25653,745.62738,974.48334,-122.80015,768.00983
144,1.192,852.69049,-154.81575,840.91937,848.58295,-110.42246,808.69806,885.83331,-82.61958,778.58905,928.95911,-110.62625,756.58917,897.58307,-158.76152,771.53156,935.55475,-174.12936,745.18372,966.38324,-123.57918,768.67151
145,1.2,844.36304,-155.0575,841.4389,841.98383,-108.80473,809.65295,874.51605,-84.88384,778.28149,921.55725,-110.77554,755.34991,888.33441,-158.6608,771.1601,926.42432,-173.54477,745.17645,958.47906,-124.75785,768.00159
146,1.208,836.27625,-154.31798,842.44678,835.16815,-108.92274,810.30505,870.62805,-82.91309,779.87457,910.02521,-112.51881,754.8479,881.16516,-160.86269,771.00781,919.50269,-174.78767,745.06836,950.95056,-124.61154,768.17316
147,1.217,829.24097,-154.17934,842.2998,829.89154,-108.81734,811.5097,862.38214,-83.49501,779.83569,903.12183,-112.28723,756.05359,873.41992,-159.05986,772.35339,911.29901,-175.72949,745.25275,942.67505,-126.04604,768.69324
148,1.225,819.98273,-154.05698,842.90283,820.56561,-108.19341,811.39996,856.21075,-84.74487,780.61609,895.86798,-112.15296,756.66284,863.9895,-158.07527,771.61072,902.19904,-174.23892,744.95508,935.70868,-127.62368,768.41968
149,1.233,812.02118,-154.37555,843.59161,811.57513,-108.09794,812.4267,845.13855,-84.34708,781.68536,888.6142,-112.01871,757.27203,856.87244,-160.20625,772.77948,893.17194,-175.67125,746.40161,926.46466,-125.14127,768.02704
150,1.242,804.89886,-154.61482,843.60541,805.5835,-107.88685,812.29657,839.27887,-83.92032,780.44659,881.36029,-111.88443,757.88116,847.48181,-159.78346,773.44427,885.42786,-178.46849,746.85541,917.61475,-128.23558,767.86908
151,1.25,797.46759,-153.72232,844.24829,798.91034,-109.46872,812.83459,832.13635,-83.71265,782.12134,874.10645,-111.75018,758.49042,838.90295,-159.45273,773.40302,875.81982,-178.77432,747.03357,909.7525,-129.14497,768.21893
152,1.258,787.41016,-153.55461,846.49591,787.54248,-108.5542,814.60413,823.17426,-84.58535,783.45276,866.85266,-111.61591,759.09961,830.41583,-161.14148,773.8244,866.57971,-178.0148,747.80078,902.2691,-130.44687,769.41638
153,1.267,780.23474,-153.74416,847.39862,780.51996,-108.81223,815.83997,812.98535,-84.48389,783.38171,859.59888,-111.48164,759.70886,822.53345,-161.86644,775.94934,858.54834,-177.90077,748.50354,893.22998,-130.60376,769.63379
154,1.275,772.09521,-154.02739,847.94946,773.28265,-107.27031,816.91785,805.92249,-85.09687,784.54065,852.34497,-111.34737,760.31805,813.38843,-161.16972,777.03082,849.50104,-178.43155,749.10034,886.45435,-134.21179,773.11212
155,1.283,763.78223,-152.75462,850.12012,763.60809,-106.69164,820.36523,798.32434,-83.3634,787.75281,845.09119,-111.21312,760.92725,804.53754,-160.44292,777.53943,841.2663,-178.6205,749.72095,878.87909,-135.1503,773.64331
156,1.292,755.32776,-152.43367,850.18256,757.70166,-108.19023,821.12268,791.19348,-83.12821,787.99066,837.83734,-111.07884,761.53638,795.8313,-161.02257,778.2525,831.62872,-179.15381,751.08557,867.8111,-132.09564,772.25226
157,1.3,747.39966,-153.33453,851.79187,749.02441,-108.82443,819.55664,779.29327,-84.84025,788.83685,830.5835,-110.94458,762.14563,787.45776,-162.01262,780.68066,823.0708,-180.06883,751.90601,860.21265,-133.8374,773.34637
158,1.308,739.62305,-153.87315,853.37097,742.7121,-106.42867,823.53625,775.59424,-84.24505,790.16748,822.54248,-110.97945,763.35645,779.2254,-161.79262,780.50348,814.76593,-179.86763,752.75153,851.92633,-132.65451,773.33801
159,1.317,731.24689,-152.67838,854.64996,733.70679,-108.00848,823.08832,760.68689,-85.38569,790.69269,811.96863,-112.222,764.1416,770.81616,-161.08485,781.11902,806.164,-178.8445,753.72687,843.8363,-133.98694,774.35797
160,1.325,722.83563,-152.3663,855.50421,726.78748,-106.65726,824.89386,754.91962,-85.27126,792.58557,804.13672,-112.94003,764.08148,761.49066,-159.97301,781.35834,796.32117,-179.6678,753.95734,833.9696,-132.49857,772.64008
161,1.333,713.61456,-152.03331,855.89734,717.35388,-108.27665,824.12909,748.31946,-85.1879,793.51532,793.9397,-112.65974,764.22217,753.96722,-160.89037,782.94232,788.14282,-179.47549,754.67413,826.40216,-132.90868,773.28802
162,1.342,706.41193,-153.34132,857.16687,711.5647,-107.10581,827.72656,739.74133,-85.26825,794.47284,783.65411,-114.89719,764.09662,745.38855,-161.21964,783.56805,779.09137,-179.91542,754.37598,817.40735,-134.32451,774.26477
163,1.35,697.72382,-152.55791,859.06866,703.73718,-107.09068,827.84174,732.30542,-84.8403,794.1236,778.09796,-112.6643,766.42371,735.98309,-161.47437,784.09515,769.55176,-180.04138,755.18774,809.31567,-135.42049,773.29413
164,1.358,690.14276,-152.73468,859.27631,694.29828,-107.23705,828.34381,722.36224,-85.00507,796.30597,769.70416,-114.63945,767.13867,727.4541,-161.71352,785.24695,760.69159,-180.10912,755.00537,799.20654,-135.44431,773.48047
165,1.367,682.11755,-152.90553,859.76965,685.25043,-107.8596,828.61328,713.38452,-84.65667,796.16888,754.33038,-116.99392,770.28339,719.17163,-162.20718,785.30212,752.59003,-181.2112,756.09015,791.32324,-136.13249,774.56024
166,1.375,674.39032,-152.85817,860.80402,671.67493,-106.00807,830.59515,707.26123,-85.36647,798.23834,748.24017,-117.87331,769.56836,710.79736,-161.82498,786.64966,744.19482,-182.05696,756.45728,782.42133,-136.1252,774.70013
167,1.383,665.4104,-153.17737,861.6778,664.66486,-106.24303,831.6366,699.01788,-85.37434,796.95685,742.48779,-113.7861,766.66754,701.97632,-161.9417,786.927,734.82928,-183.02222,756.71527,772.9021,-137.851,774.27258
168,1.392,657.2934,-153.59825,862.11206,656.35925,-107.33981,832.77466,690.90771,-84.62751,797.91144,735.22998,-115.11936,766.91638,693.1983,-161.99843,787.1499,724.88348,-183.19513,756.33862,764.06439,-137.20166,773.83026
169,1.4,648.91815,-153.25035,862.2796,647.49573,-105.51068,832.2876,682.87512,-87.54353,797.12622,725.53864,-118.15109,767.20734,683.62225,-162.64551,787.70526,718.33893,-181.77519,757.06891,757.4425,-138.14279,776.09222
170,1.408,640.00909,-153.66895,863.22467,641.91345,-108.0226,833.24567,672.99646,-85.67205,798.39886,714.72058,-116.31446,766.91858,675.17957,-162.7612,787.63739,708.21326,-183.24242,757.5401,748.89301,-138.41917,775.34064
171,1.417,632.18439,-153.4501,864.08301,635.54388,-108.88872,833.54095,666.362,-87.40985,797.8302,708.71094,-117.39046,766.90015,666.94348,-162.91212,787.47449,699.86194,-182.51358,757.0788,740.40076,-138.60915,775.61377
172,1.425,624.85022,-152.32565,863.9184,627.64996,-106.52487,834.43573,655.87036,-88.51244,797.52533,699.67035,-118.06563,769.276,658.84967,-163.03571,788.59778,690.57147,-182.78647,758.01984,731.11395,-139.25128,775.005
173,1.433,617.23895,-153.62253,864.68713,620.94159,-108.12417,832.76166,649.02643,-87.37237,798.86938,693.72491,-117.44958,769.08832,650.84271,-163.21741,789.42657,683.83167,-184.24788,758.42316,722.73077,-139.42123,774.56958
174,1.442,608.24969,-154.22371,865.34155,612.14087,-109.24186,833.84821,641.68768,-88.3685,798.5235,681.15771,-117.31759,769.31946,643.48322,-162.63951,788.92853,674.98279,-184.09801,759.46216,713.22229,-139.38309,775.22113
175,1.45,600.40607,-154.47781,865.83807,604.58734,-107.06902,834.53735,634.18555,-88.45837,798.86835,675.57147,-116.44112,767.29993,634.79565,-163.21024,789.6936,667.03516,-182.92638,758.78467,705.68042,-137.62759,774.3598
176,1.458,593.93292,-153.30424,865.37653,595.9743,-108.01466,834.81067,624.18127,-87.13936,799.49854,669.05792,-116.47582,764.94537,626.80334,-162.32681,789.55243,658.33795,-183.23758,758.93262,699.01001,-139.3221,774.84552
177,1.467,586.26282,-153.84694,866.18549,589.3844,-109.72172,835.31696,614.92322,-87.22323,799.77814,658.14374,-118.52177,769.00391,618.31409,-163.19023,789.48334,651.91565,-183.05858,758.83698,689.49945,-138.1152,774.60498
178,1.475,578.89734,-154.87343,865.94012,580.6228,-109.27299,835.35016,606.62048,-87.802,800.9295,654.53485,-114.77479,767.45221,611.07684,-163.56068,789.41229,644.27277,-182.47765,758.53259,681.85327,-136.90564,775.27979
179,1.483,571.00592,-155.62924,866.65338,572.34619,-108.76404,836.47644,597.60248,-85.47285,801.72925,649.66498,-113.06841,765.31012,604.34796,-162.00789,789.77588,636.29828,-182.02005,758.43658,673.73352,-138.08575,775.2182
180,1.492,564.17169,-155.01237,866.65155,561.17609,-108.99607,836.93921,590.66974,-86.39817,800.65106,641.53699,-113.69025,764.61481,596.3266,-162.71709,789.50806,628.33618,-181.38438,758.27197,667.46149,-133.47264,776.04651
181,1.5,558.02039,-155.51122,866.88605,557.08899,-109.70055,837.08862,585.651,-87.5299,800.07666,630.96338,-114.00732,765.89966,588.40814,-161.74785,789.19073,622.47949,-181.6823,757.62524,659.64178,-135.55171,775.24365
182,1.508,549.86237,-155.69305,866.57288,548.64276,-109.56533,836.66809,574.43127,-86.06316,799.50671,619.98022,-112.66409,768.05353,582.57404,-162.30768,789.34479,614.98914,-179.74643,757.45776,653.50629,-132.49362,777.26031
183,1.517,543.1825,-156.14098,866.0777,540.50488,-110.24187,835.45319,566.15063,-86.69627,799.31793,613.07147,-112.22745,766.08032,575.36682,-161.95177,789.31598,608.03259,-179.19923,757.44781,644.7171,-130.31375,775.71698
184,1.525,536.38995,-155.93265,866.51697,532.45667,-109.93056,835.08948,561.06409,-86.58304,800.16156,605.44946,-112.70745,768.11615,568.54578,-162.17856,788.76416,602.39722,-178.619,756.6076,638.54535,-128.65009,775.09595
185,1.533,531.00647,-156.41638,865.82544,526.97742,-109.91508,836.02313,553.37805,-84.62425,801.55334,593.6203,-109.91882,767.12787,562.35944,-160.3279,788.5694,594.85303,-176.6199,755.83905,631.12762,-127.007,774.97394
186,1.542,523.38007,-156.76988,865.65607,519.37964,-109.69115,833.83875,545.26898,-86.43027,799.85321,587.13757,-108.64873,768.1004,555.81537,-160.72336,788.59473,589.24493,-175.13728,754.84674,624.06775,-125.27399,775.61139
187,1.55,517.09375,-156.28111,864.7149,513.68347,-112.11288,835.51959,537.46423,-85.08327,800.11017,582.39069,-108.95199,765.43585,548.81281,-160.9519,788.10968,583.11584,-174.6118,755.26886,618.4599,-125.17257,774.13214
188,1.558,511.04358,-156.32019,864.34106,505.978,-109.77914,833.61462,531.81,-84.61778,798.86462,573.97577,-108.36204,765.16235,542.97437,-159.30911,787.38422,576.87622,-173.97496,755.05261,611.35651,-123.00255,773.45361
189,1.567,504.82886,-156.68378,863.61566,502.38138,-109.85117,835.41364,525.14832,-85.32249,798.34955,567.69366,-106.75184,766.49371,536.8302,-159.95555,786.71277,571.57898,-172.90175,754.50977,604.75262,-123.19853,774.12073
190,1.575,498.96295,-156.69391,862.8158,493.33325,-111.00184,833.09869,517.63715,-84.33584,798.11151,560.93573,-106.59212,764.63794,531.3233,-158.51727,786.32324,564.91205,-171.69183,753.11176,597.50378,-120.06723,772.84869
191,1.583,493.27304,-155.72313,862.42645,486.52814,-108.56268,832.32666,511.18134,-83.52225,798.526,554.32068,-104.64938,765.23871,524.63196,-158.41457,785.51788,559.70422,-170.34962,753.02783,592.18597,-119.17789,773.09302
192,1.592,486.32974,-155.66777,861.99298,481.43915,-109.11957,832.70001,506.59052,-83.65594,798.2608,550.47772,-104.51203,763.31787,519.36096,-157.75403,783.78375,553.10254,-169.5714,752.25586,585.62079,-118.87772,771.42242
193,1.6,481.71796,-155.47995,860.49359,474.52853,-109.15884,832.06421,499.21133,-82.13396,797.36273,541.7594,-103.58036,763.98737,513.11902,-155.99879,783.31201,547.75836,-169.03383,750.69788,580.06085,-117.14256,771.59058
194,1.608,474.9129,-154.05949,860.07861,468.8364,-109.12017,831.29816,493.1235,-82.03786,796.96393,537.4931,-102.38363,763.08209,507.81708,-156.34561,782.46838,543.40009,-168.11209,750.87714,574.31152,-117.01587,769.86957
195,1.617,469.76703,-153.76292,859.35516,463.43799,-109.1078,829.96021,486.36044,-80.45203,795.08386,529.31195,-103.04336,761.85205,502.67581,-155.14136,782.06757,537.11334,-168.03235,749.53705,568.47693,-116.6367,770.60358
196,1.625,465.36313,-154.14909,858.31555,456.78119,-108.58198,828.43219,480.01718,-80.29369,794.94019,525.31421,-100.50728,760.51288,496.61481,-154.49089,780.88129,531.61725,-166.92943,749.58362,561.82922,-113.29125,768.85864
197,1.633,458.59787,-152.67397,857.52832,452.87701,-107.14435,828.30615,476.38959,-80.60936,795.83466,520.1507,-101.31824,760.60095,491.04468,-153.86966,780.29645,527.08429,-166.73375,748.22687,556.40942,-113.01499,768.20062
198,1.642,453.98334,-152.661,856.88525,447.68027,-107.09323,827.07367,467.84131,-78.33108,792.71497,516.82568,-99.26918,760.03436,485.64438,-153.47589,779.46118,520.80914,-164.46173,746.41254,552.2049,-114.08156,766.92261
199,1.65,448.07773,-151.99629,856.23932,441.40842,-106.71062,826.74902,466.67529,-78.91114,792.55225,506.81836,-99.01861,759.14618,481.47037,-152.44543,778.79425,516.19385,-164.84236,746.96375,546.92017,-112.20358,766.8584
200,1.658,442.98206,-150.24338,855.78979,435.89926,-104.1931,826.68359,459.62573,-78.12655,791.60364,505.39661,-99.20116,759.26971,475.93024,-151.32674,778.4726,511.10934,-164.17001,746.047,542.67975,-113.27059,766.11902
201,1.667,437.72418,-150.33704,855.19202,432.50388,-104.66451,825.51599,457.0087,-76.59917,790.54834,502.47641,-96.68651,756.82703,471.34717,-150.88705,777.82751,507.38193,-163.04924,745.54492,536.71771,-109.90759,765.61664
202,1.675,433.7692,-149.56996,854.19818,427.85812,-104.57418,824.71924,451.77585,-76.40623,789.50323,496.98114,-97.43127,756.71887,466.84436,-150.24722,777.82587,502.64325,-162.29846,744.66376,533.35706,-110.79853,765.3078
203,1.683,427.80902,-148.56729,853.58105,421.40912,-102.02419,822.36493,446.06241,-75.69291,789.01422,490.83875,-95.89545,755.83478,462.05725,-149.65918,777.33954,497.70544,-162.48561,744.26581,528.23468,-110.10258,765.68103
204,1.692,423.94714,-147.84467,852.68848,416.61484,-102.75908,823.01428,442.76501,-75.53228,788.02576,486.42764,-94.88194,755.78888,458.02124,-148.81418,776.76276,494.82141,-160.47176,744.22064,524.409,-107.6868,765.44336
205,1.7,420.3356,-146.31593,852.47729,413.15045,-101.80648,822.51019,436.75897,-74.23726,789.76093,484.49402,-95.50458,756.22491,454.26236,-148.83734,776.5249,489.63052,-159.84671,744.08441,519.11127,-107.51181,764.92053
206,1.708,415.55835,-146.61685,851.96869,408.71228,-101.47446,822.46484,432.43881,-73.90576,787.70416,479.74304,-93.69407,754.95483,450.01007,-146.73158,776.24957,486.68729,-159.24481,744.38306,514.33496,-105.26611,765.3512
207,1.717,412.10187,-145.32594,852.08258,404.81284,-100.2279,822.67847,429.69083,-72.73393,789.1803,475.31314,-93.05951,756.43298,446.89182,-146.36421,776.49091,482.22409,-156.51727,745.00897,511.99805,-105.12348,765.24701
208,1.725,408.47177,-144.68889,852.59528,401.68201,-99.57571,822.28912,423.43381,-71.13445,788.59918,471.64462,-92.52429,757.17999,443.15366,-145.70877,776.966,479.95969,-156.14066,745.62036,507.85187,-105.40826,767.2113
209,1.733,404.16278,-143.51915,853.62177,398.09216,-97.83642,823.5799,422.84988,-70.23985,789.65723,469.62033,-89.81467,757.90002,439.54099,-144.04501,777.60193,477.45584,-155.38736,747.25,504.53796,-101.97904,768.30688
210,1.742,400.34805,-142.41052,854.62701,394.69571,-96.61356,823.22638,417.18463,-69.59139,790.54797,465.11041,-88.94195,759.67108,436.07184,-142.99759,778.97559,474.27612,-153.69263,748.36383,501.57217,-101.48982,768.68549
211,1.75,397.28864,-141.42671,855.27142,389.37833,-96.41618,824.31451,414.36371,-68.02867,790.8974,464.19055,-88.38052,760.36774,433.53491,-142.65573,780.41504,470.69867,-152.94606,749.58356,498.091,-99.15208,771.19971
212,1.758,391.61264,-139.83351,856.21747,386.29596,-95.0252,826.56641,411.78195,-66.69257,792.61383,458.35358,-86.44167,761.90192,430.38367,-139.83669,781.54187,468.2113,-150.63626,750.41052,494.85684,-98.17928,772.86353
213,1.767,388.70648,-138.713,856.45087,382.69821,-93.04874,825.04718,406.14719,-64.66609,793.60608,456.13568,-86.10459,763.34125,426.35114,-139.12572,781.06281,464.76874,-149.65874,752.0351,492.55493,-97.73642,774.58185
214,1.775,385.02722,-137.79266,857.10156,377.90198,-92.1691,825.05945,404.29453,-63.32314,794.34686,450.98596,-82.54231,764.85236,423.34952,-138.0692,781.36169,459.85385,-147.78212,752.64911,487.69925,-94.03457,774.69427
215,1.783,381.06995,-135.98787,856.97607,375.24173,-89.82641,824.87433,400.77798,-63.36757,795.06049,446.6936,-81.73472,765.00049,420.11386,-135.58885,782.46686,457.81604,-146.12885,752.52429,485.81488,-92.65178,775.33179
216,1.792,377.25351,-135.55295,857.07977,372.21252,-89.65911,826.36871,395.31897,-60.37633,795.37189,444.64578,-79.20459,765.66003,416.07629,-134.63644,783.37048,454.18631,-143.72073,753.5304,481.5986,-90.9865,776.7146
217,1.8,373.07834,-134.40372,856.95886,368.62979,-89.0626,827.09143,393.45538,-59.99985,795.30737,437.03137,-80.48559,765.41235,412.98239,-133.00899,783.64282,451.52286,-141.95164,752.59796,478.54691,-89.7113,778.04095
218,1.808,369.90704,-132.85857,856.97046,363.69974,-87.61948,826.6037,388.99219,-57.72331,795.36475,431.71707,-76.1749,764.88129,409.95041,-131.0872,782.84015,448.17642,-138.89375,753.41418,474.01358,-86.77302,777.88635
219,1.817,365.19229,-132.59848,856.28986,358.28149,-85.58325,824.14844,384.13,-57.21656,795.32819,429.6694,-75.45832,764.95795,405.86633,-131.4381,781.70697,445.18365,-138.39232,753.63708,470.78082,-85.37209,778.00708
220,1.825,362.5654,-131.7813,855.77649,354.57925,-84.50226,824.68799,380.45047,-57.20049,794.35638,426.46283,-74.51099,765.58197,402.18457,-128.87888,781.83704,441.61835,-137.53052,753.57916,467.22879,-83.47033,778.18988
221,1.833,358.5538,-132.09831,855.08429,352.57675,-86.99188,826.45392,377.23456,-56.09127,795.32935,420.61838,-72.79314,765.91724,399.38492,-127.56648,781.58667,437.85843,-135.47533,753.45166,463.35004,-82.68745,778.25665
222,1.842,354.40128,-130.04227,854.77289,347.61188,-85.03132,825.0069,370.80585,-54.65938,793.68774,423.27289,-70.96391,765.6969,395.85638,-126.32681,781.48749,436.24182,-134.07048,753.50842,459.37149,-81.22783,778.15442
223,1.85,350.55692,-130.25403,854.5647,342.08774,-84.38927,823.45599,368.64011,-54.31004,793.27002,416.27493,-71.23362,766.10046,391.98645,-127.06757,780.91473,430.92307,-133.62106,752.86127,456.18646,-81.41856,778.08014
224,1.858,347.33557,-129.50246,854.24323,340.09125,-85.45625,824.15405,363.61557,-53.9117,792.96716,410.05188,-68.27625,765.04895,388.43042,-125.39699,780.83014,427.03537,-132.04195,752.18439,451.52744,-79.56259,778.04626
225,1.867,342.70547,-128.2262,853.98364,334.51251,-81.83738,823.75305,356.69461,-52.09737,793.44098,410.05188,-68.27625,765.04895,383.90778,-125.3039,780.51611,424.11441,-132.31813,752.11823,447.85397,-78.25976,777.92798
226,1.875,338.59763,-127.6907,853.83099,331.81445,-82.58868,823.59271,356.69461,-52.09737,793.44098,405.06128,-69.44556,765.95502,380.58691,-124.70784,780.94946,421.70291,-132.11205,753.17303,445.22174,-77.75449,777.17261
227,1.883,334.68799,-128.08392,853.55298,327.25394,-81.89159,823.53638,352.77524,-52.47755,793.51617,401.68753,-68.21191,766.25293,377.22275,-123.85435,780.94501,417.02893,-131.30003,753.72949,440.49457,-77.50058,778.11145
228,1.892,331.07959,-125.88185,853.49261,323.32291,-81.6349,823.24072,347.1568,-50.41475,792.47784,394.15945,-67.4373,764.58185,372.63004,-124.60402,781.25897,413.96906,-130.31793,754.18414,437.0098,-77.27612,779.04773
229,1.9,326.74448,-125.63335,854.29736,319.14322,-79.79244,823.19934,344.82065,-49.54794,793.43207,389.1647,-68.60636,765.49194,369.01065,-123.35703,781.91742,409.05499,-130.50739,754.17908,432.32828,-76.91875,779.40698
230,1.908,322.68314,-125.04373,854.20856,315.14413,-80.33299,823.31934,341.40784,-50.01818,793.75641,386.49268,-68.53049,766.36926,365.00998,-123.19988,782.59369,405.02182,-130.32973,754.68921,428.83606,-76.70205,780.02875
231,1.917,318.74823,-125.596,855.07825,311.01553,-81.15214,822.61194,338.207,-50.62642,793.63043,383.6691,-67.52412,767.21307,361.72916,-123.19321,783.40582,400.99451,-130.43172,755.5437,425.26755,-76.71811,780.50195
232,1.925,314.5748,-124.1312,855.06787,307.00958,-78.73589,823.36346,332.85251,-49.45276,793.87518,383.80029,-65.81352,768.15924,357.62018,-120.78284,783.72522,398.51935,-128.40649,756.13263,421.64551,-75.02502,781.245
233,1.933,310.45126,-123.60027,855.90436,302.26434,-79.45984,825.9624,328.362,-47.94923,794.30798,377.04929,-65.46219,767.62219,353.22159,-120.53921,784.50909,394.677,-128.77711,757.75189,417.0282,-73.79047,782.28986
234,1.942,305.3266,-123.0741,856.82587,297.50958,-79.21617,827.22034,325.43103,-47.72282,794.52533,370.8815,-65.65023,769.36462,350.02469,-120.18246,785.00885,391.02951,-127.17593,758.33282,412.74197,-74.70003,783.1684
235,1.95,301.47745,-122.8106,857.04749,294.62555,-78.13031,826.73834,318.46689,-47.69523,797.09662,370.62042,-62.86532,770.24939,345.27548,-118.43884,785.82068,386.64163,-125.12997,759.32507,408.18994,-72.76113,783.98511
236,1.958,296.9675,-122.23486,857.9538,289.36191,-77.73314,827.38251,316.77438,-45.74434,798.48199,369.95966,-61.12532,772.23309,341.10925,-119.04647,786.22345,381.89905,-124.82813,760.19025,403.38074,-71.12785,784.2774
237,1.967,293.66907,-121.82063,858.06,282.84476,-78.00397,827.01276,307.01328,-47.46087,798.53918,365.62088,-59.12695,770.99231,336.98166,-116.72669,786.78967,377.38269,-123.56535,760.61035,398.48172,-69.90523,785.26031
238,1.975,288.15768,-122.21805,858.6015,279.79916,-77.83947,826.77466,306.26797,-46.03452,798.85272,360.82861,-58.24152,771.95447,333.31958,-116.59441,786.87598,373.67804,-122.47666,760.63977,394.83176,-69.75683,786.32196
239,1.983,284.43478,-122.30424,859.16272,277.2312,-78.14053,828.91583,299.27414,-44.61366,799.35443,354.26886,-59.04001,772.69141,328.81659,-115.64089,787.42169,369.59818,-121.75989,760.84851,390.49652,-67.83746,786.64313
240,1.992,280.15399,-120.53601,859.26733,271.76151,-76.47301,830.04388,298.62308,-43.66493,799.06268,349.84515,-57.00792,774.39764,324.61673,-115.75813,788.5921,365.57159,-120.22913,761.37341,385.50256,-66.37476,787.37769
241,2,275.5361,-121.21774,859.01959,265.80795,-76.83173,829.59583,292.00333,-44.07745,800.70459,345.06036,-56.1002,774.00653,319.35031,-115.13542,788.81348,361.86829,-118.26353,762.26752,381.05319,-66.39479,788.69397
242,2.008,270.14111,-120.35616,859.63721,262.17593,-75.342,828.10986,286.16968,-42.22595,799.63568,341.3298,-54.31483,775.49298,315.52069,-112.91627,788.80121,357.72324,-117.98583,763.09271,376.42285,-65.55824,789.3252
243,2.017,265.65475,-119.39878,859.67963,256.46402,-74.63987,828.88898,279.83505,-42.39248,800.22162,336.49075,-53.78754,775.99744,309.99246,-114.04022,789.16779,351.84146,-116.22684,761.75665,372.20465,-63.35515,789.77411
244,2.025,260.67978,-120.1826,859.68445,250.02486,-74.61797,830.73633,274.64587,-43.61959,800.73804,331.0191,-54.45863,776.6189,305.51212,-112.49274,789.75354,347.17102,-116.4624,762.81738,367.58191,-62.39483,790.0293
245,2.033,255.82361,-119.75434,859.88,246.77229,-74.39319,830.8468,268.94492,-41.926,801.8266,326.06296,-52.85741,776.37952,301.31915,-112.43026,789.82336,343.09567,-115.73492,762.49115,362.52097,-61.78189,790.29761
246,2.042,250.32045,-119.43932,859.31622,242.55243,-75.22649,830.9635,268.1655,-40.49057,801.33618,320.95874,-52.03138,776.96039,295.93527,-112.54492,789.49701,337.30615,-115.48228,762.98572,357.47626,-61.54448,790.35718
247,2.05,244.9361,-119.35314,858.37769,235.16118,-75.94012,831.54572,261.57803,-41.03749,798.84589,315.02264,-52.75674,777.5932,291.15924,-111.98076,789.32916,334.45264,-115.77411,763.11969,352.32617,-61.11245,790.21606
248,2.058,239.08472,-119.54652,858.03601,228.64473,-76.12107,831.82904,260.94696,-40.50291,800.29553,309.59601,-54.41649,777.65411,285.38684,-110.63381,788.42621,327.57849,-115.495,761.8136,347.39941,-61.36442,790.1546
249,2.067,234.21822,-119.72156,857.47974,224.38065,-74.47586,827.59424,253.33759,-39.3477,799.73529,306.21994,-52.31165,775.64398,280.56656,-112.11769,787.85461,323.19052,-115.77216,761.77771,341.10754,-61.96492,789.79529
250,2.075,227.9893,-118.84547,856.99591,219.03957,-74.10098,827.39014,246.24969,-40.39239,799.01477,301.0965,-52.67179,775.89288,274.49033,-112.14902,786.42047,317.7099,-115.82199,760.53857,335.88815,-62.23159,789.4046
251,2.083,222.29498,-119.554,856.45923,213.12369,-75.51369,828.61096,238.01709,-41.35936,798.8443,294.44452,-53.67091,773.94318,268.66983,-112.82258,785.71161,311.4343,-116.05328,760.89648,329.91696,-62.20132,788.21039
252,2.092,216.60458,-120.42756,854.68451,207.11215,-75.88561,824.50641,234.51239,-41.1259,796.85028,289.4101,-53.71877,772.78235,262.96286,-113.0173,784.70929,306.75482,-116.76913,758.43976,324.37045,-62.14183,787.70398
253,2.1,210.69328,-121.4002,853.65118,203.37607,-74.97324,823.93805,229.32599,-42.31141,796.22339,284.62598,-53.85992,772.71826,257.90543,-112.54948,783.78503,299.47009,-116.92029,757.25311,320.12549,-64.22427,787.60468
254,2.108,204.70781,-121.21082,852.34259,196.09921,-75.59024,822.16016,220.87892,-43.84714,794.3316,278.63623,-55.03156,771.83893,252.66086,-113.66802,782.68329,294.73511,-117.69381,757.31299,314.0412,-64.49524,784.95099
255,2.117,198.8129,-122.53822,850.55048,192.66792,-75.13362,819.32507,219.55791,-41.9971,792.32166,271.57996,-54.49668,770.04547,246.25291,-114.01189,780.96698,289.59494,-118.86367,755.89899,307.36755,-64.99019,784.00671
256,2.125,193.09938,-122.67827,849.15271,185.36514,-77.13697,819.26501,211.61412,-43.47525,791.45856,263.66595,-57.31302,768.09009,239.79214,-115.69951,779.64478,282.44128,-118.1765,753.53876,302.15021,-65.03758,783.81696
257,2.133,186.5083,-123.96724,847.39911,176.58859,-80.39542,818.45599,207.60129,-43.38918,790.29108,258.25226,-57.43397,766.70648,234.48302,-115.84838,778.98419,276.56174,-119.68331,753.11243,295.20547,-66.84813,781.87006
258,2.142,179.93156,-124.90771,845.8985,171.0471,-80.60342,816.67102,196.80775,-46.41995,788.62518,253.42802,-57.30766,765.63098,228.28424,-116.12012,776.10583,270.46857,-120.44461,752.23584,287.71045,-66.92572,780.0116
259,2.15,173.13597,-125.10136,844.04657,166.2583,-79.24259,814.06372,193.35501,-46.42529,787.10291,247.97055,-58.47013,763.19574,221.51584,-117.88494,775.30151,264.96747,-121.47958,750.00732,282.05927,-67.45312,779.1048
260,2.158,166.28734,-127.23432,842.31689,158.44797,-80.4424,813.04419,186.24121,-47.95622,784.64496,242.5294,-58.03484,762.54767,215.58899,-118.81041,773.78241,257.69986,-122.15464,748.40955,276.18198,-68.43822,777.86072
261,2.167,160.49854,-126.58258,840.49377,153.41068,-82.51521,811.48553,178.65482,-48.99207,783.65509,232.50272,-61.73579,760.92047,208.52448,-119.3659,772.6153,251.53825,-122.90459,747.69012,269.2132,-69.0021,776.22815
262,2.175,153.58261,-128.07214,839.62256,146.00363,-83.54755,809.64459,171.21165,-50.08689,781.98511,226.69821,-61.74231,759.67487,202.10555,-119.8479,770.66479,244.75375,-124.15327,746.65192,261.75137,-69.94579,774.26855
263,2.183,146.43471,-128.99535,838.03638,138.77504,-83.46243,809.18555,165.82112,-48.65113,780.97308,220.58862,-62.8961,757.90216,194.24678,-121.17311,770.06683,236.89053,-125.05248,744.05249,255.3455,-72.36964,773.38599
264,2.192,139.19695,-129.58444,836.87891,129.72462,-85.04758,806.5451,158.53561,-50.67022,780.08459,211.8638,-65.14783,757.29437,187.53668,-122.94732,768.5528,230.32321,-127.47482,743.96875,247.90465,-72.24018,772.46912
265,2.2,130.63791,-130.32385,835.18256,120.79215,-86.89626,806.22192,151.37248,-51.741,778.34979,205.89993,-63.55148,756.35773,179.92194,-123.97975,767.03595,222.46324,-127.88368,742.81415,240.38609,-73.52048,771.14166
266,2.208,123.6539,-131.86809,835.02008,116.10778,-86.38534,804.80457,145.16203,-52.23846,775.71759,197.51012,-66.00684,755.198,171.66643,-125.27863,765.9837,214.93585,-127.81065,741.6261,232.77533,-75.51421,769.69403
267,2.217,115.62394,-133.12877,833.19434,107.65859,-86.58155,804.14514,133.82187,-54.94804,775.30414,189.56146,-66.28284,752.75012,163.55457,-125.45224,765.10016,206.79803,-129.59808,740.3313,223.99606,-76.6052,769.08197
268,2.225,107.64269,-134.31946,832.36761,99.42844,-89.01294,802.69513,128.20396,-56.34171,774.75598,179.44572,-69.75385,752.11108,155.59386,-126.50786,763.79266,198.14986,-131.46918,738.95752,217.20876,-77.3369,768.05902
269,2.233,99.5024,-134.5453,832.08234,91.16547,-90.42044,801.867,118.11323,-58.46205,774.22168,172.88919,-69.16631,751.88068,147.00262,-128.48497,762.46478,190.57121,-132.38736,738.25366,207.86533,-78.42823,766.08459
270,2.242,91.61019,-135.51178,831.59125,81.8148,-91.31203,801.53589,111.04986,-56.74467,773.14447,163.244,-70.70789,750.84497,138.92477,-129.35075,761.74213,181.02596,-132.43703,737.93427,199.42802,-78.4514,765.18573
271,2.25,82.97594,-137.13135,830.63867,75.30933,-91.58903,801.14056,101.30492,-58.68903,772.6413,154.81282,-70.87994,750.29193,129.29994,-130.82045,760.992,172.02023,-134.22887,736.65039,190.59213,-79.75449,764.13049
272,2.258,74.2991,-138.39717,830.28632,64.85049,-93.76432,801.06628,88.90057,-61.38255,771.4967,146.37361,-71.77467,748.24249,120.777,-131.56265,760.43201,163.05573,-134.72821,735.8092,180.91025,-80.27048,763.23938
273,2.267,65.35832,-139.68829,830.26257,55.26048,-96.24074,801.09229,84.10207,-61.22332,771.88489,135.87543,-73.4478,747.72925,112.54176,-132.49188,759.88867,155.00832,-135.79518,735.24139,172.68082,-81.41451,762.84229
274,2.275,57.15602,-140.95511,830.12445,46.26792,-96.79308,800.65887,73.7309,-63.81632,771.94666,128.67953,-73.90161,748.3432,103.50778,-132.27158,759.76941,144.95654,-136.23512,734.85815,164.06033,-81.90814,763.16327
275,2.283,48.12786,-142.12012,830.14539,38.26527,-96.90982,800.32794,64.93135,-63.94099,771.71869,119.67334,-75.09159,748.23688,94.24194,-134.50284,760.09009,136.22945,-137.31924,734.33508,154.23055,-83.73892,762.09857
276,2.292,39.51461,-142.6731,829.46814,30.10647,-97.97651,799.94556,54.70361,-63.44602,772.17767,108.51523,-76.50504,747.84509,85.7692,-134.98515,759.47089,127.49795,-138.55243,733.78528,144.70125,-83.74907,761.51764
277,2.3,31.12922,-144.21916,829.59314,21.53339,-98.00865,801.42645,48.36848,-65.15478,772.74481,97.86932,-76.96844,747.96155,76.74925,-134.6521,760.00873,116.72521,-139.65607,734.57141,135.90961,-85.08379,761.34875
278,2.308,22.50587,-144.84213,830.86188,11.5762,-100.34535,801.09839,33.42719,-68.01456,772.15173,92.35747,-76.38041,747.91064,67.13575,-136.59665,761.00665,108.79187,-140.12627,735.14673,126.13708,-84.92181,761.65424
279,2.317,13.43913,-146.36772,831.52008,2.05708,-101.04297,802.94873,29.04487,-68.18459,773.29236,80.7547,-79.78555,747.85168,58.26983,-137.96951,761.25873,99.23578,-139.96762,735.62018,116.94145,-86.8,762.70361
280,2.325,4.52128,-146.95825,832.59656,-7.68383,-103.89363,803.51208,18.75998,-70.80634,772.36383,71.85812,-78.60495,749.37305,48.69696,-137.68105,763.08728,89.72398,-141.13132,736.29999,106.70379,-86.31313,762.45105
281,2.333,-5.02668,-147.92657,834.1701,-15.71759,-102.29474,805.14819,11.98577,-68.59235,775.95471,60.04661,-82.51965,749.58844,39.31591,-139.54851,763.55774,81.10658,-142.61583,736.59528,99.37247,-88.6329,764.25714
282,2.342,-14.80054,-149.16197,834.77631,-25.50859,-104.69046,806.25757,1.83702,-72.0015,775.75085,53.4525,-81.77132,752.22418,29.4848,-141.185,764.48798,71.38294,-142.51288,738.55408,88.57677,-88.8842,764.35767
283,2.35,-23.81162,-150.25282,837.00153,-36.67489,-105.82463,808.31897,-11.41979,-72.4761,776.87714,45.46243,-81.75745,753.7124,20.38161,-141.92523,765.38489,61.87774,-144.8542,739.68848,80.23737,-89.86072,765.53516
284,2.358,-33.345,-151.06987,838.81067,-46.22041,-107.5927,810.05499,-21.29498,-74.92239,777.78229,35.24685,-83.70811,754.05865,10.05451,-143.42566,767.52655,51.89172,-146.65588,740.10638,71.26512,-91.21612,767.29376
285,2.367,-43.4572,-151.78929,839.94977,-54.4558,-107.033,810.67603,-28.22676,-74.27378,779.68011,20.9642,-85.0195,755.1568,0.69415,-143.90384,768.96997,40.7498,-146.94847,741.64447,60.03601,-93.04393,767.82092
286,2.375,-52.36705,-152.72287,841.84955,-64.82951,-109.17167,812.61749,-40.25198,-76.37463,780.46173,11.4096,-86.51327,756.53247,-9.39144,-144.98428,769.69507,31.90065,-148.07907,742.16437,50.05279,-94.49353,768.44519
287,2.383,-61.77114,-153.92397,842.89288,-72.72292,-109.31212,814.26599,-46.93689,-76.83597,782.86554,1.855,-88.00704,757.90808,-19.5531,-146.17506,771.20081,21.02323,-148.7435,743.69476,41.11152,-95.15816,770.23737
288,2.392,-71.46077,-155.08769,845.04401,-81.18028,-108.75597,815.7038,-54.56979,-75.61891,785.84686,-7.6996,-89.50082,759.28369,-28.765,-146.7973,771.94055,10.96759,-150.11798,744.9176,31.77718,-96.2987,770.99158
289,2.4,-80.42956,-155.36763,847.06592,-92.36791,-111.26534,818.2428,-68.02737,-78.63947,786.10522,-17.2542,-90.99458,760.6593,-38.65261,-147.58691,774.36108,1.66933,-153.38187,745.75873,23.22289,-97.38118,772.16382
290,2.408,-89.63431,-156.92564,849.09753,-101.56389,-111.55007,820.47168,-77.45112,-78.50347,788.71576,-26.8088,-92.48836,762.03497,-47.91632,-149.01854,775.76971,-8.62594,-153.35922,747.60223,13.57959,-98.65386,773.60876
291,2.417,-98.68568,-158.03285,850.28363,-110.32608,-112.3886,822.03369,-86.06989,-79.76778,790.0686,-36.3634,-93.98213,763.41058,-58.28648,-151.16739,778.0603,-18.27864,-155.24222,749.30688,3.81531,-101.18655,775.2785
292,2.425,-107.9116,-159.05367,852.12543,-118.26974,-112.8934,824.349,-93.13008,-80.4203,793.04169,-45.918,-95.47591,764.78619,-67.09437,-151.99451,779.32184,-27.47478,-156.45186,750.36646,-5.52041,-103.31162,775.83783
293,2.433,-116.63571,-159.54131,854.26257,-126.23582,-113.44479,826.04028,-100.75966,-80.79735,795.3114,-55.4726,-96.96967,766.16187,-77.0389,-152.61024,780.32385,-37.51389,-158.1295,752.47186,-14.54343,-104.39601,777.50079
294,2.442,-126.35464,-160.18388,857.29993,-135.38713,-114.40364,828.09357,-110.10181,-82.145,796.92004,-68.09077,-98.73342,767.6745,-85.88293,-155.08009,782.77228,-46.33455,-159.88353,753.77173,-23.35656,-104.65219,779.66705
295,2.45,-135.06889,-162.01436,858.52069,-144.88132,-115.70488,830.00464,-120.26882,-83.5406,798.31647,-79.75335,-100.45895,769.44025,-95.11814,-155.72655,784.9826,-55.92859,-160.44659,756.11237,-31.9387,-107.16119,781.83972
296,2.458,-144.39523,-162.67287,860.63599,-153.25616,-116.73986,832.37695,-130.83499,-85.45164,800.38635,-80.79839,-100.40025,770.92834,-104.09493,-156.42625,786.17212,-65.51868,-162.87784,758.04047,-40.46216,-109.36246,784.4657
297,2.467,-152.43259,-164.02791,862.40887,-161.69502,-118.27457,834.19757,-137.21173,-86.791,804.40955,-88.50249,-101.82396,772.45465,-114.17293,-158.10197,788.34119,-73.59136,-164.69704,759.73651,-49.5222,-111.81112,785.29242
298,2.475,-161.36664,-165.09091,864.80676,-170.14319,-118.21649,836.68909,-142.3463,-86.30325,805.5976,-96.20659,-103.24767,773.98083,-121.82266,-158.88991,790.01343,-82.88897,-165.63319,761.34534,-57.85716,-112.6385,786.28241
299,2.483,-169.85805,-166.06726,866.20258,-178.38643,-120.50735,838.66974,-153.33612,-89.56081,806.62488,-103.91069,-104.67136,775.50708,-130.29526,-160.27216,791.78729,-91.65074,-167.52847,761.71814,-65.41702,-115.29034,788.65192
300,2.492,-178.37053,-167.55449,868.27734,-186.46361,-120.45715,840.0481,-162.24591,-90.92742,807.72192,-111.6148,-106.09508,777.03339,-139.5553,-161.5101,793.34564,-100.78828,-169.45445,764.42609,-74.28537,-115.84169,789.40698
301,2.5,-186.78224,-169.0771,869.95294,-193.81398,-122.6154,841.13794,-169.62062,-91.84487,810.03033,-119.26576,-107.20432,779.01202,-147.19092,-164.33127,794.56183,-108.63115,-170.81891,765.74768,-84.10516,-118.36105,790.98755
302,2.508,-195.16734,-170.83861,871.53589,-202.20209,-122.67827,843.20917,-177.4325,-92.6431,811.03833,-129.23396,-110.99075,779.33386,-155.39011,-164.86021,796.97192,-116.74123,-172.94186,767.21906,-91.84563,-121.04806,792.59485
303,2.517,-203.38152,-171.12189,872.77496,-211.04324,-125.51424,843.77991,-184.16759,-95.10224,811.98297,-134.92346,-110.89641,780.79205,-163.81245,-166.91035,797.88837,-125.76932,-173.79591,768.90912,-99.4784,-122.59022,793.11285
304,2.525,-211.32651,-172.49571,873.33752,-218.90349,-127.36264,844.02368,-193.41858,-95.28696,813.12183,-142.95197,-113.14952,781.6214,-172.21028,-168.95799,799.11157,-133.35072,-175.81107,769.58252,-107.38074,-124.69236,794.41376
305,2.533,-219.83109,-173.93126,874.95276,-226.53233,-128.13351,846.22479,-201.33885,-97.04871,813.93695,-150.83948,-114.04243,783.0965,-180.34468,-169.93845,800.37225,-141.66264,-177.51765,770.09912,-115.64182,-127.27246,794.86206
306,2.542,-227.90559,-174.56186,875.62885,-233.88997,-128.54678,847.18549,-209.21385,-97.97321,815.85114,-158.48097,-117.36029,784.18439,-188.26941,-171.48682,800.83136,-149.58186,-179.8596,771.38519,-123.19128,-129.31953,795.52686
307,2.55,-235.62682,-175.41707,875.86774,-241.4935,-129.71877,846.71442,-216.41292,-99.34585,816.1189,-165.82471,-118.66527,784.99023,-195.81129,-172.81073,801.29889,-157.81194,-182.78319,771.31494,-130.88223,-130.6134,795.90228
308,2.558,-243.05896,-177.26144,876.27515,-249.10255,-131.80705,847.94299,-221.62502,-101.25325,816.35742,-173.90903,-121.09251,784.99609,-205.07445,-176.59587,801.5957,-166.43448,-185.31421,772.74225,-138.29617,-133.38213,796.15546
309,2.567,-251.52341,-179.72929,877.20392,-256.41068,-133.26555,847.39587,-231.99895,-104.31437,815.4704,-180.43622,-123.64219,785.38208,-212.78987,-178.19641,802.62158,-173.8676,-187.27457,773.16626,-146.43819,-135.96826,797.48083
310,2.575,-259.59521,-180.64494,876.92908,-263.49213,-135.00812,847.5462,-237.58476,-105.89913,815.67773,-188.03598,-125.62093,785.91211,-220.7103,-179.86343,802.54089,-181.91893,-189.58812,773.34637,-153.59822,-137.34769,797.81531
311,2.583,-267.84067,-181.36505,877.24042,-270.94617,-136.50339,847.56549,-244.97858,-107.96999,816.14166,-194.59344,-128.00795,785.93939,-227.60699,-181.73013,802.91681,-189.70509,-192.42245,774.30573,-161.09654,-139.63116,797.64075
312,2.592,-275.15555,-182.69595,878.11731,-278.9581,-138.07071,848.21069,-251.93471,-109.29699,816.03339,-203.05208,-129.67726,785.86542,-235.43419,-183.8179,803.36615,-197.62192,-195.21985,774.38458,-169.68024,-142.33385,797.80994
313,2.6,-282.64566,-184.02716,878.21832,-286.04938,-138.8698,848.05939,-259.47128,-111.42142,815.85327,-210.48286,-132.63451,785.60486,-243.27406,-185.12311,804.19666,-205.33348,-197.3252,774.87262,-175.63617,-147.77039,797.71393
314,2.608,-290.06161,-185.478,878.95001,-293.51392,-139.66069,847.13354,-267.80844,-113.54552,815.81787,-217.4353,-134.19447,785.90759,-251.0347,-187.84145,804.62762,-213.51163,-199.36481,775.21704,-182.86823,-149.00868,797.3761
315,2.617,-298.51929,-186.6917,878.92798,-300.56137,-140.93924,848.23071,-274.45926,-114.41953,815.47778,-223.95157,-135.70699,786.66492,-259.04556,-189.67369,804.35785,-221.03139,-201.77928,775.27728,-190.98151,-150.56274,797.85669
316,2.625,-305.72577,-188.42348,878.91309,-308.92322,-143.01772,847.89404,-280.83896,-115.48536,815.45746,-231.08008,-138.26712,785.50812,-266.48621,-191.02806,804.95001,-229.33588,-203.92519,775.474,-196.97827,-154.44818,798.37659
317,2.633,-313.00543,-189.60596,878.98059,-315.67413,-144.2305,848.20453,-286.27277,-118.07312,815.38324,-238.58798,-141.35599,786.47711,-273.66891,-193.34227,805.34882,-236.59241,-204.86116,775.93811,-204.30571,-157.51866,797.93964
318,2.642,-320.20917,-190.19566,879.15808,-322.82181,-145.86932,847.56415,-295.16129,-120.35722,815.31885,-245.90488,-142.4057,786.14307,-280.64648,-193.81216,804.27625,-243.44696,-207.36659,776.6413,-211.08412,-157.23383,798.10681
319,2.65,-327.93799,-191.93837,878.8316,-329.45309,-147.2648,847.50073,-302.3588,-120.85635,814.4248,-254.08028,-144.04636,785.86096,-288.39252,-197.6489,805.92786,-250.94859,-208.96469,776.25177,-218.75334,-158.64244,798.31677
320,2.658,-335.20117,-192.59189,878.92334,-337.28772,-146.86223,848.02435,-308.52011,-121.94902,813.4613,-261.14752,-144.20992,785.53528,-296.06119,-196.48178,804.55353,-258.62674,-210.68686,775.80505,-225.82817,-158.49646,797.63666
321,2.667,-342.70898,-193.8788,879.06848,-344.28558,-147.06828,847.81293,-316.52121,-123.16791,813.96509,-268.54022,-145.8026,785.03351,-303.0961,-197.89476,804.62695,-265.90393,-211.5437,776.15979,-234.34995,-160.6933,796.66119
322,2.675,-349.69031,-194.12717,878.33136,-352.96619,-148.94414,846.71582,-324.2388,-123.80265,814.77936,-275.21277,-147.30211,785.26892,-310.26019,-198.43344,804.14868,-273.2345,-212.9393,775.52295,-241.2751,-162.64583,796.83771
323,2.683,-356.5152,-194.59595,878.19635,-359.63193,-151.30247,846.44122,-330.80576,-126.12346,813.26489,-281.99026,-148.56592,784.46246,-316.58643,-200.32117,803.87854,-279.73648,-213.96373,775.33002,-248.64253,-162.45418,796.6543
324,2.692,-363.37524,-196.47287,878.10846,-366.65237,-151.91553,846.38116,-339.05554,-126.0295,813.21393,-291.96066,-148.94032,783.55493,-323.74142,-203.00038,804.68317,-286.7713,-214.91127,774.88409,-255.37729,-164.13997,795.94653
325,2.7,-370.23538,-197.21652,877.62683,-372.70041,-152.55458,845.33307,-346.63571,-126.24029,813.44073,-297.98917,-147.00774,783.40295,-330.87228,-201.27611,802.96765,-293.68823,-214.53828,774.44348,-262.4895,-165.53664,795.91248
326,2.708,-377.05865,-196.922,876.62109,-380.02728,-152.12627,845.39404,-354.46875,-126.16035,813.65509,-304.28149,-149.18469,782.93817,-337.97498,-202.43681,802.42438,-299.97708,-214.91013,774.00122,-269.86411,-163.46907,795.26935
327,2.717,-384.73688,-198.8396,876.24268,-387.2587,-152.26439,845.26385,-361.47165,-126.84678,812.39862,-310.85089,-148.50423,782.58087,-344.62167,-202.23488,801.90875,-307.72559,-215.76317,773.20532,-275.85724,-164.03236,793.97607
328,2.725,-391.03165,-198.4529,875.46057,-394.28455,-153.42545,843.97363,-366.29019,-128.34784,810.27728,-317.64264,-149.5739,781.31653,-351.39322,-202.37694,801.47449,-313.73767,-215.89481,773.17279,-283.40274,-164.9229,793.27979
329,2.733,-397.96518,-198.79495,874.36401,-400.84476,-154.19946,842.57892,-373.211,-128.88283,810.00171,-324.87631,-150.79657,781.15125,-357.83624,-202.95819,800.52863,-320.53925,-215.97169,772.2677,-289.40903,-164.903,792.38538
330,2.742,-404.90442,-198.69521,873.53497,-407.80444,-153.57935,842.63959,-382.32776,-126.19283,810.01416,-332.13446,-148.72316,780.62378,-365.10468,-202.5984,799.5871,-327.62302,-216.15601,771.36267,-296.79843,-164.27348,791.83728
331,2.75,-412.07687,-198.93282,872.87085,-414.82321,-152.95413,841.92175,-389.2092,-126.84633,809.34271,-339.07672,-149.96507,779.39386,-371.96982,-202.9088,798.42004,-333.87857,-216.5396,770.04645,-303.49371,-164.06306,790.37152
332,2.758,-418.74402,-198.83112,871.93134,-420.68015,-152.76364,839.57159,-394.64551,-128.61304,806.91388,-344.18439,-150.69899,778.54688,-378.93982,-203.87524,798.22644,-341.10632,-216.81691,769.04083,-310.4837,-165.25322,790.24683
333,2.767,-425.33694,-198.71626,870.97327,-427.39423,-153.77719,838.68219,-401.33188,-129.03951,804.75977,-352.70627,-151.10162,776.20337,-385.33478,-202.11397,796.44269,-347.81332,-215.93112,768.41455,-317.36917,-165.81487,789.49182
334,2.775,-431.72192,-198.13991,869.95752,-434.56113,-153.69055,838.10138,-406.70831,-128.92061,803.5069,-359.23071,-151.23311,775.48932,-392.37985,-204.75464,796.02075,-354.11536,-216.14003,767.6062,-323.23419,-163.22208,788.06561
335,2.783,-437.93488,-197.49037,868.81757,-440.74509,-153.32286,836.23309,-414.53482,-127.82778,803.07336,-364.8027,-148.43333,774.91791,-398.33521,-201.66154,794.25964,-360.26474,-214.80728,765.73114,-330.5755,-163.53557,786.13062
336,2.792,-444.3493,-196.02702,867.86823,-447.30157,-152.93796,834.65631,-419.50055,-127.7953,802.16046,-372.34473,-149.31235,773.37988,-404.57919,-201.96533,793.1864,-367.90146,-216.285,764.2041,-337.32523,-162.90025,784.86322
337,2.8,-450.47214,-196.97118,866.37897,-454.84476,-151.76561,835.09619,-428.63535,-126.34716,802.33978,-378.31787,-147.96211,771.86371,-411.63144,-201.07199,792.26813,-373.95914,-213.7289,763.91339,-343.60651,-162.25993,784.07117
338,2.808,-456.62814,-196.07626,865.30542,-460.42593,-151.94919,833.65814,-434.43021,-126.38951,799.27716,-385.63284,-148.9425,770.73914,-418.25705,-201.12517,790.56683,-381.22018,-214.56271,762.8548,-349.83258,-161.98627,783.16919
339,2.817,-462.87344,-194.95503,864.86133,-466.77115,-150.74649,832.11688,-440.99435,-125.61675,798.33038,-391.67099,-147.65004,770.67126,-423.46591,-199.92451,790.34296,-385.73557,-213.67299,761.48853,-355.44724,-160.39247,781.85822
340,2.825,-469.03003,-194.09309,864.02423,-472.31067,-150.77008,830.92389,-445.39319,-124.58866,797.49023,-397.72324,-144.78056,769.89087,-429.34027,-198.00684,789.4068,-392.05948,-210.76416,760.96265,-362.4913,-157.1012,780.83063
341,2.833,-473.83792,-192.36841,863.06665,-479.3717,-147.84953,831.1062,-452.91623,-120.98336,798.21625,-403.74368,-144.95924,769.43268,-435.60947,-196.8293,788.9054,-397.30911,-210.21262,760.39172,-368.33334,-157.3098,779.96582
342,2.842,-479.95004,-192.74281,862.4317,-483.35614,-146.29868,830.79584,-459.91342,-120.76295,797.99402,-409.4678,-144.00452,768.42932,-440.83389,-195.532,788.65399,-402.93741,-208.39339,759.88446,-373.70331,-154.562,779.5047
343,2.85,-485.88596,-190.25095,861.12433,-489.63504,-147.16385,829.80908,-462.94879,-120.92172,796.09686,-414.71472,-139.90643,768.63922,-446.08575,-193.8063,787.63043,-408.42404,-206.91222,758.87427,-379.0343,-152.38226,778.85767
344,2.858,-491.01883,-189.55177,860.86798,-495.97052,-146.06029,828.60254,-468.62799,-118.17913,796.43048,-419.58603,-141.32675,768.64874,-451.67355,-192.68922,786.65363,-413.43823,-205.71794,758.12305,-384.32123,-153.39563,779.22388
345,2.867,-496.30295,-187.48459,860.3656,-501.03122,-142.96887,827.85834,-474.52798,-116.62753,795.00464,-424.37354,-137.21689,767.73151,-456.46225,-191.46118,786.2251,-417.75012,-202.38972,757.98926,-390.05185,-148.18832,778.1579
346,2.875,-501.68323,-186.21141,859.33978,-506.63779,-142.33852,827.79291,-480.31799,-114.50983,793.98566,-429.44449,-134.5396,767.49927,-461.59509,-188.89247,785.30591,-422.4866,-199.74535,757.23285,-395.07626,-146.05565,778.30969
347,2.883,-507.10535,-183.93306,858.6322,-511.5011,-140.85725,826.88263,-485.94641,-113.32866,794.05463,-435.31348,-131.5847,767.25171,-465.95276,-186.75397,784.84436,-427.40387,-196.8497,757.1731,-400.08252,-143.12569,778.30182
348,2.892,-511.72897,-181.99065,857.84906,-517.44458,-138.82602,826.49506,-489.63733,-110.79192,792.94049,-439.21729,-129.42224,765.37549,-470.77005,-184.16049,784.64856,-431.75974,-195.48265,756.75574,-405.49161,-141.56845,778.12311
349,2.9,-517.07281,-181.1705,857.0899,-521.87872,-135.88525,826.29541,-496.29083,-108.13042,792.89984,-444.52457,-126.76724,765.328,-476.03418,-182.28156,784.20898,-437.35043,-192.43828,756.61304,-409.88962,-139.45973,778.27771
350,2.908,-521.50836,-178.65979,857.25873,-526.6037,-134.09938,825.38416,-499.14874,-107.34938,791.97345,-449.88718,-126.15634,765.92603,-480.23694,-179.82385,783.51672,-441.10196,-190.97946,756.14514,-413.26776,-139.70596,777.75818
351,2.917,-527.55334,-176.79636,855.89868,-531.77448,-132.25572,824.56329,-506.87219,-102.48788,793.26361,-454.42935,-124.99116,764.67651,-485.90936,-176.94283,783.14368,-446.62027,-187.87543,756.0025,-419.16867,-135.69934,778.02673
352,2.925,-532.41083,-173.76575,855.19171,-536.02069,-128.38194,824.01782,-510.47879,-102.44485,792.16846,-458.69254,-120.89384,764.82587,-490.16074,-174.76128,782.73206,-451.31543,-186.20912,755.33875,-423.31937,-134.73068,776.86694
353,2.933,-538.2348,-171.58778,853.69885,-541.32874,-127.19754,823.38257,-513.56799,-99.14877,792.14264,-463.1059,-121.12785,765.16998,-494.44528,-172.86269,781.66699,-455.45001,-183.86487,754.79779,-427.77036,-131.09573,776.63788
354,2.942,-542.44818,-169.65587,853.57269,-545.76849,-124.97031,822.4754,-517.94769,-97.07807,791.19318,-467.12997,-118.13345,766.19916,-499.92212,-169.73965,780.9447,-460.29007,-181.51135,754.02789,-432.80676,-129.56693,776.66443
355,2.95,-548.09967,-166.73306,852.5564,-549.16571,-121.76687,821.15869,-521.27051,-94.98522,789.28387,-471.58301,-116.17989,765.15424,-504.78595,-168.13759,780.35376,-465.189,-180.35303,753.24493,-436.45065,-128.46217,776.16559
356,2.958,-552.86609,-163.8869,851.70764,-555.71167,-119.23539,820.6861,-527.06555,-91.87181,790.04633,-475.4798,-115.16914,763.96893,-510.08426,-165.19836,779.67792,-470.66794,-178.08093,752.92377,-441.33054,-125.13585,775.71509
357,2.967,-558.7486,-161.81964,850.44385,-559.76624,-115.93772,819.73529,-527.75787,-89.67084,787.59302,-479.95715,-112.43314,763.95062,-514.65613,-163.51469,778.93512,-475.1622,-176.85535,751.93341,-445.33484,-124.25877,775.37372
358,2.975,-563.29565,-158.54118,849.63232,-564.27509,-114.28674,819.24615,-533.69263,-86.68983,787.64716,-483.76306,-110.98482,763.78967,-519.47717,-161.66106,777.80719,-480.40573,-173.70261,750.81598,-451.14752,-125.81202,775.02625
359,2.983,-568.28015,-157.10291,848.35358,-569.34137,-111.12883,818.09198,-539.1424,-85.44998,787.04028,-488.90271,-107.25231,763.45801,-524.77899,-160.14221,776.51495,-485.32632,-172.40057,750.38806,-454.96405,-121.04478,774.46368
360,2.992,-573.87451,-155.46667,847.32629,-574.33936,-109.50304,817.47675,-544.46747,-82.78895,787.29858,-493.07239,-105.371,761.86597,-529.49371,-158.34853,775.97028,-490.15677,-170.57442,749.22174,-459.99673,-121.12816,773.83032
361,3,-579.6076,-153.08626,846.56329,-578.72058,-107.79469,816.38422,-551.42065,-82.13311,786.54291,-498.33459,-106.47781,761.06818,-534.76453,-155.48778,774.95251,-495.8653,-168.77789,748.26202,-464.56403,-119.64221,772.5235
362,3.008,-584.37628,-152.2231,845.17493,-584.7196,-104.91239,816.45239,-552.20215,-80.48643,786.14203,-503.1048,-105.03315,760.5127,-539.56177,-155.30901,773.7356,-501.29129,-169.03194,747.95453,-469.67859,-119.89519,771.396
363,3.017,-589.38831,-150.67677,843.76727,-589.25983,-104.36604,814.85907,-556.03308,-79.35608,783.67987,-508.311,-102.88956,759.53174,-545.1781,-152.11894,773.29596,-506.00665,-168.40799,747.35791,-474.73264,-118.31889,771.66425
364,3.025,-594.61682,-148.19243,843.73395,-593.72632,-102.71363,813.92908,-565.43188,-77.44662,784.16193,-512.84131,-103.23927,759.61029,-549.73645,-151.89313,772.33508,-511.44778,-165.19473,746.76385,-479.82596,-117.49402,770.4519
365,3.033,-599.68762,-147.37802,842.67261,-599.21643,-103.07526,813.2785,-570.03516,-78.93296,782.35321,-518.43103,-103.3591,759.1781,-555.27222,-150.16327,772.4613,-516.06421,-164.72337,746.05566,-484.58719,-117.02683,770.17853
366,3.042,-605.32172,-146.69896,843.20386,-604.99707,-100.21828,813.40729,-571.34973,-74.07805,782.50818,-524.11285,-99.18147,759.03387,-561.25952,-151.42007,772.43201,-521.92651,-164.25278,746.07239,-489.67059,-114.38609,770.19366
367,3.05,-610.66925,-146.61972,843.10425,-610.63391,-100.07698,814.00616,-578.09656,-74.10366,783.1214,-528.52124,-99.86996,759.62921,-565.95526,-148.60019,772.46259,-527.22375,-163.43343,746.09454,-494.67334,-115.16131,770.12952
368,3.058,-615.68353,-145.12851,843.28119,-614.96075,-98.86587,814.14343,-582.89746,-73.59092,783.0069,-534.67053,-99.9718,759.79486,-570.12836,-148.86075,772.64862,-532.08514,-162.49736,745.9635,-500.33545,-114.26061,770.2207
369,3.067,-621.84656,-144.04291,843.4646,-620.30634,-98.84996,814.28815,-591.26874,-74.18875,784.28473,-539.35229,-97.8049,759.52307,-576.10541,-148.23914,772.96649,-537.20966,-160.65883,747.55994,-505.13608,-111.62846,771.2879
370,3.075,-626.23047,-144.35216,844.48755,-625.89551,-97.64571,815.89948,-593.521,-72.30125,784.63416,-543.091,-94.95222,762.2467,-581.33044,-146.22057,774.26605,-542.94806,-161.99818,747.91467,-511.48761,-112.15336,771.40399
371,3.083,-631.48175,-144.47169,845.35492,-632.1496,-98.49348,815.74762,-600.98523,-72.57512,786.8338,-550.15369,-96.51498,762.74493,-586.37671,-146.08524,774.92731,-548.1449,-158.98454,748.53497,-515.7301,-112.24023,772.8855
372,3.092,-637.03937,-143.15071,846.63861,-637.16754,-97.22466,817.05957,-608.0921,-71.91595,788.21069,-556.96014,-94.73495,763.05212,-592.55951,-147.35852,775.33789,-552.54236,-159.56778,749.25214,-521.9032,-110.49328,773.90118
373,3.1,-641.86993,-144.87198,847.09106,-643.43225,-97.54539,818.58771,-611.69025,-71.70705,788.354,-561.58429,-91.86189,763.67084,-597.08643,-144.86719,776.54767,-557.50757,-158.86757,749.92413,-526.40509,-106.97925,775.7663
374,3.108,-647.09833,-143.9381,847.99719,-647.93872,-97.30787,818.5639,-617.54663,-70.59422,788.21558,-566.2876,-90.41827,763.9054,-602.5733,-143.87189,777.33905,-563.14685,-156.56142,750.17688,-532.53217,-106.01984,776.47913
375,3.117,-652.85419,-142.96904,849.409,-655.17816,-98.19263,819.90381,-620.78564,-66.82162,791.16534,-573.55157,-89.8502,764.39337,-608.43048,-143.91884,777.91168,-568.08899,-154.15118,751.0097,-538.88928,-105.85745,776.22382
376,3.125,-657.97705,-143.78955,849.75824,-659.60919,-95.7047,820.86053,-628.33209,-67.74549,791.60724,-579.15302,-89.17892,765.78394,-613.44342,-142.35852,777.92407,-574.49451,-153.73767,751.90125,-544.3678,-104.09862,777.38452
377,3.133,-663.9845,-143.19365,850.59204,-665.9245,-97.66594,821.96448,-637.2403,-68.64098,791.34412,-584.59137,-89.74631,767.30481,-618.86182,-141.42302,779.50513,-578.61865,-152.84149,752.67035,-550.31964,-103.00451,777.95117
378,3.142,-669.44055,-143.84558,851.31567,-670.38245,-96.56238,822.73889,-639.24762,-68.01292,792.05286,-590.38922,-88.39256,766.84326,-624.4173,-142.67195,780.03558,-584.07782,-152.10454,751.92133,-555.40759,-101.86668,779.16931
379,3.15,-673.63885,-143.88214,851.65656,-677.12335,-97.28121,823.43066,-647.90778,-66.27655,792.66315,-597.23126,-87.42734,768.2619,-629.64392,-140.92606,780.22717,-589.55505,-151.73959,753.62769,-561.26978,-100.44473,778.62476
380,3.158,-679.38055,-143.23611,851.69971,-681.53296,-97.51714,823.10962,-655.52899,-68.07541,793.09216,-602.547,-86.4305,767.52002,-634.68347,-141.68506,780.55621,-594.22473,-150.74352,753.29218,-566.00604,-100.46891,779.3703
381,3.167,-685.12585,-144.53484,851.66699,-687.63605,-97.65749,823.26953,-657.98627,-67.95573,792.99396,-606.73663,-86.9416,767.62427,-640.55713,-142.6133,779.91296,-599.85077,-149.74449,753.37012,-572.73578,-101.93385,779.39038
382,3.175,-690.10919,-144.08615,851.43823,-693.0025,-98.03593,823.5553,-670.48938,-69.59673,795.04742,-615.19434,-89.73711,768.21698,-645.33624,-139.77739,780.30756,-605.80688,-149.41069,753.4126,-577.13196,-100.65097,779.34326
383,3.183,-695.90686,-144.77806,851.42896,-699.01227,-98.60456,823.71826,-669.99426,-68.60229,793.42163,-618.98145,-87.841,768.58496,-651.71124,-142.71399,779.63904,-610.81433,-150.76434,752.62927,-582.93317,-100.34139,779.44373
384,3.192,-701.08087,-144.90703,850.77667,-704.06268,-97.92711,823.1662,-674.32269,-68.64597,793.53345,-623.77069,-86.65638,768.57434,-656.19434,-141.04648,780.04791,-616.6012,-151.66084,752.41943,-587.81372,-100.71058,779.42188
385,3.2,-706.72772,-145.48796,851.09448,-709.93884,-99.39444,823.2641,-677.33514,-68.0442,794.98041,-629.17279,-86.44685,767.83374,-662.12579,-142.05162,779.48199,-621.59491,-151.16348,752.64911,-594.21326,-101.56173,778.72351
386,3.208,-712.30688,-146.07954,850.14819,-714.7735,-99.69,822.17511,-685.56396,-69.18353,794.66034,-634.30408,-88.0068,768.14294,-667.6073,-143.17215,779.20642,-627.95129,-152.91495,751.40082,-598.58197,-102.17095,779.26965
387,3.217,-718.96344,-146.7238,849.61499,-720.93701,-99.60056,821.52838,-691.68939,-69.71377,794.16205,-639.76587,-86.1973,768.05157,-672.39648,-144.49643,778.38702,-633.3208,-154.26308,750.80597,-604.21747,-103.10526,778.56604
388,3.225,-724.29218,-148.2439,849.61285,-726.66357,-101.06316,821.96674,-696.22559,-71.1371,793.3421,-643.49152,-87.20862,767.9281,-679.3045,-145.77963,778.021,-638.52539,-154.53651,751.13586,-609.82965,-105.23161,777.15991
389,3.233,-729.86353,-148.97388,848.30481,-732.17548,-102.01501,819.77631,-702.90497,-73.55495,792.57281,-649.83148,-89.9417,765.9433,-684.47272,-146.75008,777.19629,-644.77521,-156.95924,750.06464,-615.74829,-107.61422,775.81165
390,3.242,-736.56262,-149.44119,847.94861,-739.33002,-103.40836,819.62811,-708.60669,-76.03407,790.18811,-657.05463,-92.74767,765.80823,-690.36914,-145.77344,776.97504,-651.14203,-157.93257,748.95703,-621.87384,-107.222,775.42133
391,3.25,-741.90302,-151.10379,846.75702,-743.10089,-104.12275,818.98517,-714.27271,-73.50706,790.97711,-663.85254,-95.29052,763.23877,-696.39441,-149.89917,775.96338,-656.90997,-159.68997,748.07794,-627.32788,-109.05192,774.72668
392,3.258,-747.77209,-151.77853,846.69281,-749.77814,-105.62575,817.67725,-719.31018,-75.18243,789.80859,-669.11279,-94.46132,760.6803,-702.4118,-150.5314,775.03326,-663.0661,-160.77513,747.11169,-633.61511,-110.81139,774.52625
393,3.267,-754.20081,-152.26439,846.31055,-755.25732,-106.67659,817.06158,-726.1925,-77.39872,789.05225,-675.73053,-95.48047,761.62018,-708.62122,-150.9882,773.62311,-669.33551,-162.26196,746.50049,-639.01263,-112.8616,773.77625
394,3.275,-760.00897,-154.92947,844.70245,-761.33563,-107.84551,815.63971,-731.76074,-79.12277,787.75665,-680.5152,-96.48598,760.35803,-714.65698,-153.47157,773.13,-674.00153,-163.15767,745.75391,-644.70325,-113.65598,773.48779
395,3.283,-765.0871,-155.1499,843.7254,-768.05542,-108.90394,814.58551,-738.84741,-80.09327,787.15741,-687.57825,-98.94177,760.61035,-720.33643,-154.56911,772.25323,-680.85992,-165.72203,745.50708,-651.34296,-114.41998,773.1723
396,3.292,-772.01196,-157.3819,842.33673,-773.42981,-110.49754,814.09674,-744.21368,-79.98673,786.77826,-693.54437,-97.28278,758.93134,-726.31653,-156.52126,771.99219,-685.99115,-165.06198,744.66998,-658.11664,-115.26517,772.80078
397,3.3,-779.16168,-157.32362,842.18939,-779.5321,-111.4496,813.69458,-751.35596,-82.23861,785.67065,-700.35645,-101.37929,757.59375,-732.21887,-158.03955,771.20367,-691.83075,-168.28622,744.18713,-663.11951,-117.92548,772.85968
398,3.308,-784.51135,-159.22282,841.49341,-786.0611,-112.68074,813.18408,-756.83881,-84.67661,784.16724,-707.41016,-101.49648,756.08624,-739.04181,-159.39517,770.77692,-698.09283,-169.14476,743.49518,-670.20337,-118.28182,773.04266
399,3.317,-791.15186,-160.51402,841.46851,-793.2121,-115.35273,812.51288,-762.73993,-84.78376,784.68823,-712.63971,-102.41109,755.7193,-744.69855,-159.35075,770.06268,-702.91809,-168.93503,743.12177,-676.52332,-119.36713,773.94739
400,3.325,-796.75262,-161.69203,840.34235,-799.40771,-116.24726,811.04407,-768.38251,-85.58749,783.62201,-720.31726,-104.70905,754.86292,-751.44556,-161.64476,768.96338,-708.87573,-168.87852,742.5249,-683.62537,-120.26587,774.03326
401,3.333,-804.32025,-163.23103,840.31317,-805.70007,-116.93672,810.7951,-777.04297,-87.97187,783.41254,-726.05096,-104.61562,754.87183,-757.14948,-162.89722,768.53552,-715.02618,-169.85191,743.77496,-690.30994,-120.77419,774.40485
402,3.342,-811.31287,-165.25032,839.05884,-813.10736,-118.26068,810.22205,-781.90973,-90.01667,782.97968,-732.10199,-106.50882,754.56659,-763.30005,-164.47815,768.42865,-718.80713,-169.73552,742.77991,-697.71014,-122.69071,775.31256
403,3.35,-817.3869,-166.4682,838.88275,-819.26807,-120.65849,809.74945,-789.33966,-91.21784,780.19055,-739.60742,-107.96627,754.26288,-769.70203,-165.65779,768.10535,-726.15295,-171.32861,742.70813,-704.69336,-123.05097,775.94098
404,3.358,-825.00739,-168.22847,838.59448,-826.35107,-122.3223,809.13361,-795.6712,-91.37834,780.73358,-746.55048,-108.57834,754.73444,-775.99152,-166.30956,767.40771,-732.21033,-171.56865,742.8692,-712.11676,-122.48486,776.85284
405,3.367,-832.83765,-170.82826,838.25098,-833.49609,-124.41624,808.85455,-802.82867,-93.16105,780.74158,-754.4657,-110.44772,754.88495,-783.51831,-168.36386,767.836,-738.89746,-173.46063,742.19196,-719.39948,-125.91112,777.67719
406,3.375,-839.37897,-170.8586,837.54614,-840.8858,-125.85991,808.64313,-810.07275,-93.45723,780.3103,-761.51495,-112.27404,754.34351,-790.12091,-170.93866,766.88593,-744.3465,-175.76642,743.38177,-727.3819,-126.35046,777.66833
407,3.383,-846.68726,-173.84526,837.1712,-848.88507,-127.28885,807.93152,-817.13727,-96.49282,780.11731,-767.71521,-113.06494,754.07281,-797.52771,-172.88582,766.41449,-750.48981,-175.67749,743.1955,-735.26855,-127.1134,778.44672
408,3.392,-854.74573,-175.71803,836.53217,-856.01581,-128.93379,807.71466,-828.03088,-99.23371,782.14935,-776.04254,-115.36964,753.99457,-804.53522,-172.75317,766.43353,-757.78516,-178.09532,743.61993,-744.97809,-128.79288,780.13324
409,3.4,-862.86591,-176.61195,836.39832,-863.63733,-130.33525,808.48737,-836.44257,-100.95147,782.12006,-783.5824,-118.09656,753.22449,-812.95819,-176.34071,767.11798,-766.01508,-180.62898,744.16974,-752.40009,-132.77905,779.87201
410,3.408,-870.58771,-177.90428,836.92902,-870.77289,-132.12372,808.17004,-842.75665,-103.24725,781.61658,-790.02441,-117.65932,755.68964,-819.92542,-177.36633,766.7099,-773.82477,-180.96953,744.58533,-761.16626,-133.27603,781.92804
411,3.417,-878.83655,-179.25858,836.93152,-879.15302,-133.64752,808.18176,-850.12372,-104.81354,780.05664,-799.26678,-120.51217,754.85022,-827.40863,-180.33932,767.52338,-780.9057,-182.23523,745.55951,-770.11261,-133.50485,784.45111
412,3.425,-887.08807,-181.39551,838.7066,-887.11609,-135.21988,808.87207,-860.14789,-105.79552,781.79657,-804.46063,-121.9819,755.65692,-835.74042,-181.19853,768.59827,-789.06262,-184.54294,746.65222,-778.27069,-135.01125,785.65698
413,3.433,-896.20245,-183.56664,838.70862,-896.19922,-137.90796,809.8255,-865.93878,-106.92661,782.31793,-813.50525,-124.74549,756.00049,-844.28436,-183.63832,769.02014,-796.73413,-186.25046,747.90765,-788.22589,-138.85782,787.3656
414,3.442,-903.39349,-184.09073,839.75452,-903.43677,-138.20218,810.49255,-876.25171,-110.23932,785.00671,-823.33636,-126.34444,756.61786,-852.08563,-185.00742,769.95618,-803.56915,-187.34431,749.89301,-797.2171,-139.83871,789.43237
415,3.45,-912.35919,-186.5874,841.09418,-912.57666,-139.72395,811.40558,-885.57489,-111.07336,786.21234,-830.51099,-128.34827,757.56342,-861.55231,-185.56812,770.87354,-811.60553,-188.54039,751.01056,-807.22815,-140.65671,792.77069
