Frame#,Time,R.Forearm.x,R.Forearm.y,R.Forearm.z,R.Ulna.x,R.Ulna.y,R.Ulna.z,R.Radius.x,R.Radius.y,R.Radius.z
1,0,-1379.71716,45.36563,1046.14233,-1396.5509,13.59548,955.15668,-1350.92896,83.45262,909.47998
2,0.008,-1374.39954,44.67826,1045.58801,-1388.81885,16.65159,952.0896,-1347.56152,82.4793,908.81995
3,0.017,-1368.36829,47.16348,1044.08545,-1382.323,15.1786,951.54492,-1343.95264,80.04017,909.59729
4,0.025,-1364.29041,45.16473,1041.84351,-1382.7229,16.48204,952.03992,-1338.83521,81.10094,907.4184
5,0.033,-1359.65845,45.48212,1041.38306,-1371.44421,16.96905,950.51904,-1330.88684,82.68254,904.31134
6,0.042,-1352.28967,47.16437,1040.32935,-1365.24341,14.66945,949.99792,-1326.45752,80.4887,903.93073
7,0.05,-1347.09558,46.40684,1039.50562,-1364.99963,14.88912,949.46606,-1319.80432,83.8205,902.72748
8,0.058,-1341.60889,45.80896,1038.37781,-1355.90454,13.95029,948.72021,-1314.28687,82.57703,901.56213
9,0.067,-1334.33801,47.0081,1037.22241,-1346.92383,14.91089,947.1554,-1310.35718,81.01018,898.97998
10,0.075,-1329.1969,45.42379,1036.57117,-1349.68518,15.04567,948.3847,-1306.75122,80.67764,898.51697
11,0.083,-1322.75684,47.17644,1034.47778,-1340.5918,12.12748,942.79474,-1296.07422,83.65668,898.23907
12,0.092,-1316.71228,45.01473,1033.2428,-1332.58521,13.8187,943.05988,-1293.69556,80.45498,896.78711
13,0.1,-1312.33215,44.14816,1032.84192,-1327.73486,12.71425,941.02698,-1289.86462,77.99094,895.25854
14,0.108,-1307.66418,42.12347,1032.36853,-1322.94434,11.86367,941.53705,-1281.85413,78.70219,892.86005
15,0.117,-1300.87537,44.55989,1030.33008,-1315.16943,11.73847,939.14099,-1274.34277,78.40154,891.66174
16,0.125,-1294.40125,44.01147,1030.75232,-1308.7074,10.98548,937.84607,-1271.3689,78.16569,891.91083
17,0.133,-1290.16016,40.20816,1028.23804,-1302.25879,10.30568,937.29877,-1266.01563,73.89118,890.82025
18,0.142,-1283.76257,40.28907,1026.88721,-1299.56421,8.15181,938.43408,-1257.43567,76.99639,890.20184
19,0.15,-1277.2179,39.51844,1025.61426,-1289.96289,7.57735,935.00806,-1252.58081,75.20136,888.95557
20,0.158,-1271.6958,38.87754,1025.94482,-1284.60657,7.84946,933.72858,-1247.72339,73.17625,888.75574
21,0.167,-1266.17249,35.99022,1023.92413,-1279.71045,6.5934,933.48663,-1241.07727,74.99952,888.78418
22,0.175,-1259.6366,35.76456,1022.70868,-1272.70361,3.3843,931.24634,-1233.32361,74.11975,884.79254
23,0.183,-1253.43347,35.12401,1020.35486,-1267.87866,4.79462,930.09418,-1227.82776,70.93864,885.43488
24,0.192,-1247.32983,32.36707,1019.07758,-1262.33984,3.0702,929.6701,-1223.77454,68.88828,884.3324
25,0.2,-1240.31396,29.97823,1018.94843,-1256.87244,2.44738,928.16901,-1215.11255,69.53278,883.0968
26,0.208,-1233.52966,29.8134,1018.39728,-1251.26746,-1.00621,928.75238,-1208.96204,66.65892,880.59753
27,0.217,-1225.63281,28.10209,1017.86316,-1243.21289,-1.68726,926.57257,-1203.46057,64.69793,880.01843
28,0.225,-1219.40308,25.49829,1017.47961,-1233.20227,-1.90116,925.88971,-1197.69446,64.28027,880.51257
29,0.233,-1212.14722,25.61735,1016.93213,-1227.90649,-6.49346,926.25116,-1192.91895,58.28535,879.56677
30,0.242,-1204.58105,25.16569,1018.11328,-1221.6344,-6.40034,926.7193,-1182.6709,61.86781,879.36609
31,0.25,-1197.30261,22.13155,1018.24591,-1216.34436,-7.47753,926.39923,-1176.18323,59.93246,879.27582
32,0.258,-1191.21924,20.43205,1018.59656,-1204.85352,-9.72238,926.66833,-1171.09119,57.82447,880.08716
33,0.267,-1184.33203,20.01483,1018.15271,-1199.73413,-10.96949,927.35394,-1162.36621,56.07496,880.16235
34,0.275,-1176.34607,17.85359,1019.75159,-1193.46045,-11.23484,928.23254,-1154.29553,57.22946,882.92194
35,0.283,-1168.76563,16.56846,1022.22089,-1184.16687,-14.8474,931.12921,-1147.59729,52.24279,884.33167
36,0.292,-1161.17468,14.48961,1022.82233,-1175.74402,-15.47477,932.24622,-1141.93225,51.15766,886.63794
37,0.3,-1152.40173,13.42223,1023.36798,-1170.96936,-16.17072,933.69086,-1135.53113,49.24855,886.54425
38,0.308,-1145.50879,11.87957,1026.10645,-1164.10498,-19.48477,935.49335,-1124.22803,50.2436,887.48315
39,0.317,-1138.98572,9.12465,1027.41199,-1156.66357,-20.12759,936.06189,-1119.37952,47.34822,888.16064
40,0.325,-1131.42395,6.93928,1028.76758,-1148.90479,-22.60527,938.04041,-1111.87244,45.94791,892.75952
41,0.333,-1123.25281,7.57469,1030.34412,-1142.04602,-23.9266,939.92908,-1107.20898,41.38643,893.05841
42,0.342,-1116.85681,2.89164,1031.16296,-1134.56445,-25.74446,940.26514,-1097.21875,42.59623,893.0816
43,0.35,-1108.59058,0.70664,1032.48962,-1126.9176,-25.60893,940.31622,-1090.09021,42.40452,894.85583
44,0.358,-1102.67554,-1.37433,1032.28442,-1119.85437,-28.99619,941.12463,-1084.56909,38.12158,895.22839
45,0.367,-1094.35413,-1.66308,1033.70422,-1110.18372,-29.70241,941.87506,-1073.8678,39.12704,894.43579
46,0.375,-1085.80444,-2.99643,1033.94873,-1105.82312,-32.02788,941.9679,-1067.07288,35.54611,897.11035
47,0.383,-1079.84314,-6.55931,1034.64001,-1097.43628,-35.79918,943.43774,-1060.24805,33.82054,897.23547
48,0.392,-1072.73792,-7.05378,1033.73315,-1089.18494,-37.52461,943.38672,-1054.74609,31.69316,899.00946
49,0.4,-1062.3678,-8.24344,1034.4281,-1084.02795,-38.81062,945.06348,-1046.70459,31.57885,898.81543
50,0.408,-1056.37036,-11.55076,1034.37891,-1071.83606,-39.88072,944.10327,-1041.64722,29.61638,899.18683
51,0.417,-1047.74182,-10.16414,1035.29712,-1065.67688,-41.9926,943.02325,-1029.95276,27.34594,898.45337
52,0.425,-1040.29834,-11.04351,1035.7926,-1056.9502,-42.22323,945.11346,-1019.54059,29.60648,898.19794
53,0.433,-1033.84851,-12.28672,1035.8219,-1049.56799,-42.96502,945.65735,-1016.17792,25.71393,899.0528
54,0.442,-1025.3623,-13.28121,1035.6272,-1041.77234,-45.36557,945.89905,-1009.96033,23.99071,899.05676
55,0.45,-1017.755,-14.81916,1036.72546,-1032.03894,-46.42008,946.38403,-999.86774,24.34418,899.18652
56,0.458,-1010.77637,-17.05717,1037.12134,-1025.87183,-46.69428,946.05402,-989.59723,21.13998,899.11493
57,0.467,-1001.22845,-16.40891,1037.4137,-1017.92865,-49.07497,945.505,-983.9129,20.09164,899.28833
58,0.475,-995.43951,-18.33118,1037.63269,-1009.14539,-50.71257,947.18353,-974.56812,22.1414,897.86511
59,0.483,-988.54242,-19.55445,1039.18152,-1002.69324,-51.94561,947.90906,-968.61615,17.05343,898.36615
60,0.492,-979.58582,-19.78731,1038.13184,-994.04266,-54.65445,948.82996,-959.60419,16.78001,900.05597
61,0.5,-973.93311,-21.46479,1039.53625,-985.53656,-52.71785,948.57306,-952.14612,13.58059,899.81738
62,0.508,-966.23706,-22.11048,1039.5802,-980.54022,-54.59237,948.56067,-944.7984,12.16736,900.57251
63,0.517,-956.97986,-23.75245,1039.78748,-972.93848,-58.11785,949.47107,-936.55365,13.34435,902.74908
64,0.525,-949.60803,-24.83677,1039.18481,-963.72803,-56.61645,949.23932,-926.95465,11.54347,901.10638
65,0.533,-943.51324,-26.15857,1038.95728,-957.88007,-58.4093,949.28333,-920.73199,7.65182,901.98218
66,0.542,-936.88544,-26.40227,1038.54004,-949.66998,-59.21199,949.13568,-911.41266,9.80479,902.17578
67,0.55,-929.13416,-28.11418,1039.40857,-941.16364,-60.42241,948.88489,-902.77533,6.7223,902.29333
68,0.558,-922.24103,-28.46669,1039.3656,-936.36395,-62.14184,949.10815,-896.39087,5.08756,902.76147
69,0.567,-914.8446,-28.29055,1039.27454,-928.43945,-60.24047,948.13318,-888.32904,6.08063,901.96167
70,0.575,-908.30219,-29.09826,1038.97009,-921.66876,-63.91055,948.36914,-879.70447,5.25695,902.29523
71,0.583,-900.44019,-29.59349,1039.14661,-912.14746,-62.28713,947.85321,-873.29065,3.89996,901.39105
72,0.592,-895.00061,-30.19975,1039.15857,-906.8288,-62.73441,949.55872,-865.60284,3.07646,902.01013
73,0.6,-887.01776,-29.9764,1039.56152,-897.9115,-60.74013,948.21698,-858.18683,5.05214,901.81128
74,0.608,-880.00085,-28.82556,1038.74744,-892.27618,-62.78818,948.55688,-850.92816,4.44109,902.19086
75,0.617,-874.00342,-30.37448,1038.09998,-883.19983,-62.73228,947.3645,-844.4704,3.30956,901.98956
76,0.625,-867.83264,-29.84565,1038.33521,-877.23468,-61.66676,947.38458,-835.68488,6.0108,901.58734
77,0.633,-859.47443,-29.39022,1038.22485,-867.01526,-61.95142,946.21057,-831.06537,3.42934,900.89282
78,0.642,-851.35284,-27.70326,1037.88818,-860.56262,-61.47215,946.57562,-821.75916,5.28203,900.5459
79,0.65,-845.07678,-27.68211,1036.93787,-853.36694,-61.50213,946.71106,-814.55011,5.37028,900.65015
80,0.658,-837.56256,-27.21356,1036.51453,-847.68695,-63.32788,947.70465,-807.13214,6.46544,900.3714
81,0.667,-831.07892,-27.64165,1036.85596,-837.62073,-62.45398,946.05188,-801.20074,5.64538,900.41705
82,0.675,-823.36353,-26.87048,1036.50159,-832.0274,-62.90637,946.20837,-792.68146,6.13666,900.3783
83,0.683,-817.59222,-28.03485,1035.5249,-824.23505,-61.04427,945.37177,-785.97137,4.45653,899.02844
84,0.692,-809.31763,-27.91034,1034.88367,-818.29004,-61.86969,945.0058,-775.79266,4.83186,898.51093
85,0.7,-802.76489,-27.26502,1034.74866,-811.38666,-61.44003,943.83203,-769.86768,5.29796,898.36682
86,0.708,-795.50635,-26.3639,1033.57483,-803.75177,-61.61199,943.69025,-763.32996,5.60899,897.98029
87,0.717,-789.2876,-26.68754,1033.90271,-796.68329,-61.83783,943.00751,-756.55737,4.85431,897.41547
88,0.725,-782.88385,-26.29331,1033.20886,-788.90802,-60.13078,941.95923,-749.20221,4.9912,896.68243
89,0.733,-776.26776,-26.25518,1032.82056,-784.03119,-59.61797,941.90039,-741.79456,5.75554,896.547
90,0.742,-770.75964,-25.5891,1031.97876,-776.54645,-58.3642,941.61719,-735.55896,5.94307,896.53162
91,0.75,-763.71991,-25.24412,1031.59619,-771.56726,-59.2815,942.31628,-729.30493,6.39025,896.44067
92,0.758,-756.84863,-23.94087,1031.78088,-763.38153,-58.19311,942.3512,-722.51288,6.52293,895.93427
93,0.767,-750.2041,-22.32247,1032.61768,-758.76941,-59.17156,941.98224,-714.66864,8.37138,895.50128
94,0.775,-744.14905,-22.66616,1033.10669,-751.83575,-56.52081,941.6629,-709.06146,9.94476,895.54907
95,0.783,-737.00146,-21.23699,1032.46533,-746.49011,-56.45225,941.87231,-702.94745,9.03136,896.08508
96,0.792,-730.5343,-18.99421,1033.90308,-739.15527,-54.82621,941.85535,-696.54431,10.06278,896.54065
97,0.8,-724.97888,-17.36794,1034.93982,-733.2168,-53.46124,944.3197,-690.48969,11.80937,896.69812
98,0.808,-717.85309,-16.40581,1034.96826,-726.73792,-52.19751,944.55353,-684.74072,12.30865,896.79572
99,0.817,-712.64752,-15.28026,1035.97351,-720.31006,-49.96248,945.15393,-678.76501,15.09812,899.08606
100,0.825,-705.49768,-12.70478,1036.93469,-714.40497,-49.39255,946.133,-672.75458,16.29768,899.48901
101,0.833,-698.80853,-12.13205,1039.104,-707.57953,-48.07873,948.12738,-668.38483,16.41127,900.38104
102,0.842,-691.17212,-10.47636,1039.85852,-701.04443,-47.3012,950.159,-662.00726,19.86981,900.80219
103,0.85,-684.9823,-7.37629,1040.55225,-693.77789,-45.9006,951.31433,-655.55865,21.55052,901.61847
104,0.858,-678.79596,-6.60325,1042.66772,-687.43439,-44.04045,952.59558,-648.93317,22.1027,904.09192
105,0.867,-671.34381,-4.59239,1044.4071,-681.00958,-41.97438,954.27509,-641.35535,23.92629,905.37598
106,0.875,-664.13232,-3.89701,1045.82751,-672.21234,-41.02365,956.6062,-635.60681,25.6011,906.81213
107,0.883,-658.77356,-1.81653,1046.35327,-664.89288,-39.51218,956.79205,-630.11804,26.42415,907.61633
108,0.892,-652.58057,-0.18511,1046.68823,-659.5542,-38.07048,957.60175,-623.73621,28.14399,908.26678
109,0.9,-646.20154,-0.35555,1049.82483,-653.43707,-37.53951,958.4989,-615.84662,28.97844,910.01239
110,0.908,-638.94385,1.40792,1049.43787,-648.08038,-35.92605,959.2915,-609.90839,31.28507,911.16339
111,0.917,-631.87769,0.79611,1049.16577,-641.9425,-34.9469,959.93188,-602.99188,31.22323,911.09174
112,0.925,-626.24707,1.60129,1048.96362,-637.83746,-33.82138,959.95795,-596.7558,30.96874,911.29523
113,0.933,-619.90674,2.62399,1049.54541,-630.68964,-33.12489,959.3606,-590.07404,32.57124,911.66504
114,0.942,-613.40692,2.53245,1049.53235,-624.59515,-31.10122,958.91864,-582.99615,33.21847,912.30103
115,0.95,-607.50677,4.20602,1048.83154,-618.79169,-30.64778,958.48132,-576.41376,33.14277,911.47162
116,0.958,-602.46826,4.16182,1049.11877,-612.13489,-29.74631,958.02332,-570.22852,34.67159,911.51837
117,0.967,-595.24353,6.09505,1048.26379,-606.1123,-28.11621,958.41113,-564.41119,35.13074,911.29413
118,0.975,-587.35822,8.14505,1047.72974,-600.43738,-27.64417,958.81787,-558.11963,36.29903,910.73767
119,0.983,-582.71613,7.58237,1048.46875,-592.43811,-26.2018,958.59174,-551.00922,37.64825,910.65991
120,0.992,-575.04065,10.04543,1047.73547,-586.58234,-25.01791,958.448,-545.44635,38.42613,910.51257
121,1,-570.20917,10.26486,1047.96423,-579.68658,-24.48611,957.81934,-538.11292,40.81915,911.05396
122,1.008,-562.65393,10.60025,1048.8833,-572.78546,-22.97165,957.61346,-532.19922,40.91436,911.60034
123,1.017,-555.92365,11.70867,1048.73328,-567.43677,-21.88003,957.94696,-525.5777,42.1155,911.45398
124,1.025,-550.0509,13.07945,1048.49072,-560.82855,-20.96674,957.49457,-518.6662,44.89486,911.60364
125,1.033,-543.39392,13.27226,1048.11487,-553.8526,-20.10812,957.90778,-512.12848,45.51111,910.38434
126,1.042,-538.32074,13.08462,1048.4436,-546.54828,-19.02282,957.36365,-506.53223,46.68662,911.52692
127,1.05,-529.82758,15.32189,1046.86914,-539.70111,-19.05468,957.09973,-499.08395,48.95376,910.80188
128,1.058,-524.3761,15.03922,1048.50439,-533.43756,-18.47857,957.19116,-493.07196,48.06176,910.1853
129,1.067,-517.18536,14.94689,1047.07483,-527.64526,-17.99617,955.57233,-486.32474,46.59436,909.19867
130,1.075,-509.27463,16.75028,1045.16833,-521.69214,-18.51267,954.85876,-479.83578,48.82053,911.02972
131,1.083,-504.54492,14.85603,1045.83679,-514.63434,-18.3399,954.49835,-472.29892,48.24224,909.65735
132,1.092,-497.1647,15.55249,1044.63843,-508.97165,-18.28492,953.65698,-465.70386,48.2046,907.57312
133,1.1,-490.87558,14.1444,1043.96033,-501.25955,-18.46826,952.71521,-459.90683,48.27276,908.28046
134,1.108,-484.37509,14.7896,1043.91931,-494.67999,-17.55089,952.28796,-452.62646,47.86871,905.82336
135,1.117,-477.16867,13.76436,1042.57825,-488.33334,-17.67057,951.16266,-446.38254,46.95725,904.953
136,1.125,-469.81961,14.10863,1041.53113,-482.33444,-17.36738,950.6546,-439.12589,47.75396,904.70465
137,1.133,-464.50253,13.15643,1040.49487,-475.63235,-17.34447,949.22992,-432.71597,46.29581,903.51288
138,1.142,-458.3576,14.56837,1038.30798,-469.28958,-18.01437,948.73785,-426.71082,47.83608,903.45752
139,1.15,-450.9635,14.40931,1036.69214,-464.25262,-18.52085,947.33478,-420.30087,46.87798,902.28412
140,1.158,-444.50244,14.61653,1036.25427,-456.99759,-17.87413,946.08417,-413.66693,46.70651,900.35431
141,1.167,-438.65353,13.92549,1035.60632,-451.15115,-18.97022,945.75867,-407.51434,46.88722,900.04462
142,1.175,-431.12686,13.5539,1034.14319,-443.56119,-17.80422,943.83368,-401.31723,46.45742,898.43744
143,1.183,-424.90259,13.46583,1032.74231,-438.52408,-18.69911,942.15436,-395.79532,47.08976,896.3241
144,1.192,-417.59052,13.54677,1031.7843,-431.16309,-19.23636,941.85205,-390.11392,47.23398,894.63861
145,1.2,-411.12677,13.70287,1030.52307,-424.09515,-19.26802,939.61487,-381.28674,47.11216,894.64618
146,1.208,-403.94949,11.50257,1029.34497,-417.22,-19.71375,938.32629,-376.13449,46.83751,893.5885
147,1.217,-397.45096,11.08375,1027.24988,-408.42831,-20.99551,936.69238,-369.89017,45.71397,889.78009
148,1.225,-390.98209,11.49869,1026.50623,-400.75403,-20.15129,935.64227,-362.80048,47.03083,889.09009
149,1.233,-383.57089,9.81035,1024.58154,-394.40771,-21.73095,934.6131,-357.06049,46.81536,887.52448
150,1.242,-375.2229,9.46947,1023.23242,-386.87866,-23.01234,932.81696,-349.25781,45.32639,886.25781
151,1.25,-368.69321,8.93986,1022.21765,-380.58752,-23.71213,931.27734,-342.32605,43.1316,884.91046
152,1.258,-360.70624,7.09854,1020.88721,-373.64767,-24.989,931.22925,-334.19409,42.43921,884.01526
153,1.267,-353.95569,5.7692,1020.15045,-365.16455,-26.90964,929.67358,-327.11496,40.14289,882.70386
154,1.275,-343.87866,3.19965,1019.22424,-358.25354,-28.10198,927.40991,-319.69522,39.96227,881.01074
155,1.283,-336.60339,2.30131,1017.00116,-350.29633,-29.59417,926.9093,-310.56467,36.2118,881.63452
156,1.292,-328.85773,0.11037,1016.37183,-344.83829,-31.06868,925.50348,-302.70755,35.99575,880.48987
157,1.3,-322.30106,-1.37481,1015.23126,-337.64813,-32.42949,924.91486,-298.08524,33.73458,878.21234
158,1.308,-313.96713,-2.71584,1014.34741,-328.05994,-34.21509,924.08441,-288.59671,33.59215,877.24255
159,1.317,-304.97302,-5.65709,1015.09467,-322.38486,-36.37685,923.6745,-282.87225,30.71676,876.33411
160,1.325,-296.49683,-6.10953,1015.18042,-314.68866,-36.12169,923.48914,-273.12015,29.06192,876.48053
161,1.333,-289.53384,-7.44758,1014.77502,-306.25,-37.48221,923.59894,-266.78799,26.8605,876.12054
162,1.342,-281.64069,-7.30774,1014.90002,-297.43604,-38.63313,924.96222,-258.29199,26.19217,877.32446
163,1.35,-271.64029,-10.48012,1016.99744,-290.53558,-39.93753,925.65753,-250.77023,24.94871,877.61945
164,1.358,-263.9343,-10.55049,1016.97595,-281.19983,-41.28488,927.375,-243.50592,24.24383,878.26025
165,1.367,-255.42239,-11.00481,1018.93964,-273.27725,-41.96504,929.03369,-236.51572,23.13354,879.10992
166,1.375,-247.64229,-12.41334,1020.80005,-264.71982,-43.1626,929.33722,-227.3898,21.49458,881.56671
167,1.383,-238.56795,-12.23536,1021.49286,-256.68896,-43.91246,931.4361,-218.37355,21.86702,882.92822
168,1.392,-230.96518,-13.47703,1024.13928,-247.77942,-44.72573,933.4502,-212.03583,21.92705,884.84747
169,1.4,-223.51056,-14.28284,1025.18042,-238.34499,-46.90724,934.617,-203.05179,21.03875,886.04608
170,1.408,-213.01321,-16.3513,1026.78723,-230.25487,-46.91634,935.88403,-193.77162,20.86301,887.12561
171,1.417,-206.24428,-17.57829,1027.28552,-221.31139,-48.27618,937.0014,-186.82431,19.77378,889.82837
172,1.425,-197.30754,-18.56736,1028.50562,-212.43161,-49.49931,937.60541,-178.28189,19.04892,890.64667
173,1.433,-189.43097,-19.00756,1030.00317,-203.10779,-50.30757,937.70715,-169.4417,18.55289,891.70422
174,1.442,-179.75801,-21.58412,1030.5376,-193.56027,-52.18587,938.70172,-161.7702,17.53867,892.50275
175,1.45,-172.66187,-22.98956,1030.56543,-185.48401,-53.41789,939.73309,-153.3918,16.34772,893.21783
176,1.458,-162.11583,-25.12976,1031.34802,-175.89397,-54.91177,939.87347,-143.88583,16.05162,893.58783
177,1.467,-155.18658,-24.39961,1031.47388,-166.78448,-56.61114,941.03802,-135.4382,13.43666,894.79974
178,1.475,-146.77364,-25.9917,1032.26538,-157.31064,-57.90118,941.31207,-125.58711,12.21455,894.38416
179,1.483,-138.17529,-27.00651,1033.34033,-148.9194,-58.39174,941.83514,-117.2986,11.16146,894.48596
180,1.492,-129.07169,-27.0079,1032.84961,-141.64474,-61.38654,942.16156,-108.05121,8.8558,895.57428
181,1.5,-119.02569,-30.15783,1033.09033,-131.44029,-61.85861,942.86572,-98.68172,8.22537,895.66174
182,1.508,-111.9239,-30.38979,1033.61707,-123.43771,-62.99802,943.5943,-89.64021,6.02645,896.06403
183,1.517,-102.21705,-31.77637,1034.57605,-113.45493,-64.05242,942.83765,-80.51393,4.41026,897.40497
184,1.525,-95.36715,-32.95143,1034.98877,-106.07584,-64.42228,943.82355,-71.94977,4.72471,896.89087
185,1.533,-85.60172,-33.13118,1035.41907,-98.43687,-64.99011,944.58624,-62.67138,3.59919,897.69128
186,1.542,-76.20967,-33.26406,1036.22827,-88.92032,-66.13861,944.7616,-54.26785,3.24945,897.59015
187,1.55,-69.25301,-32.04657,1036.43506,-79.8008,-67.27381,945.08484,-45.65093,2.34946,898.55353
188,1.558,-61.0913,-34.57375,1036.99597,-71.82125,-66.55312,945.3595,-36.24475,1.50719,898.7948
189,1.567,-53.32882,-34.67424,1037.67419,-63.15842,-66.34113,946.349,-27.83584,1.60556,900.18378
190,1.575,-46.29186,-34.19992,1038.2074,-54.91016,-68.48448,947.06348,-19.50721,2.26361,900.20825
191,1.583,-37.01537,-34.35167,1038.65417,-45.3625,-68.06254,947.91968,-10.60581,1.56652,901.77753
192,1.592,-27.6767,-33.83598,1039.29041,-38.12525,-68.01662,947.59613,-2.21606,1.49538,901.66565
193,1.6,-21.08401,-34.61187,1039.16077,-29.69112,-66.90498,947.98553,5.17714,1.5544,901.60846
194,1.608,-12.49311,-35.79609,1039.39954,-18.86448,-68.69743,948.35175,13.83013,0.97404,901.98523
195,1.617,-4.00156,-34.74743,1039.94189,-10.54761,-68.56503,948.97711,22.94697,1.61974,902.43921
196,1.625,3.93153,-34.1127,1040.56995,-2.97099,-67.87122,949.47864,31.36612,1.06737,902.65149
197,1.633,12.07259,-35.55903,1040.15027,5.06489,-68.16753,949.76563,39.56308,1.09823,903.77325
198,1.642,20.67944,-34.9837,1041.20227,14.32982,-67.65646,950.64954,48.8217,1.03708,904.02045
199,1.65,29.0928,-34.687,1041.48901,24.1098,-68.16678,950.15924,57.6647,1.37747,903.44629
200,1.658,36.8,-35.3214,1040.94238,32.28226,-69.36588,950.0528,65.33572,1.10284,903.89191
201,1.667,44.99057,-35.24768,1040.29529,40.11895,-68.38381,949.74133,74.30213,0.18862,903.65259
202,1.675,52.84253,-34.38887,1040.06946,47.79638,-69.04313,950.34637,82.95791,0.21478,903.6051
203,1.683,62.66052,-36.42158,1040.7439,56.51844,-69.04992,949.99603,91.93085,-0.50605,903.57758
204,1.692,68.82248,-35.77301,1040.18616,65.35507,-68.33606,948.83228,99.67567,-0.60692,903.44495
205,1.7,77.41429,-35.04758,1039.17969,74.51665,-70.64941,948.60168,108.15035,0.3821,903.62903
206,1.708,85.66823,-35.91734,1039.31348,81.62997,-70.42419,948.14636,117.48311,-1.3096,902.89526
207,1.717,93.63547,-35.46564,1038.77417,90.33841,-69.11861,947.89233,125.68285,-0.20684,902.67816
208,1.725,101.17387,-35.1686,1038.00635,98.39693,-70.37678,947.84399,132.32785,-0.30503,902.10297
209,1.733,109.78295,-35.75206,1037.63098,105.37713,-70.22404,946.4588,141.66077,-1.20519,900.85956
210,1.742,117.21951,-35.04091,1036.79822,113.66296,-68.43619,946.22113,150.1655,-0.43653,900.19879
211,1.75,124.99246,-34.45282,1035.81982,121.77883,-68.01146,944.73492,157.72873,-0.05274,899.9082
212,1.758,132.14836,-33.93296,1034.77979,129.43381,-68.55834,944.87885,165.64801,0.87539,899.04419
213,1.767,139.87103,-34.12486,1033.95715,137.13148,-67.36417,943.2887,173.65866,1.10147,898.33868
214,1.775,146.8656,-33.44254,1033.81396,145.03421,-67.32714,942.83459,181.40976,2.06024,897.61877
215,1.783,154.81055,-32.41722,1032.46326,153.00954,-66.02477,942.31934,187.40497,2.74961,897.39124
216,1.792,162.89771,-31.62172,1031.58972,159.45203,-66.59882,941.41071,196.35912,3.86151,896.67419
217,1.8,168.31963,-30.62764,1031.38525,167.3887,-65.42131,940.26831,203.60184,5.00391,895.25439
218,1.808,176.52316,-29.14383,1030.01416,175.82706,-65.03438,940.14838,210.13754,5.76121,894.27014
219,1.817,184.67487,-28.67896,1029.67322,181.38963,-63.39472,939.70172,217.00111,5.36818,893.86511
220,1.825,190.87976,-28.06687,1029.37964,189.52556,-63.04503,938.69409,224.11612,6.80252,894.30682
221,1.833,198.41646,-26.70455,1029.0293,196.55659,-62.28249,939.05524,231.57141,8.04512,893.42041
222,1.842,206.08725,-25.80284,1029.18604,203.7256,-62.01442,938.87482,238.43478,9.11446,893.0896
223,1.85,212.42511,-24.60396,1029.39868,212.0195,-60.26052,939.12085,245.29552,9.59059,893.32153
224,1.858,220.2695,-22.91065,1029.21472,218.29884,-59.12334,939.42883,252.5779,10.99202,893.0993
225,1.867,226.68018,-22.29605,1030.47205,225.54172,-58.72209,940.69226,259.75873,11.39527,893.65613
226,1.875,235.09189,-20.97962,1031.7627,231.64775,-56.7142,941.42688,266.17154,11.78654,894.16315
227,1.883,243.07912,-19.93828,1032.44922,238.79454,-56.0076,942.05237,272.56454,12.74018,894.76019
228,1.892,250.239,-19.68001,1034.39722,246.55516,-54.96562,944.5365,279.50629,13.99719,896.93414
229,1.9,257.28012,-16.83413,1035.81299,252.65895,-54.51274,945.26782,287.34607,15.03603,897.80328
230,1.908,264.92468,-15.64598,1037.71863,258.73953,-52.87831,947.90045,294.51904,16.36279,898.57861
231,1.917,270.95883,-13.75669,1039.30579,265.20413,-51.01399,948.85223,299.37595,17.7129,900.71503
232,1.925,277.52924,-13.26512,1040.33484,271.78793,-49.89227,951.62805,305.68631,19.45416,902.26642
233,1.933,284.67896,-11.1055,1042.11938,277.79324,-48.20533,952.20465,310.53983,19.43768,903.24927
234,1.942,291.17953,-10.362,1043.53357,284.49973,-46.86948,953.89594,318.36691,20.58072,905.50116
235,1.95,297.4794,-8.31054,1043.77905,290.25742,-46.42878,954.73352,325.3154,22.04329,906.69617
236,1.958,303.25296,-7.1511,1044.60693,297.11292,-42.96631,956.40741,331.0264,24.60413,907.42981
237,1.967,309.21564,-7.74031,1045.88074,302.44403,-42.0528,956.90649,337.58505,25.05631,908.03766
238,1.975,315.81824,-6.67836,1045.94434,309.12466,-41.58941,957.28735,343.14029,26.70389,909.15906
239,1.983,321.52728,-5.39014,1045.95715,314.58881,-40.73558,957.61865,348.98349,28.64525,909.89014
240,1.992,327.88513,-4.43648,1047.24316,320.07706,-39.47755,957.63531,355.7901,29.75191,910.51563
241,2,333.27426,-4.28961,1047.1322,325.83749,-37.91474,957.07245,361.48923,30.72502,911.1673
242,2.008,340.18811,-3.47072,1046.56653,332.82535,-35.82661,957.13641,367.50748,32.13092,910.49957
243,2.017,345.97311,-2.57407,1046.08521,338.74362,-35.41544,956.48059,373.84952,34.95784,910.6377
244,2.025,352.29358,-0.04178,1047.09045,344.72745,-33.99203,956.16016,380.10712,35.06289,910.48291
245,2.033,358.75861,-0.61948,1045.8866,350.31137,-33.17871,957.07092,385.672,36.45809,910.1264
246,2.042,365.19046,0.89739,1045.71643,356.80219,-32.86635,956.91425,392.01215,37.17625,910.23401
247,2.05,371.17224,2.85442,1047.36975,362.89459,-31.31059,957.01215,398.31845,38.11436,910.33893
248,2.058,378.05334,3.00762,1045.20764,368.5976,-30.21739,956.55255,405.90692,37.16937,910.61511
249,2.067,384.27676,3.87668,1047.14563,374.7179,-29.78968,957.20111,411.81744,38.67229,910.47791
250,2.075,391.3093,1.86571,1045.85156,381.57294,-29.55022,956.72174,418.44843,39.53177,910.29242
251,2.083,394.99649,4.09555,1046.26501,386.99167,-28.9245,956.00299,425.48972,39.13197,910.02679
252,2.092,401.94925,4.27715,1046.46179,392.88412,-28.3498,956.27734,431.10748,39.42807,909.66846
253,2.1,408.9473,3.22258,1046.05859,399.62204,-27.44524,955.28168,438.34216,39.44928,909.74078
254,2.108,416.08554,2.4226,1044.30103,404.93869,-28.92,954.86847,443.68994,40.42508,909.30603
255,2.117,421.72064,4.05608,1044.46899,411.86261,-28.40636,954.04358,450.16086,40.10861,908.43732
256,2.125,429.76596,2.76292,1043.11719,417.99411,-28.29279,953.27832,456.71442,39.28045,908.12085
257,2.133,436.34964,2.84908,1041.58728,422.96088,-27.51368,952.18066,462.59412,40.11113,906.39825
258,2.142,441.7291,2.15407,1041.30627,430.27341,-27.93341,951.82672,469.77554,40.24693,906.31128
259,2.15,446.69745,3.43241,1041.88489,436.67236,-27.57659,949.99799,476.15509,39.41846,904.94519
260,2.158,453.47159,3.16463,1040.63086,443.46152,-27.95788,949.46796,481.64999,39.32581,904.73364
261,2.167,460.40375,3.70351,1039.77368,449.61792,-28.34435,948.09186,488.64163,39.60691,903.52911
262,2.175,467.11099,3.6068,1038.32959,455.46201,-28.25624,947.19989,494.07727,39.70993,901.47467
263,2.183,474.34937,3.00143,1037.26172,463.06134,-27.75494,945.37689,501.49969,40.14639,900.60193
264,2.192,479.52487,2.86819,1035.90808,469.3537,-28.75911,945.07257,507.30313,40.37986,898.62415
265,2.2,487.54489,3.18138,1034.6897,475.98599,-28.88006,943.93805,512.33203,39.56512,897.11719
266,2.208,495.67255,3.42005,1033.71948,482.77286,-29.73016,942.34155,520.0304,38.14978,896.2406
267,2.217,502.7843,0.09509,1030.25537,489.07904,-30.03927,940.83582,525.45105,38.78277,894.5119
268,2.225,509.55826,0.55019,1029.22705,496.55118,-30.13108,939.96124,532.75812,39.27084,893.47235
269,2.233,516.60541,-0.35141,1027.86279,504.00031,-30.97633,938.20215,539.99017,38.33393,892.33838
270,2.242,523.7121,-0.75024,1026.87256,511.54791,-30.84515,936.59851,546.68573,37.75283,890.95929
271,2.25,531.23175,-0.6455,1025.4375,519.12952,-32.42429,936.0835,553.17352,36.43652,889.64215
272,2.258,536.79626,-0.48894,1024.77722,524.65265,-32.929,934.19312,560.93726,35.96693,887.75348
273,2.267,544.20087,-1.8176,1024.03748,533.45166,-35.27209,933.34735,568.45715,34.93968,887.14185
274,2.275,551.84955,-3.04781,1021.95532,541.22607,-35.50549,931.9895,576.35278,34.48488,884.94617
275,2.283,558.20428,-4.50179,1020.755,548.69556,-36.56552,929.80518,583.97321,32.97087,883.75702
276,2.292,565.92346,-6.63538,1019.31995,556.32257,-37.63091,928.49896,590.93146,32.06721,882.16254
277,2.3,574.7193,-6.89932,1018.31158,563.82898,-39.91959,926.73102,599.28247,29.8637,881.15851
278,2.308,583.10547,-9.38934,1016.28137,571.91785,-42.03551,925.73291,607.13239,27.94257,880.1842
279,2.317,591.50909,-10.95622,1015.01227,579.12817,-42.41245,924.11749,614.7196,26.55508,877.72552
280,2.325,599.6734,-14.03488,1013.84833,587.03986,-43.30661,922.53113,623.69995,25.06585,876.84222
281,2.333,607.27625,-14.94099,1013.90643,594.64648,-44.14616,922.1203,631.47339,23.93217,875.76086
282,2.342,618.33807,-16.56166,1012.53186,601.46973,-46.24201,921.7027,639.87207,22.11071,875.64435
283,2.35,625.91821,-18.00099,1012.36707,610.02216,-48.40874,921.74359,648.315,20.67266,875.78723
284,2.358,633.62262,-18.36471,1013.35376,618.2973,-49.24094,921.5246,655.83337,19.55638,875.42316
285,2.367,642.5174,-19.16273,1013.92188,625.33594,-49.78164,922.51691,663.28192,18.45672,875.39905
286,2.375,650.6792,-19.61517,1014.39099,633.41589,-50.2017,924.05255,671.05261,17.40778,876.43536
287,2.383,658.23096,-20.27074,1015.5083,641.52808,-50.22847,924.73376,677.9856,17.08234,877.47101
288,2.392,666.36786,-20.56089,1016.94,650.28687,-51.13763,925.90607,686.2298,15.84917,879.62433
289,2.4,673.75714,-21.6032,1019.21179,658.83502,-52.42706,927.82117,694.33868,15.9119,880.65295
290,2.408,683.12823,-22.36688,1021.15466,667.86346,-54.04935,928.92786,702.84729,14.63745,883.10382
291,2.417,689.83496,-23.80925,1021.57098,674.61102,-54.36343,931.02985,710.26569,15.32279,883.49561
292,2.425,697.93475,-25.30716,1023.35773,683.11969,-54.83863,932.28247,718.99377,13.93589,885.85175
293,2.433,706.21289,-25.57949,1025.05835,692.03674,-56.36521,933.78546,726.36407,14.19167,887.44092
294,2.442,714.79919,-27.40404,1025.93005,700.78223,-57.26084,934.68365,735.104,13.04376,888.55859
295,2.45,722.21521,-28.46696,1027.00867,710.03094,-57.61687,934.75806,742.39014,12.39599,890.59534
296,2.458,730.31976,-30.19584,1028.37109,718.65228,-59.36944,936.37457,750.86206,12.284,891.64282
297,2.467,738.54236,-30.80921,1027.91357,727.04626,-60.20481,937.24597,759.38751,10.68455,892.16541
298,2.475,746.62555,-32.14887,1029.328,735.76184,-62.29156,938.34363,768.47406,10.3702,893.19086
299,2.483,754.59009,-34.12567,1029.74219,745.23969,-63.25874,938.22162,776.79755,7.74362,894.05933
300,2.492,762.16956,-34.74223,1030.93335,754.22357,-64.8966,939.5376,786.57019,6.35315,895.50195
301,2.5,771.19873,-36.14494,1031.39185,762.86932,-66.26219,940.30518,795.71869,5.69615,894.63849
302,2.508,780.43103,-37.43612,1032.27563,771.43903,-67.08205,940.10388,804.83917,4.13269,895.79041
303,2.517,789.28162,-38.81685,1032.51111,780.59827,-68.94368,940.9989,813.93018,2.87825,896.20892
304,2.525,797.71381,-40.28151,1033.22998,788.61005,-70.25008,941.14569,823.5509,0.84816,896.92566
305,2.533,806.73047,-41.36056,1033.87964,797.66211,-71.73816,942.68872,832.43195,-0.95314,897.60187
306,2.542,815.85046,-42.9397,1034.18542,806.04163,-72.69637,942.75433,840.38342,-1.87646,898.09784
307,2.55,824.1944,-43.4186,1035.5011,815.11603,-72.92964,943.63434,849.50201,-2.8245,899.22839
308,2.558,832.51978,-43.14887,1035.55627,823.32977,-74.12429,944.39294,857.99139,-3.96443,899.22412
309,2.567,840.00311,-43.45143,1036.78589,832.05908,-74.54227,944.76025,867.73254,-5.45912,900.11615
310,2.575,847.82941,-43.78236,1036.96875,841.29828,-73.9252,945.24628,876.19037,-5.85711,900.96759
311,2.583,856.90753,-44.42793,1037.77185,849.65564,-74.97773,946.06348,884.41577,-6.80572,901.67438
312,2.592,865.15674,-44.07529,1038.06934,858.26398,-76.15327,946.93207,892.69507,-6.25972,901.68445
313,2.6,873.19702,-44.27969,1038.28259,866.73389,-75.78534,947.28564,901.35956,-6.29479,901.75928
314,2.608,880.82727,-43.8085,1038.58105,876.24121,-75.4029,946.97974,909.11389,-6.08024,902.73853
315,2.617,889.13763,-44.54327,1038.89502,884.9848,-75.29789,947.74414,917.2182,-5.86606,902.39081
316,2.625,897.32709,-43.35667,1039.42517,893.24963,-76.58877,948.28479,926.07587,-5.54985,903.16101
317,2.633,905.0199,-43.092,1039.151,901.77631,-76.21806,948.43536,933.92529,-5.51902,903.26794
318,2.642,913.36432,-42.67123,1039.38452,910.60229,-75.37494,948.34271,942.80719,-4.82094,902.7785
319,2.65,921.64087,-42.17845,1039.10022,918.8468,-75.61259,948.85248,951.16101,-4.85543,903.21057
320,2.658,929.6521,-42.09232,1039.24817,926.92596,-74.78903,948.64679,959.64679,-4.61776,903.83649
321,2.667,937.69397,-42.00376,1040.03284,934.88007,-75.63167,949.01117,968.27521,-4.33278,903.38879
322,2.675,945.92914,-41.40118,1039.33948,944.10968,-74.73601,949.17908,976.4444,-4.56055,904.36298
323,2.683,953.01526,-40.16682,1039.16467,951.36987,-75.00809,948.71356,985.05249,-3.75253,904.44507
324,2.692,961.31512,-41.45855,1039.2688,960.18402,-74.79164,948.85803,993.93457,-4.02957,903.7041
325,2.7,969.38184,-40.84859,1038.94812,967.58441,-74.92556,949.29376,1001.65839,-4.20634,904.03278
326,2.708,977.30499,-41.53061,1039.36182,976.71582,-74.35977,948.19934,1009.89856,-4.04134,903.883
327,2.717,984.12933,-41.31594,1038.86902,984.02972,-74.50726,947.50891,1018.89063,-4.04916,903.35156
328,2.725,992.50861,-41.07342,1038.92456,991.54242,-73.6086,947.47766,1027.83606,-4.4386,903.44781
329,2.733,999.70874,-40.52244,1038.02832,1000.0235,-74.03609,946.89337,1035.6438,-3.5528,903.3316
330,2.742,1007.63416,-40.28008,1037.29248,1005.82739,-73.36062,946.43713,1042.5116,-3.67286,902.73248
331,2.75,1014.67133,-39.42601,1036.90259,1013.77991,-72.97578,945.93536,1050.99524,-3.16231,902.3656
332,2.758,1021.862,-39.56731,1037.11292,1020.27563,-72.43431,944.58258,1058.81604,-3.24504,901.95728
333,2.767,1029.01978,-39.22338,1036.73096,1026.23303,-71.88738,945.40729,1065.85742,-2.84937,902.05518
334,2.775,1035.17676,-38.43814,1035.47034,1034.03979,-72.27021,945.18481,1073.68774,-2.9158,901.50812
335,2.783,1041.74255,-37.42795,1035.09314,1041.21484,-69.8427,943.78674,1081.18933,-0.94128,900.71863
336,2.792,1048.10168,-37.24493,1034.73083,1048.13696,-68.63046,942.87231,1088.15906,0.23043,900.42657
337,2.8,1054.64697,-36.17609,1034.13574,1054.44873,-67.41151,942.67322,1093.86279,1.13991,900.23395
338,2.808,1061.4209,-34.94038,1033.83411,1061.35498,-67.67894,941.67291,1100.59888,2.29427,899.6911
339,2.817,1066.95386,-33.04311,1032.48816,1067.49426,-66.05303,941.30664,1107.06714,3.35863,899.24951
340,2.825,1074.29285,-31.33848,1031.86609,1073.93127,-63.89966,940.78833,1111.97559,5.40079,898.34448
341,2.833,1080.31738,-30.25875,1031.45667,1080.98523,-63.51252,940.55902,1119.62415,6.98121,897.47504
342,2.842,1086.3645,-28.93593,1032.12988,1087.55408,-62.28749,940.02112,1124.57251,7.40581,897.19745
343,2.85,1093.32776,-27.67675,1030.97412,1093.8241,-60.65457,940.19159,1130.56921,9.39573,896.68958
344,2.858,1099.23779,-25.40553,1031.44128,1099.30225,-58.80913,941.23016,1137.01086,10.87756,896.95319
345,2.867,1106.52637,-22.1801,1032.573,1106.88147,-58.03502,942.00653,1142.30286,11.44029,897.54193
346,2.875,1112.26758,-20.40234,1033.36438,1112.1438,-56.30709,943.40619,1148.55066,13.1722,898.73303
347,2.883,1118.80542,-18.70793,1035.03992,1118.10608,-55.51512,944.93579,1153.23401,13.94846,899.03552
348,2.892,1125.00403,-17.19185,1036.56396,1124.7301,-54.30929,947.28674,1159.95837,15.16541,901.13049
349,2.9,1130.44373,-15.54849,1038.40466,1130.0177,-52.48205,949.31885,1165.15491,16.0001,901.83289
350,2.908,1137.84558,-14.30902,1040.91602,1135.5343,-50.60075,950.71307,1171.23462,17.53603,903.82819
351,2.917,1143.16321,-13.11671,1043.03662,1141.88086,-49.01211,952.51385,1175.77759,19.59236,905.30829
352,2.925,1149.02051,-12.67751,1044.74377,1147.53125,-49.08813,954.51764,1181.51624,20.18182,906.9306
353,2.933,1155.23743,-12.17293,1045.88794,1152.79321,-48.16336,955.94562,1186.42114,22.07283,908.90356
354,2.942,1161.14905,-11.14577,1047.19763,1157.94934,-46.19573,956.73071,1191.58643,22.67274,910.33722
355,2.95,1166.36987,-10.28189,1047.54346,1163.71216,-45.83256,957.6795,1197.9502,23.40038,912.7226
356,2.958,1171.02209,-10.35971,1048.57471,1167.64539,-44.33659,957.90277,1203.18494,24.46114,912.31848
357,2.967,1176.04517,-10.63633,1049.20081,1172.97363,-44.77139,959.52344,1208.3158,25.09473,913.91998
358,2.975,1181.68555,-9.11047,1050.21582,1179.14075,-43.25319,958.83093,1213.42419,26.46527,913.99829
359,2.983,1186.20654,-9.48971,1050.16797,1184.05261,-42.32168,959.06482,1218.79797,26.79752,914.17017
360,2.992,1192.60132,-8.9975,1049.65247,1188.08203,-41.43293,958.48108,1223.51782,27.55643,914.09784
361,3,1197.26758,-7.88653,1049.34692,1193.19421,-41.14727,959.2536,1228.63489,27.71988,913.71637
362,3.008,1202.44019,-7.5205,1049.16016,1198.17041,-40.01138,959.00751,1233.94336,28.95349,913.78375
363,3.017,1206.80176,-7.04993,1048.97156,1202.42932,-39.10497,958.6098,1239.12256,29.87696,913.64661
364,3.025,1212.76404,-6.10535,1048.55396,1207.99866,-38.71281,958.36078,1245.67603,29.78905,913.44684
365,3.033,1219.37305,-4.83112,1047.35095,1212.93689,-36.80728,957.41663,1250.49084,31.60489,912.45038
366,3.042,1224.30066,-3.49203,1047.62695,1218.51477,-37.05949,957.18341,1255.70935,32.50237,912.23022
367,3.05,1229.15198,-3.43106,1047.4635,1223.84973,-36.26441,956.59961,1260.89417,33.51887,911.98486
368,3.058,1234.67688,-2.09711,1046.28149,1229.21289,-33.68068,955.5575,1265.51294,34.91631,910.99365
369,3.067,1240.6499,-1.32376,1045.69739,1235.68311,-34.1268,955.39661,1271.78015,35.96171,910.50079
370,3.075,1246.7926,-0.29125,1045.77051,1241.15784,-32.9508,954.96198,1277.37646,36.82621,910.15094
371,3.083,1253.00732,0.34615,1045.01733,1246.01379,-31.70818,954.3175,1283.98206,37.6366,909.80145
372,3.092,1258.91443,1.00394,1044.0072,1253.50452,-31.45455,953.27045,1288.5896,38.39132,908.24194
373,3.1,1264.67297,2.40518,1043.59497,1258.99915,-29.90606,952.52014,1293.76624,39.62532,907.81293
374,3.108,1270.43188,3.14212,1042.97656,1265.28442,-30.4528,952.34216,1300.46228,40.6789,907.37048
375,3.117,1276.72607,3.21255,1042.21594,1270.96667,-30.0373,951.29907,1305.73413,40.9648,906.34875
376,3.125,1283.20386,3.50092,1041.14819,1277.06226,-29.28208,950.78284,1311.77417,41.40111,905.17078
377,3.133,1289.48572,3.3605,1040.77856,1282.91296,-28.93939,949.9411,1316.87097,41.19709,904.64984
378,3.142,1295.25134,3.54428,1039.43469,1288.62134,-27.82281,948.33014,1322.58594,41.58021,903.82306
379,3.15,1300.72864,3.45963,1038.81921,1295.31812,-29.09319,948.26593,1328.6676,41.93514,902.52411
380,3.158,1307.43445,2.23948,1037.82129,1300.08447,-28.41751,946.8736,1334.73645,41.94826,902.12439
381,3.167,1312.96887,2.36077,1036.78333,1306.24207,-29.01409,945.83203,1340.86169,41.65508,901.28906
382,3.175,1319.53943,1.82506,1035.91199,1311.14209,-28.02348,944.91638,1346.88831,41.30178,900.35571
383,3.183,1325.51587,1.36504,1034.93079,1316.94592,-29.21159,943.63519,1353.68237,40.10574,899.65411
384,3.192,1331.96167,1.01804,1033.74414,1323.14502,-29.2787,941.82629,1360.30823,41.10499,898.38617
385,3.2,1338.44812,0.68804,1032.32483,1329.3551,-28.97703,940.40143,1366.38623,40.55698,897.36261
386,3.208,1344.11609,0.78551,1031.52649,1334.94958,-29.75336,939.44922,1371.28027,40.00674,896.19977
387,3.217,1349.86572,0.18495,1030.48621,1340.77246,-30.07931,938.3877,1377.70007,39.47334,894.94049
388,3.225,1356.43799,-0.73247,1028.56482,1347.479,-29.96142,936.82837,1382.96216,40.4227,893.25073
389,3.233,1362.59814,0.26719,1027.29089,1353.11694,-29.67248,935.4715,1389.24988,39.67719,891.94623
390,3.242,1368.93872,-0.886,1025.6051,1360.40186,-31.10126,934.29968,1396.83704,40.01984,890.43542
391,3.25,1375.77026,-1.74029,1024.28821,1367.29236,-29.71124,931.5451,1402.50671,39.4617,889.01709
392,3.258,1382.34473,-1.9186,1022.78748,1373.78516,-32.21646,931.24603,1409.77991,38.7744,887.8139
393,3.267,1389.12097,-3.52149,1021.08667,1380.98389,-32.70505,929.12256,1416.38184,38.44823,886.48499
394,3.275,1396.28674,-3.76973,1019.52887,1388.01257,-33.21872,927.97418,1423.18298,38.18027,884.86951
395,3.283,1403.21082,-4.7834,1018.24377,1394.79822,-33.0934,926.05206,1430.65295,37.16955,883.60559
396,3.292,1410.35107,-4.83638,1017.31866,1402.27771,-34.74535,925.16779,1437.15015,36.26459,882.14734
397,3.3,1416.95166,-5.8688,1015.43286,1409.62659,-36.0521,924.10712,1444.98169,35.975,880.85663
398,3.308,1424.20361,-7.57248,1014.73865,1416.54651,-36.21328,921.80133,1452.05591,34.16526,878.71252
399,3.317,1432.3009,-9.22401,1013.63043,1424.54077,-37.99688,921.43579,1458.91003,33.14436,878.82983
400,3.325,1439.69128,-10.543,1012.67889,1431.07227,-38.51616,920.13153,1466.15796,32.05069,877.83539
401,3.333,1447.20874,-11.07299,1012.18475,1438.59375,-40.45278,919.53656,1473.26355,30.70093,876.65942
402,3.342,1453.87561,-12.56905,1011.60718,1445.57678,-41.76756,919.36365,1479.70972,29.78827,875.86371
403,3.35,1461.91907,-13.20878,1011.42023,1451.89514,-42.35043,919.3819,1486.56335,27.43013,875.57477
404,3.358,1468.68433,-14.63702,1011.55847,1459.02344,-44.14952,920.44751,1493.33289,26.57133,875.77637
