Frame#,Time,R.Clavicle.x,R.Clavicle.y,R.Clavicle.z,L.Clavicle.x,L.Clavicle.y,L.Clavicle.z,R.Scapula.x,R.Scapula.y,R.Scapula.z,L.Scapula.x,L.Scapula.y,L.Scapula.z,R.Scap.Inf.x,R.Scap.Inf.y,R.Scap.Inf.z
1,0,1762.25281,153.2115,1309.99048,1784.02673,-38.78137,1319.70032,1902.88928,163.50047,1331.20825,1922.47778,-3.25713,1326.65833,1953.40625,143.40749,1258.28223
2,0.008,1759.30627,152.11742,1310.03552,1780.18066,-39.38855,1319.4353,1898.42444,163.89864,1331.76868,1919.03979,-4.56203,1326.97839,1949.51721,142.73512,1258.72644
3,0.017,1753.34204,153.90779,1308.81763,1777.10852,-38.79612,1318.79272,1894.11926,162.37596,1331.81177,1914.06824,-4.2339,1326.04907,1945.09998,142.32602,1258.02917
4,0.025,1750.7019,153.0285,1308.37061,1772.87524,-39.11,1318.57642,1890.95081,163.87833,1331.62024,1909.79199,-3.81034,1325.97974,1941.72583,142.88469,1258.13818
5,0.033,1746.57019,152.22519,1308.047,1768.31836,-40.91921,1317.94482,1887.07654,163.39439,1331.47485,1905.81274,-4.42668,1326.27344,1937.84949,141.95647,1258.09229
6,0.042,1742.53625,153.31071,1307.6344,1762.67407,-39.72081,1317.64441,1882.51306,162.57034,1330.25,1901.56335,-5.16232,1325.45325,1932.96936,141.77806,1257.77917
7,0.05,1738.07764,151.44261,1306.91223,1759.40308,-39.28239,1316.93542,1878.14587,161.4082,1330.07336,1897.24438,-6.07975,1325.00024,1930.34094,140.75647,1257.49548
8,0.058,1734.06226,151.66112,1306.94324,1755.88245,-39.62902,1317.2533,1874.21729,161.80424,1330.25659,1893.11719,-5.44468,1324.70203,1925.97339,140.7531,1257.26855
9,0.067,1730.48193,152.53276,1305.97791,1751.44714,-40.42564,1316.52637,1870.31641,161.45052,1330.12207,1888.57043,-6.1276,1324.68286,1921.65906,139.44707,1256.71008
10,0.075,1725.38684,151.25566,1305.89087,1746.45898,-41.01126,1316.45911,1865.84863,160.27962,1329.078,1884.85876,-6.24048,1324.85522,1917.47095,139.16782,1256.86523
11,0.083,1720.80945,151.48982,1305.10974,1741.01221,-42.07777,1316.22437,1861.33606,159.96112,1328.729,1880.80835,-7.2295,1323.90454,1913.38599,138.10712,1256.2655
12,0.092,1717.16113,150.36099,1303.73511,1737.05078,-41.73137,1315.13745,1856.74011,158.9987,1327.97168,1876.20288,-7.94,1323.18188,1909.33044,138.18396,1255.78564
13,0.1,1712.94226,150.2769,1303.55029,1733.74536,-43.52991,1314.95813,1852.95618,159.42845,1328.07068,1870.28955,-9.57609,1322.99744,1905.33887,137.01772,1255.2937
14,0.108,1707.36438,148.75407,1303.36682,1727.69141,-43.01694,1314.10657,1849.21814,158.64909,1327.57104,1866.37634,-9.88575,1322.77222,1900.22986,136.55768,1254.7323
15,0.117,1706.01111,148.84396,1302.3385,1724.49365,-43.5261,1314.02136,1844.43665,157.74358,1326.25354,1861.62939,-10.1971,1322.29272,1895.80859,134.15019,1254.55811
16,0.125,1699.77771,148.36847,1302.46033,1719.0166,-43.91935,1312.75623,1839.69495,156.65079,1326.14355,1857.22705,-11.87381,1321.70764,1891.48389,134.42397,1253.92188
17,0.133,1694.74744,146.75685,1301.5094,1713.01782,-44.18183,1312.70203,1835.68433,154.85414,1326.24023,1852.40857,-11.59441,1320.76904,1887.64758,132.83203,1253.52576
18,0.142,1691.90295,147.99561,1300.9408,1708.78284,-46.0144,1311.50024,1831.57007,154.84554,1324.89319,1848.77466,-13.99527,1320.7771,1883.11316,132.36409,1252.6228
19,0.15,1686.95715,146.76886,1300.46936,1705.99207,-46.76048,1311.13818,1827.62244,153.84233,1325.05225,1842.90112,-13.74667,1320.01636,1879.23682,131.42319,1251.66125
20,0.158,1682.05237,144.72708,1299.71484,1700.28894,-47.04935,1309.74219,1823.62012,152.65941,1323.97546,1838.38599,-15.86134,1319.14734,1874.32996,129.61728,1251.77576
21,0.167,1677.51453,144.54463,1298.68884,1695.77393,-47.31458,1309.54712,1818.61755,151.67087,1323.1488,1833.78394,-16.40681,1318.10498,1869.49365,128.62469,1250.32483
22,0.175,1673.96277,144.7397,1299.22083,1690.04041,-48.83392,1308.77905,1814.34656,149.12619,1321.91309,1828.59937,-18.17699,1317.47913,1865.0061,127.04626,1249.83923
23,0.183,1669.15088,141.71165,1297.51843,1686.51086,-50.09167,1307.52454,1809.45825,148.44128,1321.06433,1824.1571,-18.26603,1316.86267,1860.14343,125.77267,1249.11731
24,0.192,1664.72498,141.5052,1296.20911,1681.0304,-50.77125,1307.17712,1804.92029,146.95818,1321.10913,1819.4917,-20.27609,1316.21545,1855.67493,124.71261,1247.6217
25,0.2,1659.4436,139.57426,1296.65747,1675.2616,-51.77935,1306.00159,1800.2688,144.85811,1319.68518,1814.04456,-22.39531,1314.47644,1851.37939,122.61105,1247.51233
26,0.208,1655.00427,138.4303,1295.95679,1670.73535,-53.5482,1305.69116,1794.74377,143.44398,1319.13062,1809.88367,-22.88713,1313.97339,1846.15601,121.94492,1246.79956
27,0.217,1651.1001,138.65562,1295.43286,1665.25293,-54.32312,1305.18982,1790.37781,142.88708,1318.59692,1805.26196,-25.20292,1313.05823,1842.02661,120.51923,1245.64441
28,0.225,1645.99341,136.29633,1294.32996,1661.50305,-55.57354,1304.3136,1786.59143,141.05083,1317.78503,1799.64307,-27.09881,1311.7146,1837.16101,117.65256,1244.46326
29,0.233,1641.52795,134.149,1294.63611,1656.99634,-57.72482,1304.16235,1783.06201,139.45494,1317.06079,1795.21729,-28.71754,1310.79236,1832.06335,116.20624,1243.78125
30,0.242,1635.33179,133.65831,1293.7627,1651.49121,-59.83655,1302.65442,1777.83142,138.08812,1316.18701,1789.62427,-30.08619,1309.35999,1827.98816,114.91898,1242.69592
31,0.25,1631.24365,132.63034,1293.1355,1645.97766,-60.52662,1302.65137,1772.79443,135.90178,1315.42078,1786.21277,-32.77412,1309.26563,1823.58411,111.65804,1241.875
32,0.258,1628.34534,130.56984,1293.1615,1640.52869,-63.92073,1301.39868,1768.44922,133.43164,1315.44666,1780.42261,-33.78727,1309.05701,1818.67261,109.92406,1241.5199
33,0.267,1623.11377,129.39053,1292.78906,1636.41284,-63.55936,1300.49048,1764.42212,131.7384,1314.80725,1775.59802,-35.49253,1308.74219,1813.60693,108.73581,1241.18262
34,0.275,1617.26245,127.85075,1293.14026,1630.58044,-65.61574,1299.60559,1759.10645,130.40796,1314.70581,1770.26392,-37.53144,1308.38721,1808.50842,106.04137,1240.72803
35,0.283,1613.1272,125.94913,1292.91077,1627.63635,-66.32861,1299.83838,1753.7085,128.51711,1315.099,1765.66064,-39.75809,1307.74426,1803.37817,104.87823,1241.16602
36,0.292,1608.31165,124.23718,1292.17444,1621.0072,-68.75903,1299.70349,1749.29053,126.19836,1314.22168,1759.69519,-41.96188,1307.15271,1798.41064,103.66914,1240.86133
37,0.3,1602.79773,121.63448,1292.51428,1616.51233,-69.83269,1299.05005,1744.10547,125.82809,1314.17505,1755.23914,-43.51361,1307.05664,1793.95264,101.48736,1240.01868
38,0.308,1597.96155,121.32208,1292.84521,1611.00146,-71.40788,1299.95325,1739.39905,123.90916,1313.44397,1750.60193,-44.98185,1307.73596,1789.28845,99.96198,1240.07898
39,0.317,1593.71436,120.01676,1293.11194,1605.52271,-73.10888,1300.28918,1735.36853,121.63979,1313.70471,1746.20984,-46.96595,1307.37329,1784.52246,98.92814,1240.76733
40,0.325,1589.64648,117.24176,1293.07458,1601.30798,-74.08282,1301.01099,1729.99231,119.84593,1314.51135,1740.41016,-48.52553,1308.05334,1779.85925,97.65838,1240.48181
41,0.333,1584.56628,116.529,1292.77612,1597.02991,-76.24557,1300.53442,1725.05151,119.22605,1313.9967,1736.10559,-50.35742,1307.38379,1775.55029,95.33868,1240.7926
42,0.342,1580.10547,113.21622,1292.88184,1592.16443,-77.7366,1300.5835,1721.11389,116.88143,1314.38123,1731.25769,-51.60226,1307.47131,1770.72229,93.74471,1240.77637
43,0.35,1574.88696,113.082,1294.06482,1587.20349,-79.65272,1301.93713,1716.88196,114.53751,1315.04639,1726.9469,-53.20013,1308.34692,1766.00195,92.55336,1240.71497
44,0.358,1569.98206,111.29652,1295.24976,1581.30432,-80.74168,1302.42566,1711.9303,113.68866,1315.6969,1722.16663,-55.20453,1308.95154,1761.19141,90.90814,1241.33252
45,0.367,1566.9231,110.18964,1295.68665,1576.36816,-83.44393,1303.61157,1707.82715,112.8982,1315.94275,1717.90283,-56.42253,1309.43713,1756.94897,88.77345,1242.36658
46,0.375,1562.97583,108.79683,1296.17041,1571.89966,-84.00546,1304.83447,1704.6156,110.84561,1316.37769,1713.12183,-58.54263,1309.97546,1752.68689,86.67257,1242.97424
47,0.383,1557.88025,106.91947,1296.65796,1567.53894,-85.05243,1305.97839,1700.06311,108.31666,1317.39355,1708.68787,-60.19038,1310.69958,1747.91602,85.30351,1243.54089
48,0.392,1553.83594,105.68835,1297.80164,1562.98816,-86.31625,1307.0011,1694.72534,107.9349,1318.68323,1703.16089,-61.37603,1311.63037,1743.18921,83.08513,1243.92957
49,0.4,1550.59583,103.10738,1298.64526,1558.30334,-88.4423,1307.56348,1690.67847,105.65949,1318.08228,1698.58862,-63.43156,1312.57532,1738.98303,80.80775,1244.28271
50,0.408,1546.40796,102.42391,1299.72424,1553.23132,-90.61961,1308.23425,1686.37073,103.28978,1318.54858,1694.06189,-64.7972,1312.9845,1734.73364,79.72641,1245.82666
51,0.417,1542.1604,100.38271,1300.73926,1547.88477,-90.8642,1309.53723,1683.12878,101.37083,1320.96631,1689.01831,-67.1142,1313.72571,1730.32922,77.22102,1246.34583
52,0.425,1537.04272,99.70663,1301.63037,1544.00977,-92.66768,1310.61987,1678.64319,100.56014,1321.05249,1683.29382,-68.80757,1314.25305,1726.27087,76.1049,1246.45239
53,0.433,1532.88794,98.52048,1302.24561,1539.31653,-92.32197,1311.91748,1674.07117,98.53998,1321.95508,1679.07202,-70.68065,1315.50647,1722.09802,74.1919,1247.23535
54,0.442,1528.18311,97.06938,1303.27917,1534.42529,-94.85148,1313.1698,1670.92664,96.69511,1322.96838,1674.80896,-72.65594,1316.30725,1717.349,71.64465,1247.82898
55,0.45,1524.98499,96.65031,1303.93433,1529.66943,-95.33747,1313.59448,1665.9585,95.09413,1322.8656,1670.28455,-74.27927,1317.59998,1713.39929,69.62428,1248.19824
56,0.458,1520.62036,94.77997,1304.86768,1523.91284,-97.1143,1313.71582,1662.37598,92.8046,1323.25806,1665.1936,-75.25762,1317.85718,1709.14856,67.89977,1249.00781
57,0.467,1515.90967,92.66753,1303.80017,1519.60962,-97.28075,1314.3457,1657.73767,91.97415,1324.11462,1661.53235,-77.50009,1318.15735,1704.63879,66.1651,1249.62427
58,0.475,1511.27527,92.17342,1303.77795,1516.41663,-97.78198,1314.75415,1654.11438,90.79226,1325.2998,1656.59827,-78.13209,1318.88147,1700.57349,64.04624,1249.84167
59,0.483,1508.37866,91.50964,1305.30627,1511.4873,-100.43037,1314.69678,1650.3728,89.02909,1324.35205,1652.25354,-79.74944,1319.2301,1696.38293,62.41843,1250.05579
60,0.492,1504.74988,90.01931,1304.79761,1505.69714,-100.48293,1315.88684,1646.33789,87.2422,1324.97095,1647.3634,-80.59073,1319.87048,1692.41931,61.51398,1249.9845
61,0.5,1498.55908,89.58401,1305.29419,1503.20959,-102.78726,1316.21667,1641.3584,86.10151,1325.00793,1642.78064,-82.3265,1319.80725,1688.93481,60.58915,1250.41431
62,0.508,1496.02783,88.91353,1305.65564,1498.2655,-103.29595,1316.93921,1638.06677,84.38322,1325.40295,1637.44678,-83.74438,1320.14771,1684.74426,57.61065,1250.52563
63,0.517,1492.35327,87.77431,1305.23352,1492.77148,-103.40578,1316.03857,1633.97461,83.66573,1325.65833,1633.37817,-85.95465,1320.37695,1680.09094,56.89559,1250.97607
64,0.525,1487.39758,86.83722,1304.4397,1488.55664,-104.52763,1316.24219,1629.6875,83.83182,1326.3761,1628.52771,-86.40865,1320.83923,1676.50159,55.82828,1251.20764
65,0.533,1484.19519,85.06577,1305.14807,1483.66663,-105.95843,1316.41467,1626.06812,82.69539,1326.1062,1624.10315,-87.48726,1320.31946,1672.81128,54.88186,1251.61438
66,0.542,1481.32837,85.71156,1304.94263,1479.38525,-105.73309,1315.54492,1621.3645,80.42255,1326.52051,1620.12341,-88.12469,1320.6803,1668.57263,53.51134,1252.91809
67,0.55,1475.60791,84.37284,1304.09241,1473.76526,-106.75189,1315.21545,1617.68848,80.62398,1326.92871,1616.70923,-88.85835,1320.52686,1663.96509,52.66562,1252.7627
68,0.558,1471.23547,83.70636,1304.79822,1470.00281,-107.02081,1315.65027,1613.55994,78.57593,1327.08606,1612.2251,-90.82497,1322.00024,1660.70068,51.28438,1252.90039
69,0.567,1467.85266,83.51745,1305.25684,1465.97925,-107.96888,1314.67151,1609.86145,77.82346,1327.13708,1607.65796,-91.133,1321.90808,1656.95898,50.39716,1253.18726
70,0.575,1464.20251,83.25115,1304.71069,1461.08704,-108.0677,1315.09924,1605.21484,77.39079,1327.23438,1602.81799,-92.29801,1321.6626,1652.41992,50.0521,1253.44446
71,0.583,1459.7196,82.36049,1304.71375,1457.75671,-109.40747,1315.68958,1600.79297,77.09875,1328.88855,1598.35742,-92.68182,1322.57288,1648.74634,48.84324,1254.40747
72,0.592,1455.63123,81.06773,1304.33936,1451.3667,-109.24907,1315.10059,1597.06116,76.97202,1328.77966,1593.49365,-93.72164,1323.03052,1644.42981,49.07959,1254.43018
73,0.6,1451.90613,81.86275,1304.66711,1448.33777,-109.20023,1315.22571,1592.44836,75.13006,1328.97241,1589.29211,-94.56556,1323.32947,1640.79321,47.40099,1255.95264
74,0.608,1447.89648,80.2038,1304.60388,1443.60779,-109.43109,1315.23914,1589.35229,73.84306,1328.82788,1583.98657,-95.4149,1323.52295,1636.60571,46.5498,1255.65137
75,0.617,1444.4812,80.3054,1304.38855,1439.27124,-110.19582,1315.69019,1584.45154,74.83825,1330.13599,1580.12378,-96.0397,1323.76135,1633.38574,45.99923,1256.01782
76,0.625,1440.36084,80.03516,1305.33557,1433.9884,-111.25002,1315.0918,1581.20361,72.69933,1330.51978,1576.06702,-96.31187,1323.65894,1629.0282,44.89593,1256.78735
77,0.633,1436.24463,79.99928,1305.20093,1431.21802,-109.74815,1315.56641,1576.57458,72.55582,1330.04004,1572.3197,-96.48934,1324.25024,1624.37622,43.94167,1257.54077
78,0.642,1431.95605,79.32868,1304.96167,1426.44824,-110.28144,1316.69812,1572.87366,72.44611,1329.96838,1566.96521,-97.04357,1324.29382,1621.27551,43.74065,1257.45581
79,0.65,1428.23535,79.55614,1305.40393,1421.23059,-111.85422,1316.63159,1568.49634,70.75334,1331.31421,1564.17078,-98.43513,1325.04419,1616.94287,43.1414,1257.40771
80,0.658,1424.49561,79.50864,1305.52808,1418.37231,-111.01505,1316.12622,1564.42896,70.93986,1330.99231,1558.4115,-98.20821,1324.73596,1613.13928,42.38213,1257.66992
81,0.667,1420.08801,79.94815,1305.93176,1413.77795,-111.52827,1315.32104,1561.50378,70.46474,1330.39514,1555.49878,-99.70916,1325.57104,1608.8468,42.38014,1258.00024
82,0.675,1417.01318,79.10822,1305.11377,1408.90881,-112.74631,1315.66687,1557.42261,70.47309,1330.09802,1550.24548,-98.38525,1324.54004,1605.33435,42.23495,1258.04297
83,0.683,1411.90784,79.58043,1305.41003,1404.63928,-111.76149,1315.38782,1553.15796,69.4641,1331.31226,1547.64746,-99.6702,1325.15283,1601.02649,40.9735,1257.677
84,0.692,1409.53088,78.72874,1305.02734,1401.29504,-112.3444,1315.31152,1549.23682,69.05814,1331.15979,1541.86963,-99.20823,1325.03149,1597.01501,40.30927,1257.46509
85,0.7,1405.57092,79.80909,1305.89197,1396.90881,-111.89125,1315.07617,1545.12122,69.16319,1330.81909,1538.59119,-100.5274,1325.57666,1593.72107,40.5442,1257.97278
86,0.708,1400.88379,78.23126,1305.30408,1392.10449,-112.8512,1315.53467,1540.82031,68.97542,1330.35657,1534.32581,-99.31478,1324.99939,1589.24414,40.04797,1257.67505
87,0.717,1397.43237,78.98323,1304.99268,1387.78369,-111.58903,1315.61829,1537.9353,68.54479,1330.71741,1529.86243,-99.03077,1325.44189,1584.95117,39.54948,1257.28271
88,0.725,1393.28796,78.964,1304.54224,1383.85229,-111.23209,1314.85022,1532.58752,68.54517,1329.99866,1525.27759,-99.90611,1324.44312,1581.83875,38.98579,1257.35876
89,0.733,1389.12122,78.65239,1304.57617,1379.70837,-111.43066,1315.15906,1528.61975,68.80141,1329.98901,1520.40308,-100.14823,1324.45337,1577.29102,39.85506,1256.83008
90,0.742,1384.73291,80.02013,1303.31628,1375.15564,-111.27576,1313.83069,1524.79675,68.8848,1330.02283,1516.95007,-99.78785,1324.68494,1572.65674,38.57159,1256.97205
91,0.75,1380.6698,80.34321,1303.34705,1370.47827,-110.37002,1313.55396,1520.22766,68.89551,1329.3418,1513.17542,-99.85221,1324.85547,1568.69153,40.05161,1257.1272
92,0.758,1376.65356,81.32859,1303.39832,1366.52087,-110.55095,1313.21399,1516.20178,69.13332,1329.04041,1508.44592,-99.98183,1323.87793,1565.15466,39.01133,1256.16455
93,0.767,1372.43359,80.79386,1302.11292,1361.94849,-110.15308,1312.42432,1512.01575,69.37614,1328.43994,1503.35474,-99.3119,1323.06409,1560.15662,40.10344,1256.21179
94,0.775,1368.81787,80.9642,1302.30945,1357.1073,-109.92746,1312.15369,1508.39258,69.96364,1328.06384,1500.02649,-98.94386,1323.68066,1556.4939,39.68991,1254.974
95,0.783,1363.27014,81.7869,1301.63831,1353.42688,-109.03267,1311.83435,1503.43054,70.30152,1328.35034,1495.69519,-99.21046,1322.99463,1551.07898,40.62247,1255.76587
96,0.792,1359.39819,82.40816,1301.4198,1350.27795,-108.56539,1310.94263,1498.2915,70.12119,1327.17786,1490.63049,-99.34107,1322.42419,1546.67859,41.03101,1255.4043
97,0.8,1355.03503,83.77192,1300.31482,1343.83447,-108.56137,1310.7782,1494.63257,70.82312,1326.71973,1486.75696,-98.65488,1321.02344,1543.08801,40.76019,1254.54993
98,0.808,1351.15247,83.86481,1299.72168,1340.91943,-108.81934,1309.89526,1490.01672,71.20979,1325.66907,1482.31677,-96.89946,1321.63525,1538.3938,42.46685,1253.82666
99,0.817,1345.7262,83.81464,1299.49414,1336.62415,-107.69933,1309.92883,1485.8623,72.56485,1324.50854,1477.72302,-96.56287,1320.58057,1533.97424,42.62642,1252.25842
100,0.825,1342.02979,84.72396,1298.51941,1331.23291,-106.10491,1309.49756,1481.49414,72.18674,1324.66333,1473.71265,-96.25909,1320.02136,1529.53455,43.27557,1252.64331
101,0.833,1336.9209,84.97874,1297.93652,1328.04224,-106.29318,1308.85095,1476.87354,74.05681,1324.37134,1469.52209,-94.99525,1319.27393,1524.8822,43.67626,1251.57556
102,0.842,1332.77393,86.94514,1297.56311,1323.16528,-104.2157,1308.49536,1471.65015,75.1028,1323.10828,1464.21045,-94.70647,1318.45996,1520.03064,46.56435,1250.91492
103,0.85,1327.44421,85.37753,1297.01416,1319.61328,-106.00087,1308.18372,1467.86536,76.35902,1322.72205,1461.13892,-92.8038,1317.64587,1515.09753,46.43422,1249.96179
104,0.858,1323.58728,87.29299,1295.81238,1314.27112,-104.18492,1307.50085,1463.26831,75.9437,1321.52454,1456.44177,-92.58788,1317.59509,1510.72534,47.2706,1248.96228
105,0.867,1318.4314,89.01691,1295.40295,1310.40857,-102.52087,1307.6521,1458.13696,77.01408,1320.98035,1451.23254,-90.23631,1315.46814,1507.04272,48.35276,1247.49622
106,0.875,1314.20557,89.20036,1294.77295,1306.67578,-102.53042,1306.66064,1453.93115,78.12781,1319.35522,1447.25684,-89.27883,1315.92749,1500.90979,50.02822,1245.89392
107,0.883,1309.23328,90.54666,1293.94824,1301.15894,-101.75909,1306.28564,1449.7926,79.16316,1318.56372,1442.46948,-89.07823,1314.49268,1497.37512,50.79092,1245.32056
108,0.892,1303.08313,90.89721,1292.87024,1297.39502,-102.03617,1305.89697,1445.31348,82.34467,1317.54968,1438.96082,-87.77639,1313.66028,1491.62659,53.06108,1244.35437
109,0.9,1300.77991,91.85659,1292.16626,1292.96973,-101.01933,1304.49475,1439.99487,82.33101,1316.69678,1433.96375,-86.38044,1312.85205,1486.39026,54.16498,1243.98987
110,0.908,1295.73071,92.91788,1291.98267,1288.27234,-97.77354,1303.93835,1435.09509,83.24151,1315.61707,1429.87585,-84.67002,1310.95081,1482.18359,55.05124,1242.75195
111,0.917,1289.30798,94.15302,1290.60913,1284.92395,-97.94884,1303.18555,1430.52515,85.08308,1314.30042,1425.49585,-84.00021,1309.5957,1477.72461,56.55286,1241.28247
112,0.925,1284.79785,95.08149,1289.91675,1279.6936,-97.17465,1302.24695,1425.16992,86.67536,1313.76404,1420.35303,-83.32782,1308.5459,1474.1405,58.26862,1240.578
113,0.933,1280.18262,95.02039,1289.12573,1272.71362,-95.60741,1301.25256,1420.47925,87.09922,1312.68103,1416.46497,-81.05415,1308.22668,1468.66907,59.63102,1239.52417
114,0.942,1275.06445,97.59368,1288.49951,1271.0752,-95.70778,1301.69336,1415.44238,88.1102,1311.85803,1410.94446,-79.70029,1306.67847,1464.07043,61.20151,1238.42456
115,0.95,1268.76343,98.3633,1288.42175,1266.1123,-93.39132,1301.26208,1410.96338,89.47723,1310.60559,1406.05334,-77.94722,1306.43066,1459.50842,62.92687,1237.76099
116,0.958,1264.40662,99.58144,1287.80774,1259.62244,-92.18803,1299.47571,1405.1864,91.86497,1310.45593,1401.90137,-77.66757,1305.8916,1453.69971,63.79766,1236.89099
117,0.967,1260.29114,100.31468,1287.3396,1254.52295,-91.40069,1300.36914,1399.63452,92.75105,1309.33838,1396.96606,-76.54105,1304.58276,1448.54468,65.94763,1235.94324
118,0.975,1254.40405,101.795,1287.16406,1250.99573,-90.78812,1300.21814,1395.56287,95.23913,1308.95044,1391.58533,-73.33768,1304.07861,1443.24426,66.97017,1236.22705
119,0.983,1248.59692,103.56273,1287.18469,1245.43457,-88.98747,1299.17688,1390.46777,96.1599,1309.79663,1387.08301,-72.83868,1304.14636,1437.64465,68.27491,1235.87
120,0.992,1244.2262,104.26801,1287.60388,1240.76221,-88.49428,1298.97156,1384.29382,97.65378,1308.67688,1382.38599,-72.47086,1303.55286,1433.64746,70.21549,1234.83118
121,1,1238.79858,106.74504,1287.80444,1235.49377,-87.13871,1298.41125,1379.56201,98.97762,1308.05518,1377.06128,-70.4811,1302.79382,1427.83398,71.93819,1235.22681
122,1.008,1233.73071,105.9964,1287.67761,1230.75769,-86.18347,1298.71545,1375.45679,100.15216,1308.34412,1370.81287,-67.70256,1303.57068,1421.54163,72.35745,1234.8446
123,1.017,1227.93188,107.41116,1287.62903,1225.90198,-84.2899,1298.59961,1370.53381,101.80973,1308.66553,1367.50439,-68.63591,1303.776,1416.9873,74.01313,1234.55017
124,1.025,1223.38977,108.5694,1288.41333,1221.06848,-82.2723,1298.92773,1364.41003,102.75691,1308.36694,1363.74939,-66.5809,1303.15198,1412.62292,75.69859,1234.21423
125,1.033,1219.59131,109.99885,1289.06299,1216.18494,-82.31388,1299.64294,1359.99316,103.79317,1308.1012,1357.33374,-63.76644,1304.07813,1406.75696,77.01392,1234.6864
126,1.042,1213.94446,112.51646,1289.44641,1211.04431,-80.42683,1300.72266,1354.80444,106.04713,1309.0238,1352.08228,-62.61139,1303.9834,1401.8584,78.80329,1235.23767
127,1.05,1208.21436,112.73791,1290.28418,1207.17029,-79.25996,1301.50586,1349.73047,106.91991,1310.26855,1349.09399,-62.38036,1303.99402,1397.47632,79.51722,1235.23108
128,1.058,1203.42468,113.80806,1290.60925,1201.7981,-77.63271,1302.05005,1345.90723,108.33353,1310.5426,1342.66089,-60.36193,1305.02209,1392.0658,81.10299,1235.97107
129,1.067,1199.14172,115.6506,1292.23169,1197.94275,-77.25018,1301.93884,1340.66003,109.43017,1311.23804,1338.75415,-59.6728,1305.67859,1386.2821,82.73704,1236.35181
130,1.075,1193.66724,117.47732,1292.59644,1193.02429,-74.84515,1302.25342,1334.95154,110.75119,1311.35181,1335.13037,-56.85162,1306.09851,1383.13586,84.45001,1236.8396
131,1.083,1189.38098,118.37151,1293.81665,1189.26685,-72.8326,1303.03967,1330.53174,113.16599,1312.35657,1328.97571,-55.75532,1306.50537,1376.97192,86.20073,1237.74158
132,1.092,1182.57129,119.36112,1295.83887,1183.17725,-73.32705,1304.91089,1325.76233,114.42621,1312.74072,1326.27502,-54.85596,1307.63123,1371.81152,87.33395,1238.51172
133,1.1,1178.13953,120.06359,1296.84937,1178.97766,-70.76972,1305.79309,1320.32373,116.20478,1314.05835,1320.24121,-53.44101,1308.55273,1367.25806,89.56197,1239.07251
134,1.108,1174.14783,121.81133,1297.71338,1174.57275,-69.75555,1306.42505,1315.30371,117.31176,1314.50745,1315.97815,-50.56076,1308.25879,1361.77527,91.44045,1239.78845
135,1.117,1169.12012,124.11827,1298.42847,1169.63794,-68.1638,1307.10364,1310.54407,119.46655,1316.37964,1311.65649,-49.49398,1310.70374,1356.51526,92.2998,1240.85303
136,1.125,1163.79517,124.7515,1299.90417,1166.18396,-67.65935,1308.71008,1305.37024,120.75845,1317.47095,1306.73511,-47.7328,1310.57678,1352.94861,94.9391,1241.63318
137,1.133,1158.93774,126.33389,1300.84656,1161.53418,-65.61993,1309.84924,1301.93115,122.31861,1317.97766,1302.37524,-46.62091,1311.89758,1346.25769,95.87968,1242.57629
138,1.142,1153.80273,127.02662,1302.23828,1154.71753,-65.03195,1310.45715,1295.43335,123.2515,1318.50928,1298.52856,-43.84832,1312.73718,1341.27234,97.95964,1243.05054
139,1.15,1148.30981,129.31824,1302.31091,1152.06714,-64.90511,1312.13062,1290.71619,125.89073,1319.38879,1293.65869,-42.74413,1312.84216,1336.77795,99.90076,1244.29858
140,1.158,1144.71765,130.49724,1303.23413,1147.11499,-63.08986,1312.21741,1285.0376,127.35556,1320.15063,1290.4165,-41.19929,1314.52393,1331.09583,101.79962,1245.01929
141,1.167,1138.92334,130.50854,1304.55334,1142.09924,-60.98888,1313.49377,1280.26538,129.15398,1320.71118,1284.95178,-39.87308,1315.02075,1326.85486,104.09999,1245.62439
142,1.175,1133.17908,131.03166,1305.11877,1138.79053,-58.19891,1313.80127,1274.71191,129.33644,1322.32239,1279.41321,-37.17854,1315.71252,1321.29492,105.49881,1246.50818
143,1.183,1128.27905,133.22476,1306.18164,1134.04883,-58.30389,1315.06543,1270.59167,131.08614,1322.31018,1276.09351,-37.47881,1315.49683,1315.81079,107.63869,1247.17444
144,1.192,1123.93262,135.84605,1306.08801,1128.8197,-57.62136,1315.41003,1265.2981,133.35477,1323.21631,1271.44788,-34.59867,1315.70972,1311.67102,109.22469,1247.53601
145,1.2,1119.13171,136.28162,1306.34229,1124.18433,-57.16845,1315.21399,1260.3407,134.47383,1323.96387,1266.07031,-31.80118,1317.10547,1306.21216,111.22379,1247.98767
146,1.208,1113.98108,137.09682,1306.78918,1122.67871,-55.62634,1315.58618,1254.79041,136.44,1323.52673,1262.85132,-31.49857,1316.87097,1301.15259,113.0274,1249.10535
147,1.217,1108.41272,136.76535,1307.20068,1116.36792,-54.68492,1315.2218,1249.53088,138.12883,1324.58521,1257.25745,-30.03596,1316.75684,1295.87085,114.95094,1248.68091
148,1.225,1102.95251,138.82838,1307.52271,1111.22778,-54.03788,1317.64136,1245.19214,139.13109,1324.65552,1252.65442,-28.77901,1318.36584,1290.57422,115.97184,1249.54626
149,1.233,1098.4624,139.00891,1307.81995,1108.84924,-53.85843,1317.83228,1240.04675,139.8362,1324.50964,1249.12036,-26.62828,1318.72937,1287.05078,117.3487,1249.49524
150,1.242,1092.68542,139.83185,1307.13892,1103.88965,-52.27947,1317.65674,1234.78442,141.79126,1325.30676,1244.1748,-26.32316,1319.91187,1281.73474,118.75414,1250.01843
151,1.25,1087.94788,140.29546,1307.56299,1099.29053,-51.30517,1318.03381,1229.4425,142.54935,1326.21484,1240.19885,-24.82264,1319.36145,1276.5885,120.12806,1251.12244
152,1.258,1083.48865,141.48672,1307.52698,1096.09192,-51.51012,1317.91699,1224.51514,143.15234,1327.13098,1234.73804,-24.81967,1320.04724,1270.96362,121.48574,1252.17212
153,1.267,1079.14502,142.01935,1307.41235,1090.44934,-50.2659,1317.24792,1219.86218,145.28374,1327.93188,1230.30737,-22.46064,1320.65747,1268.6167,122.49704,1252.73999
154,1.275,1073.67725,141.78215,1307.91296,1086.0271,-49.57786,1317.81946,1213.88,145.20816,1328.35852,1225.61658,-21.98981,1321.30872,1262.66321,124.04759,1252.91809
155,1.283,1068.17725,142.59836,1308.30408,1081.88135,-49.03901,1317.80469,1210.09424,148.26428,1328.18872,1221.37622,-21.22762,1321.63989,1257.96692,124.75131,1253.11768
156,1.292,1063.48035,143.06023,1308.65686,1076.32971,-48.95599,1317.61047,1204.74841,148.10857,1328.72961,1216.63855,-18.9615,1323.13318,1252.41455,125.36613,1254.09558
157,1.3,1058.39063,143.73701,1308.64624,1072.01343,-48.7328,1317.55322,1199.19019,149.01202,1328.44128,1211.73291,-19.57394,1322.08972,1247.33105,126.63885,1255.03882
158,1.308,1053.28149,143.75313,1308.82971,1068.46265,-48.11193,1317.3313,1193.84204,149.86427,1329.45898,1208.59094,-18.70165,1322.56628,1243.29431,128.26582,1255.07861
159,1.317,1048.16748,143.39951,1309.09314,1063.85364,-46.98443,1317.0332,1189.13818,150.25227,1329.9856,1201.95679,-17.66358,1324.2179,1238.86719,128.79764,1255.75513
160,1.325,1043.19568,144.56161,1309.2373,1058.58203,-47.71845,1318.55579,1184.37793,150.75752,1331.06677,1199.2666,-16.86861,1323.948,1233.56885,129.28786,1255.98303
161,1.333,1038.52905,144.8268,1309.51514,1054.1344,-46.63369,1318.92529,1179.12073,151.99411,1331.54871,1193.58069,-15.83684,1323.71997,1228.86194,130.24307,1256.927
162,1.342,1032.75928,144.70892,1309.46497,1049.67627,-45.57051,1318.85864,1174.30652,152.95366,1332.13147,1188.46204,-15.10911,1324.69214,1223.08911,131.11623,1257.50024
163,1.35,1028.89185,145.33421,1309.56958,1046.2218,-45.9885,1319.08105,1168.54749,153.13156,1331.63391,1183.4906,-13.71426,1324.5979,1217.69751,131.96634,1257.43445
164,1.358,1023.79913,144.51816,1309.28735,1041.22253,-45.24688,1319.30066,1164.7467,154.31625,1332.54736,1179.31885,-14.07647,1325.26184,1213.85889,131.92194,1257.37317
165,1.367,1018.56244,145.08783,1309.87671,1036.16187,-45.07185,1318.88855,1160.24292,154.5318,1331.89734,1176.4325,-13.23161,1324.50903,1208.87573,133.69838,1257.72925
166,1.375,1014.40778,145.90506,1310.29724,1032.78296,-45.33895,1319.43005,1154.31921,155.36972,1331.84216,1170.4939,-13.09153,1325.25806,1204.35413,133.83685,1257.37085
167,1.383,1007.76428,146.39915,1310.34583,1026.93494,-44.37476,1318.22827,1148.92981,154.83748,1331.83655,1166.6217,-11.95875,1324.78455,1199.81653,133.94157,1257.08728
168,1.392,1003.50134,146.49075,1310.31726,1023.61945,-44.37443,1319.56567,1144.42126,155.34251,1332.27063,1161.03271,-13.07018,1325.10571,1194.25708,135.4913,1257.3313
169,1.4,999.77588,147.24492,1309.97729,1018.77277,-43.81624,1318.59375,1138.87781,156.07605,1332.06592,1156.44287,-12.87392,1324.81421,1189.22839,134.82645,1257.48718
170,1.408,993.61957,147.09885,1310.03174,1013.54852,-45.07879,1318.20764,1134.00696,155.68945,1331.28284,1151.73767,-11.80283,1325.11707,1183.93408,135.47694,1257.50696
171,1.417,989.44202,146.66135,1308.68872,1009.94183,-44.27835,1317.77502,1129.09863,155.91371,1332.18298,1146.29639,-11.34966,1325.07092,1180.45569,135.18243,1257.96655
172,1.425,983.88068,147.42094,1309.09192,1004.67017,-43.24884,1316.91663,1124.9281,156.06201,1331.90881,1141.92969,-10.83116,1323.85522,1174.8009,135.81155,1257.40088
173,1.433,979.53174,147.11345,1308.36389,999.6944,-44.08075,1316.7793,1119.56079,155.40274,1331.88013,1137.58826,-10.76049,1323.63879,1169.69543,135.67622,1257.33911
174,1.442,975.3432,147.30826,1307.80566,995.23401,-45.37959,1316.27954,1114.2074,156.25832,1330.797,1132.86597,-11.6055,1322.90051,1164.43408,136.68427,1256.87695
175,1.45,969.9115,147.37036,1307.78198,989.75311,-45.87174,1315.5481,1110.1427,156.14302,1330.17847,1128.3125,-11.85507,1323.14893,1160.07434,135.22447,1256.2948
176,1.458,964.24097,146.98149,1306.51941,984.73346,-45.83531,1314.75928,1105.05969,155.60684,1330.5293,1123.03931,-12.00619,1322.37842,1154.85657,135.39444,1255.62366
177,1.467,959.78442,145.89787,1306.14001,980.90753,-45.91921,1314.2793,1099.97144,156.30893,1329.68152,1117.57251,-12.156,1322.03455,1150.78271,135.37987,1255.10657
178,1.475,954.00885,144.53629,1305.08899,974.07379,-45.88768,1313.50745,1094.60596,155.26648,1329.23145,1112.56177,-12.39509,1321.3302,1144.93799,136.04265,1255.01294
179,1.483,948.87134,145.15215,1304.79211,970.50928,-46.19265,1313.09119,1089.97791,155.43001,1328.61792,1107.64258,-13.08171,1321.44788,1140.0343,135.09756,1254.38818
180,1.492,944.34119,144.0061,1304.0647,965.6601,-46.46008,1311.82996,1084.1449,155.41006,1328.20398,1103.21155,-12.37819,1320.70142,1134.85437,134.95175,1253.64441
181,1.5,939.49969,144.04181,1303.36145,959.34637,-47.46121,1311.63062,1079.08423,153.71596,1326.60889,1097.71472,-13.31605,1319.94092,1130.09863,134.3273,1253.31519
182,1.508,935.0495,144.15134,1302.44751,955.39606,-48.16682,1310.84644,1073.28369,153.78421,1326.6637,1092.36597,-13.37834,1318.57361,1125.60815,133.8096,1252.23511
183,1.517,928.9317,143.31938,1301.59436,948.63727,-49.24747,1309.77588,1068.88379,153.73412,1326.21765,1087.98767,-15.20722,1318.73877,1120.36206,133.0441,1251.78857
184,1.525,923.90656,144.29672,1301.18445,944.6958,-50.0535,1309.53821,1063.61169,151.8438,1324.31128,1082.72217,-15.04204,1317.14771,1116.11292,131.89136,1251.49866
185,1.533,919.33228,141.84373,1300.45459,939.9165,-50.12819,1308.48181,1059.547,151.47821,1323.65784,1077.35742,-15.7552,1316.58545,1110.94409,131.05626,1250.55811
186,1.542,915.0705,141.19569,1299.00684,934.59875,-49.63195,1307.58154,1055.23657,150.3391,1323.17627,1073.0293,-16.6099,1314.9751,1105.27661,130.32579,1249.22278
187,1.55,909.87317,139.01224,1297.95642,929.25964,-51.94331,1306.57495,1049.5531,150.43538,1321.87781,1067.14453,-17.79803,1314.6698,1100.75879,129.41348,1248.0199
188,1.558,904.62775,139.38234,1296.953,924.27142,-52.46762,1305.94141,1045.66052,147.92125,1320.73669,1062.30359,-19.00034,1313.2998,1095.75024,129.02188,1247.39026
189,1.567,899.39722,138.6244,1296.0957,918.33569,-54.3381,1305.61523,1040.39258,147.62381,1319.91455,1057.14673,-20.0111,1312.63086,1090.39124,127.24776,1246.0741
190,1.575,895.10071,137.63394,1295.6272,913.56134,-53.67302,1305.15369,1035.40674,146.19295,1318.76929,1051.35742,-21.51625,1311.51135,1085.56946,125.65475,1244.81104
191,1.583,889.05713,136.66226,1294.20959,908.51831,-56.3737,1304.12183,1029.78772,144.83981,1317.5968,1046.7262,-22.53758,1311.81653,1080.12195,123.70169,1243.87048
192,1.592,885.06024,134.8335,1294.42529,903.36639,-56.07389,1302.92468,1024.75928,144.48752,1317.07715,1041.15906,-22.85482,1309.33179,1075.25818,123.09145,1242.45923
193,1.6,879.27692,134.20349,1292.505,896.97809,-58.49491,1302.32678,1020.51093,142.89584,1315.59778,1037.0011,-25.12104,1308.54431,1069.76709,121.52438,1241.22253
194,1.608,874.37488,133.93687,1291.94397,892.04236,-58.81754,1301.77063,1014.76282,140.65379,1313.44287,1031.27063,-27.02958,1306.48108,1064.07678,120.27728,1240.61292
195,1.617,869.2326,133.04709,1291.51843,886.46765,-60.71185,1301.17236,1009.38422,138.86017,1313.10059,1025.70776,-27.63301,1306.3949,1059.39001,117.96481,1238.69397
196,1.625,863.82458,130.5157,1290.51831,881.09155,-62.94201,1300.14392,1004.30493,137.1461,1312.14783,1020.9726,-30.11322,1304.98816,1054.34827,115.80973,1238.177
197,1.633,859.151,129.08598,1289.71741,876.68604,-63.29142,1298.99463,1000.07202,136.62741,1311.27429,1015.40186,-31.13413,1303.48096,1049.08801,115.14944,1237.05103
198,1.642,853.40021,128.12604,1289.28943,869.90637,-64.64738,1298.04016,994.39618,134.63129,1310.84241,1009.49762,-33.18727,1303.06921,1043.38904,113.43337,1235.95911
199,1.65,847.96606,126.50133,1288.11523,865.56055,-66.32635,1297.23804,988.45868,133.64133,1308.9856,1004.98871,-35.37291,1302.21155,1038.75317,111.65707,1235.53784
200,1.658,842.70135,125.13212,1287.62537,859.26965,-67.92189,1296.86841,983.6463,131.70886,1309.32483,997.40802,-36.15973,1301.83435,1032.82507,109.92226,1234.17419
201,1.667,836.73334,124.20816,1287.64404,853.44281,-68.62762,1295.74829,978.31268,129.38054,1309.08545,992.90454,-38.76263,1301.31543,1027.06848,108.36072,1233.5885
202,1.675,832.25067,122.52583,1287.15344,847.95142,-71.19032,1295.60742,971.65918,127.36536,1308.97559,990.18054,-39.68276,1302.47302,1022.80981,105.82342,1233.20105
203,1.683,825.86096,121.27122,1287.49536,841.94379,-72.55576,1295.23743,966.45868,126.93338,1308.24683,985.26373,-40.9602,1301.78235,1016.43341,104.53504,1233.60278
204,1.692,819.7265,118.73479,1287.52063,836.69269,-73.8483,1295.29248,960.81177,124.98811,1308.08777,978.2085,-42.45903,1300.92163,1011.07031,102.82886,1233.59351
205,1.7,815.14209,118.59,1287.78442,830.67096,-76.04778,1295.51575,955.20117,123.52907,1308.23804,973.22253,-45.3405,1302.41492,1004.96265,101.95718,1233.32507
206,1.708,809.14374,116.77315,1287.46069,825.12476,-77.81352,1295.89648,950.27386,121.68643,1308.36426,967.10907,-46.32015,1302.44531,999.3573,100.35659,1233.00903
207,1.717,803.50562,113.65203,1288.46399,820.30835,-77.43213,1295.92908,945.18707,120.99516,1309.65381,962.60699,-47.5042,1302.25928,993.32599,98.1936,1234.13293
208,1.725,797.65527,113.76627,1288.92957,814.10449,-79.19878,1296.90967,939.78766,119.53284,1309.44299,953.91907,-49.00781,1303.29224,987.50824,97.11167,1235.09167
209,1.733,792.28815,111.22122,1289.52454,808.83911,-81.73695,1298.34631,934.5932,117.11935,1310.2782,951.65833,-50.6893,1303.4248,982.00568,96.97328,1235.31628
210,1.742,787.46973,108.34139,1290.55151,803.66077,-83.22079,1300.39441,929.27966,116.48256,1311.02454,945.52448,-53.12764,1305.28784,976.43188,94.77726,1235.82458
211,1.75,782.29486,107.81361,1291.17297,797.31219,-85.32241,1300.83081,923.59521,114.26596,1311.58594,940.65167,-54.8339,1305.04614,971.37811,93.21556,1236.14307
212,1.758,778.09686,105.51537,1292.22766,792.9798,-86.48824,1302.03967,917.83618,112.89278,1312.97424,935.89581,-56.54737,1305.84509,966.90717,91.19804,1237.10034
213,1.767,771.70819,105.10417,1293.48267,787.41852,-87.58659,1303.55811,912.9964,109.54005,1313.3302,930.47302,-57.28671,1306.89893,960.92841,88.96228,1237.6571
214,1.775,766.54138,102.38233,1294.43164,780.76538,-89.19521,1304.94812,908.74982,108.61946,1313.87549,925.97375,-59.50031,1307.63354,956.55396,87.143,1238.68567
215,1.783,762.00513,101.49358,1295.11426,775.86334,-91.15211,1306.06824,904.09991,106.93194,1315.14551,920.32635,-61.77229,1309.00403,951.02094,85.41811,1239.37317
216,1.792,756.40442,99.0222,1296.07166,770.66449,-92.54813,1307.63806,897.98743,104.94212,1315.79785,914.57892,-63.17502,1309.21289,945.83881,83.08862,1239.97449
217,1.8,751.53381,97.21908,1298.03662,765.26617,-94.23628,1309.28809,893.25085,102.32285,1316.15283,909.53912,-65.47539,1310.2887,939.85126,81.33601,1241.03308
218,1.808,747.20007,96.84518,1299.06348,759.45837,-95.75785,1310.65479,888.49988,100.67452,1316.84253,904.01239,-67.5829,1310.66235,934.33862,79.0555,1241.81628
219,1.817,741.43555,94.66035,1299.94312,753.93823,-96.98559,1311.41821,884.43231,98.96954,1317.15088,897.98383,-69.52212,1311.53394,929.52551,76.33554,1242.58411
220,1.825,737.30072,93.47692,1300.6084,749.23389,-99.09545,1312.9231,878.54437,98.70361,1318.23657,888.15106,-70.53472,1312.21936,923.98047,74.4574,1242.85486
221,1.833,732.04828,91.52699,1301.30896,742.70471,-101.13812,1314.07263,873.40344,95.67665,1318.62683,882.85187,-72.48055,1313.20068,919.34271,72.82404,1242.505
222,1.842,727.56323,89.97192,1302.76111,737.68549,-101.75175,1314.11145,868.94427,93.52409,1319.38293,877.75317,-75.03078,1313.5564,914.29175,70.62275,1242.9845
223,1.85,722.94135,87.2168,1302.72351,733.39691,-103.25513,1315.38135,864.37695,92.12199,1319.66846,873.8584,-77.09238,1314.18286,910.37799,67.72512,1243.93274
224,1.858,718.67047,87.19736,1303.75403,727.74536,-104.71589,1316.46326,860.14539,90.30713,1319.82056,868.30597,-78.82355,1315.63159,905.65039,65.42516,1244.12671
225,1.867,713.95538,86.16441,1304.7262,722.03229,-104.53436,1316.27173,855.73114,87.7345,1320.31775,864.33362,-80.56079,1315.95715,901.58899,63.9092,1244.68372
226,1.875,710.69977,85.09653,1305.4447,716.35529,-107.34991,1317.45557,852.16266,86.44533,1321.51196,856.73535,-81.22375,1316.6748,896.8847,61.38411,1244.69263
227,1.883,705.53284,83.03003,1306.02271,712.73993,-108.43852,1317.88525,847.57806,84.94952,1321.16235,852.46918,-83.42484,1316.06433,892.4483,60.21761,1243.98987
228,1.892,701.39221,82.92664,1306.55554,706.97797,-109.64516,1318.22339,843.24347,83.30608,1321.36316,848.60852,-85.4444,1316.59216,887.84906,57.99205,1244.69714
229,1.9,696.27039,80.20304,1306.94678,702.11365,-111.41566,1318.00525,839.05933,80.84089,1322.18286,841.49182,-87.94515,1316.49121,883.40729,56.17052,1245.00195
230,1.908,692.37769,79.07126,1306.90747,696.84613,-111.9714,1318.55078,834.39764,79.06569,1321.91138,839.28088,-89.11317,1317.53101,879.10107,53.48074,1245.74829
231,1.917,687.89459,78.40288,1307.1803,692.57104,-112.2426,1318.25244,831.22839,77.50011,1322.71362,832.73773,-90.85654,1316.66296,874.97534,52.12532,1246.19019
232,1.925,683.71735,77.56163,1307.19397,687.0274,-114.02841,1318.97852,825.80377,76.63615,1322.52368,828.42407,-93.77842,1316.53247,870.61536,51.13474,1246.43909
233,1.933,679.09851,76.18729,1307.71936,683.06445,-114.40768,1318.31323,820.91187,75.36993,1323.73938,823.47821,-92.80423,1317.13,865.66986,49.91048,1247.10779
234,1.942,675.64673,76.12933,1308.15356,677.13245,-115.50926,1318.75366,817.47931,73.71457,1323.62537,818.71942,-94.58105,1317.66028,861.23083,47.8501,1248.02161
235,1.95,670.99622,74.0182,1308.47034,672.37592,-117.69423,1318.9657,812.57428,73.05276,1323.82251,814.3916,-96.83188,1318.65198,857.80597,46.17242,1248.35522
236,1.958,666.08081,73.68779,1308.90784,667.50659,-118.69591,1318.86938,808.58282,71.90279,1324.84033,807.76227,-98.49233,1318.78796,853.48291,45.52192,1248.76416
237,1.967,662.05536,72.98022,1308.03442,662.48865,-118.16218,1318.88367,803.56732,70.13232,1323.91943,803.82227,-99.1486,1319.64038,848.48846,43.95337,1248.39954
238,1.975,657.98627,73.12645,1308.15308,657.80267,-119.47102,1318.6272,800.22681,68.89118,1325.34717,799.9317,-99.12568,1319.49121,844.76697,42.04551,1249.16101
239,1.983,653.875,72.15469,1308.66846,653.4881,-120.66359,1319.73413,795.35852,67.43412,1325.58435,794.97516,-100.84077,1319.94092,840.90228,41.92278,1249.66577
240,1.992,649.33063,71.04255,1308.37,648.0213,-119.66553,1319.21057,790.41449,67.31352,1325.48547,789.63098,-103.1501,1320.41199,836.78583,38.81092,1250.0022
241,2,645.63995,70.69,1308.34082,642.90997,-121.08031,1319.30054,785.95544,65.09129,1325.6134,785.98865,-103.79485,1320.33276,832.28802,37.61229,1250.10461
242,2.008,641.10736,69.91282,1308.65381,638.19318,-121.20855,1320.03687,781.76141,65.70191,1326.59668,780.74292,-104.68656,1320.27258,828.19476,37.15266,1250.10266
243,2.017,637.04559,69.01464,1308.72217,634.15338,-122.28935,1318.99829,777.88525,63.85018,1327.46057,775.72223,-105.62522,1320.81665,824.0473,36.38529,1250.32617
244,2.025,633.47351,68.09438,1308.50439,629.36774,-123.34431,1319.41394,774.90381,61.7739,1327.99463,771.46118,-106.37889,1321.44031,820.50232,34.80116,1251.62439
245,2.033,628.5274,67.87789,1309.06726,624.71021,-124.17663,1320.05115,771.54376,60.584,1327.71375,766.9234,-107.73909,1321.03748,815.73969,34.4876,1252.39404
246,2.042,625.07507,68.02393,1309.08606,620.78101,-124.2539,1319.45862,766.14197,59.93644,1327.32092,762.84235,-108.66363,1320.84924,811.57678,33.62871,1251.75208
247,2.05,620.95032,67.72723,1309.25916,616.00726,-124.49535,1319.24023,760.69598,60.99898,1326.56165,757.58081,-108.50283,1321.41028,807.59698,33.1009,1252.70898
248,2.058,616.36401,67.29399,1309.57983,611.38916,-125.08128,1319.22314,757.1286,58.64455,1327.62463,753.77417,-109.63915,1321.60083,803.48511,32.56347,1252.93433
249,2.067,612.84198,66.48591,1309.58167,606.85107,-126.16309,1319.28674,752.89624,58.38577,1327.98169,749.57196,-110.5299,1321.50012,799.4621,31.53824,1253.15833
250,2.075,608.21344,66.18527,1308.79797,602.61871,-125.80302,1318.80566,750.07574,56.93765,1327.8053,744.58795,-110.81479,1321.65942,795.49091,29.70856,1253.37366
251,2.083,605.26331,65.7624,1308.17773,597.29541,-126.0562,1318.03967,745.60168,57.33054,1327.71765,740.8761,-111.40337,1321.49121,791.59137,30.19485,1253.10449
252,2.092,600.5191,65.65267,1308.28308,594.87354,-125.31719,1317.7439,740.4707,57.04874,1327.7937,735.73755,-112.03262,1321.77917,787.18005,29.888,1253.34436
253,2.1,596.34003,65.2738,1307.83411,590.38202,-125.9458,1318.30957,737.17859,56.57467,1328.026,731.93512,-113.016,1321.82227,783.71368,29.1937,1253.13367
254,2.108,592.44373,65.9488,1307.6062,584.84424,-126.48794,1317.34985,733.48773,55.89406,1327.3999,728.50616,-112.59069,1321.5553,779.32397,29.05956,1253.07642
255,2.117,588.29706,65.12787,1307.85193,581.72614,-126.84703,1317.38916,729.7323,56.62527,1327.20532,722.88397,-112.58734,1321.36084,775.47223,29.76279,1252.98157
256,2.125,584.17358,65.76261,1307.80078,577.44153,-126.61712,1316.69714,724.59369,57.00365,1327.41235,719.27521,-113.59963,1321.75598,771.47406,29.12239,1253.07385
257,2.133,580.57129,66.06161,1307.34851,573.02673,-126.55017,1316.70728,720.8667,57.03673,1326.97559,714.3595,-112.68168,1321.59155,767.21185,28.866,1253.59033
258,2.142,576.41992,65.91509,1306.67493,569.57379,-125.18725,1316.40686,715.3363,57.38517,1326.47888,710.25763,-113.11723,1320.57776,763.05182,29.65763,1253.1145
259,2.15,571.28577,66.13004,1305.8656,564.99292,-124.77232,1316.04968,711.10297,56.84991,1326.5979,707.37866,-112.89621,1320.43762,758.66083,28.98388,1252.99072
260,2.158,567.22241,66.2103,1305.729,560.49854,-125.31622,1315.7583,709.13293,56.95367,1327.07678,702.58636,-111.63893,1320.76331,754.32599,29.13072,1252.41626
261,2.167,562.6908,65.11991,1304.91736,556.90778,-124.81596,1315.17065,703.96631,57.89328,1326.39233,698.86823,-111.99186,1320.96265,750.46228,29.97408,1252.5459
262,2.175,558.58734,66.49057,1304.49524,551.64496,-125.31689,1314.81592,699.29712,57.41427,1325.64124,693.35919,-110.45981,1320.55676,746.66223,30.12144,1252.44348
263,2.183,553.99133,66.26623,1304.15308,547.69489,-124.71994,1314.01733,694.62354,57.91199,1325.37659,689.81421,-110.77046,1319.42505,742.10266,31.12179,1252.18469
264,2.192,549.41125,67.29282,1303.76721,542.86401,-124.48436,1314.04187,689.94244,58.78461,1326.14307,685.89124,-110.72177,1320.05103,737.78802,32.24955,1252.05811
265,2.2,545.43274,69.12566,1303.40491,539.18323,-123.71541,1313.36194,685.60992,59.57254,1325.53394,681.57672,-109.84435,1319.34106,733.12939,32.2293,1251.00757
266,2.208,541.02032,69.42489,1302.62317,534.70679,-123.85123,1312.52173,680.93939,60.62191,1324.61182,678.28571,-110.33904,1319.88794,728.55408,33.75364,1250.7356
267,2.217,536.60992,69.67136,1302.31323,531.02484,-122.49976,1312.48328,678.35803,60.9495,1324.44727,672.94427,-108.14457,1318.93225,724.18298,33.62155,1250.10132
268,2.225,532.15979,69.13682,1301.48743,525.88428,-121.94086,1311.39722,673.1322,62.15047,1324.48022,669.91858,-107.98595,1317.70898,720.0202,35.00448,1249.72339
269,2.233,527.88452,71.29285,1301.05542,522.6001,-121.12901,1310.96655,669.26825,61.54797,1323.83911,664.27155,-105.56136,1317.28345,715.89081,34.69693,1248.974
270,2.242,523.51245,71.86444,1300.24805,518.49915,-120.91195,1311.297,663.20581,63.97464,1323.39941,661.7348,-106.62704,1317.54883,711.57117,36.25309,1248.66272
271,2.25,518.81384,71.63281,1299.94397,514.81531,-119.97141,1310.3855,660.96216,64.14465,1321.98486,655.81458,-103.82705,1316.47327,707.01617,37.37199,1248.31702
272,2.258,514.57495,73.01641,1298.96521,509.29813,-119.11811,1310.17896,653.37646,65.71602,1321.06519,652.62714,-104.29338,1316.15784,702.30542,38.5492,1248.03076
273,2.267,510.05701,74.81781,1298.15637,505.69479,-117.19373,1309.53394,651.86737,66.38693,1321.64368,647.63843,-102.37769,1315.84009,698.05719,40.53368,1246.89404
274,2.275,504.92413,76.18799,1298.00415,500.80707,-116.70898,1309.22949,644.78754,68.51881,1320.22559,643.7475,-101.8118,1315.54504,693.25641,40.23201,1246.53088
275,2.283,499.7485,75.70457,1296.93616,497.08817,-115.92846,1308.8291,641.78992,67.97812,1319.76001,639.21991,-101.01535,1314.8894,689.68933,42.55641,1245.97253
276,2.292,495.88831,76.67346,1296.1438,492.12399,-114.9904,1308.2627,637.00946,71.2168,1319.06653,635.198,-100.5479,1314.11218,684.3139,43.07817,1245.2124
277,2.3,491.3147,77.40625,1295.71436,487.7507,-114.15826,1307.68079,632.21594,70.27542,1317.22961,629.85693,-98.05605,1313.6333,679.59045,45.08982,1243.86938
278,2.308,486.50766,78.08616,1295.10754,483.95807,-112.76548,1306.95374,627.22198,72.66843,1317.2251,626.20947,-97.2346,1312.77844,674.87476,45.74668,1243.08154
279,2.317,481.50134,79.62612,1294.57751,479.22849,-111.34407,1306.6228,622.98608,74.31983,1316.44495,621.67902,-95.15255,1311.30212,669.88153,47.63018,1242.1416
280,2.325,477.02475,81.04894,1293.69751,474.82675,-111.53545,1305.63928,617.57507,75.10062,1314.69238,617.49725,-93.73872,1311.23914,665.50665,49.31898,1240.89417
281,2.333,472.22412,82.25418,1293.31531,470.95493,-110.29437,1305.19189,613.04761,77.23283,1313.21777,613.40332,-93.28831,1309.99316,660.3504,49.82257,1240.62158
282,2.342,466.83725,83.27218,1292.31287,466.91687,-108.90195,1304.12854,608.14575,77.20704,1313.00732,608.94788,-90.63295,1308.96936,655.61493,51.94511,1239.05933
283,2.35,462.78293,84.06299,1291.65723,462.17465,-107.35061,1303.68213,603.18225,80.81046,1312.1228,604.5509,-90.74972,1307.24194,650.68066,54.16348,1237.39001
284,2.358,457.63638,86.23049,1291.16626,457.59961,-106.43133,1302.43164,599.54651,81.64269,1311.24609,600.39075,-89.05404,1306.87573,646.17871,54.91263,1236.59766
285,2.367,452.54422,87.32714,1290.68921,453.38159,-104.8513,1302.17444,594.01392,83.13411,1311.46973,594.42249,-85.35896,1306.95032,641.41217,57.42432,1235.53625
286,2.375,447.9111,88.78183,1289.75403,449.39984,-103.32217,1301.94592,590.04132,85.32973,1308.89954,590.80975,-83.91943,1305.07776,635.53949,58.64699,1234.56348
287,2.383,443.02341,90.78653,1289.35217,444.22925,-101.82922,1301.44409,583.78784,86.12151,1308.93872,586.90497,-82.15786,1304.74182,631.18475,60.67533,1234.16833
288,2.392,438.02249,91.83518,1288.65674,439.69022,-99.95362,1301.41052,579.3869,89.38921,1308.8877,583.20367,-80.38163,1305.17981,626.24597,63.54134,1233.22803
289,2.4,432.97098,94.53679,1288.21021,435.09473,-98.48073,1301.3822,574.59564,91.42657,1308.04395,577.41486,-79.07365,1304.23511,621.58838,65.3366,1232.88306
290,2.408,427.77505,95.42682,1287.78064,430.33847,-97.41084,1300.80066,569.65002,91.86971,1306.6438,571.34192,-76.64844,1304.04541,616.12543,66.3791,1232.47021
291,2.417,422.36664,96.7571,1287.13843,424.76825,-96.23007,1300.75134,565.6629,94.33442,1306.31653,567.64648,-75.65353,1302.82874,611.31073,69.67071,1232.40552
292,2.425,417.61057,97.83841,1287.38977,420.26611,-94.26134,1300.57495,558.73138,97.06702,1306.94202,563.64069,-73.16412,1302.58655,606.64417,70.98003,1232.24597
293,2.433,412.43121,99.49043,1287.27173,415.17752,-91.792,1299.79895,554.19745,97.24767,1307.12952,557.6214,-72.47204,1302.45886,602.01453,72.27921,1231.60339
294,2.442,407.59564,100.5554,1287.19055,410.30612,-89.8014,1300.37244,550.31708,100.12116,1306.59595,553.39709,-69.55661,1303.28442,596.75024,73.52695,1231.65247
295,2.45,402.79111,103.34853,1287.59253,405.63943,-88.43919,1300.79004,543.87262,103.02181,1305.8291,547.82678,-67.33266,1302.9292,592.06427,76.81187,1231.74512
296,2.458,397.47537,105.42931,1287.64087,400.93427,-87.01147,1300.39294,540.42236,102.95968,1306.25183,542.6145,-66.51355,1303.02844,586.86639,78.27708,1231.75464
297,2.467,393.38809,106.47125,1288.30969,396.40976,-86.32947,1301.27637,535.71802,106.44537,1307.15857,539.0105,-64.64514,1303.56116,581.77454,79.65859,1232.5365
298,2.475,387.97366,107.89372,1289.2439,391.54849,-83.6705,1301.79712,529.04736,108.18881,1307.20447,534.28198,-61.91937,1303.9978,577.19934,81.57617,1232.41956
299,2.483,383.48325,109.15379,1289.43884,386.82895,-81.58865,1301.89587,525.99908,108.2221,1307.91345,529.04852,-60.70292,1304.4209,572.28772,83.10833,1232.91724
300,2.492,377.84357,111.15771,1290.07605,382.76538,-80.13849,1303.4104,520.05267,111.14988,1308.74817,524.815,-59.12223,1305.13928,567.20239,84.94699,1233.37476
301,2.5,373.56808,113.5268,1291.39795,377.46979,-78.96459,1304.42273,515.64886,112.9083,1309.76221,520.26843,-57.55007,1306.14893,561.65857,86.97022,1235.05188
302,2.508,368.30801,114.35623,1292.87268,373.42322,-76.91274,1305.41785,510.866,113.99832,1310.27124,514.6676,-54.03346,1306.85205,557.53845,88.62135,1235.46301
303,2.517,363.5209,116.53719,1293.37097,368.78113,-75.91197,1306.6687,505.39456,116.6157,1312.65894,510.44174,-53.86893,1308.4176,551.85516,90.92458,1236.26843
304,2.525,358.40985,117.77685,1294.4021,364.82687,-75.24891,1307.62708,500.39948,117.95446,1311.93762,505.45563,-51.15511,1308.67224,546.16461,92.57184,1236.24438
305,2.533,353.26855,120.56139,1295.99756,360.25388,-72.29533,1309.06458,494.87976,119.57922,1312.83521,501.07617,-48.48939,1309.47473,541.38031,93.82796,1237.49402
306,2.542,347.86331,121.27816,1297.37024,355.65314,-70.34913,1309.6969,489.71878,123.11671,1314.58838,496.69553,-47.65456,1311.03601,536.23022,95.54277,1238.01709
307,2.55,343.38885,122.64628,1298.52197,350.37213,-68.48672,1311.32166,485.33447,123.98133,1315.07935,491.52197,-45.58437,1311.48389,531.8847,98.5631,1239.91858
308,2.558,338.02109,124.06883,1300.34802,346.27167,-68.46885,1312.74536,479.30151,125.05062,1316.54895,486.76453,-42.47855,1312.91626,526.3855,100.26215,1240.61462
309,2.567,333.29489,125.66865,1301.51624,341.63242,-66.87987,1313.47229,473.68219,128.60931,1317.24719,482.01407,-42.10457,1313.5636,520.83875,101.56333,1241.47681
310,2.575,327.52994,126.85898,1302.03003,337.39615,-64.97481,1315.50439,469.96683,127.37353,1318.42688,477.55463,-39.70916,1314.2124,516.04089,103.72061,1242.22705
311,2.583,322.27493,128.72069,1302.95337,332.69226,-64.53225,1315.41589,464.3624,130.81956,1319.50977,473.53232,-37.85181,1315.16797,510.7345,105.68459,1243.83057
312,2.592,318.0925,130.4321,1304.69873,328.00818,-61.89313,1316.84058,458.47787,132.84315,1320.36487,468.28421,-36.79365,1316.28503,505.7016,107.85882,1244.80457
313,2.6,313.15134,130.92264,1305.12207,323.8215,-60.78906,1317.26514,454.39804,132.24954,1321.99292,463.74875,-34.79604,1317.39856,500.58636,111.25699,1245.85986
314,2.608,307.43088,132.41742,1305.79675,319.35086,-59.39405,1317.97314,449.57248,136.41888,1322.65613,459.38654,-33.83859,1317.72705,494.68433,112.10596,1247.09448
315,2.617,302.18384,133.11501,1306.20068,314.56628,-57.88567,1318.33569,442.75919,136.85245,1323.45874,454.58527,-31.0731,1318.61304,490.862,115.09379,1247.53406
316,2.625,297.32935,133.73125,1306.92175,309.83994,-57.30497,1319.29077,437.93298,138.69514,1323.24695,448.66394,-29.2172,1318.94897,485.36734,116.59037,1248.54321
317,2.633,291.93726,134.92584,1306.9895,305.28983,-56.73189,1319.72119,431.76358,140.12962,1324.98474,445.31281,-28.5141,1319.06274,480.37656,118.32297,1249.50049
318,2.642,286.35281,135.9894,1307.33362,301.12683,-55.83304,1320.06323,427.99396,140.81764,1324.35767,440.33292,-25.54838,1319.95532,475.70831,118.48296,1249.62939
319,2.65,280.91882,136.85616,1307.2002,296.3338,-54.75652,1319.84521,422.53973,143.01776,1324.24304,435.69034,-25.93142,1320.22852,470.37604,121.68436,1250.22144
320,2.658,276.09958,137.53026,1307.31653,292.15164,-53.46872,1320.23975,417.72443,143.85373,1325.10156,432.17798,-23.8397,1320.95947,465.71329,122.42667,1250.5741
321,2.667,271.24817,139.42296,1307.89368,287.23267,-53.13818,1320.04578,411.86301,145.57762,1326.26526,426.67746,-22.4988,1322.01855,460.28796,124.24575,1251.55054
322,2.675,266.31113,139.46434,1308.11182,283.211,-51.99973,1320.16504,407.11331,145.49031,1327.06299,422.66428,-20.64115,1322.89734,455.34018,124.69147,1251.65515
323,2.683,261.48242,140.39781,1307.93579,277.97934,-52.1551,1320.34351,403.08148,147.42056,1327.45959,417.3519,-21.23808,1323.12939,449.8013,125.99955,1252.55322
324,2.692,256.42529,140.64584,1307.62646,272.68494,-51.168,1320.51733,397.25217,147.22331,1328.31812,411.97263,-18.44914,1323.43933,444.62967,128.22623,1252.66895
325,2.7,251.07123,141.64891,1308.18396,267.99744,-50.37875,1320.5238,391.15271,150.16118,1328.74854,408.91742,-18.50241,1325.0155,440.13498,128.78232,1253.10999
326,2.708,246.03363,141.64156,1308.22424,263.08701,-49.36097,1320.40308,387.12448,151.21265,1329.05859,403.43466,-16.29575,1325.60535,435.01752,129.77257,1254.19031
327,2.717,240.76067,141.81436,1307.89185,259.65829,-49.90309,1320.25391,380.36185,153.44742,1329.65625,399.53271,-17.22212,1326.1145,430.12827,130.62889,1254.52649
328,2.725,235.31223,142.57663,1308.09656,254.91963,-48.87268,1319.77368,375.81149,152.99348,1329.78528,393.84949,-15.25282,1325.9447,424.83798,132.04462,1255.46997
329,2.733,229.98418,143.23956,1308.24194,250.78114,-48.0406,1320.16992,369.96335,154.8766,1329.14844,388.69843,-15.13367,1325.73022,420.7677,133.45589,1255.97095
330,2.742,224.96286,143.17209,1308.58582,245.83304,-47.47155,1320.46863,365.25119,154.36903,1329.49292,383.5611,-12.61076,1326.16968,414.93253,133.38951,1257.14551
331,2.75,219.65602,143.48235,1308.55042,241.31137,-47.22134,1320.86243,359.09753,156.63303,1331.50488,380.29718,-13.36609,1326.30396,410.54919,135.23665,1258.04431
332,2.758,214.82922,144.20903,1308.3877,236.94664,-45.82173,1321.729,354.87378,155.35452,1331.0575,375.24136,-10.28932,1327.35632,404.6272,135.16388,1257.28967
333,2.767,210.0873,144.64658,1308.93591,232.57915,-46.16423,1321.6554,349.59091,158.18532,1331.71973,370.82516,-10.96356,1327.03577,400.90964,136.91887,1257.82861
334,2.775,205.14941,145.00537,1308.95532,228.12959,-45.67702,1321.6991,345.45657,157.12769,1331.86328,366.26376,-10.51643,1328.01062,395.61511,136.68474,1258.22803
335,2.783,200.6512,145.19244,1308.83997,223.95869,-45.36718,1321.47229,340.25055,157.52524,1332.20178,361.47134,-9.30004,1327.77649,390.54449,138.077,1258.46838
336,2.792,195.20348,145.08182,1308.42358,219.14944,-44.67825,1321.50366,335.13687,159.16734,1333.13843,356.74146,-9.13441,1328.61963,386.19183,139.51723,1257.92346
337,2.8,190.79237,144.92577,1308.47314,214.58965,-45.32224,1321.28857,329.38016,159.50323,1331.84619,353.2608,-7.11013,1326.90149,380.67358,139.90562,1258.10071
338,2.808,185.43033,144.34177,1307.80969,209.93172,-44.69874,1320.75903,325.96616,158.63489,1331.77698,347.80011,-8.40995,1326.84827,376.57791,140.58101,1258.03381
339,2.817,180.58356,145.31282,1308.18445,206.77757,-44.80541,1320.88672,319.76196,160.98048,1331.69849,343.862,-7.59285,1326.78625,371.96304,140.13283,1258.22583
340,2.825,175.13892,145.86598,1308.052,201.93837,-44.21554,1320.21716,315.52097,160.66478,1331.7323,337.81412,-7.27916,1326.80701,366.63574,140.82068,1258.46509
341,2.833,170.38513,144.58516,1306.92053,196.90356,-45.20642,1319.67651,310.6207,160.00037,1331.177,333.48624,-6.73197,1327.64099,361.77933,140.92477,1258.10315
342,2.842,165.74544,144.42419,1306.72559,191.89578,-45.60817,1319.33704,305.6629,162.0305,1330.62549,328.45822,-6.31524,1326.74036,356.98141,141.11304,1257.74524
343,2.85,161.10291,144.7606,1306.22009,187.03729,-45.17691,1319.51025,300.6601,159.98834,1328.90991,324.19534,-6.47998,1325.92456,351.92175,140.77512,1257.64282
344,2.858,156.11717,145.03032,1305.74158,182.04109,-45.57575,1318.7196,296.41193,160.2477,1329.76245,319.14127,-6.80063,1326.18896,347.12564,141.24113,1257.13513
345,2.867,150.73882,144.96976,1305.00439,178.04852,-45.8296,1317.83484,290.26849,159.89059,1328.953,315.74756,-7.07139,1326.1311,342.08356,140.32144,1256.86121
346,2.875,145.81456,144.09554,1304.64929,172.37263,-45.51406,1316.67273,286.28424,160.36713,1328.24719,309.18027,-6.22117,1326.45032,337.17667,141.22398,1255.84155
347,2.883,140.43192,144.64809,1302.87683,168.50955,-46.12838,1316.08032,280.67621,159.86183,1328.22131,304.10187,-7.16765,1323.86438,332.31036,140.62279,1255.27588
348,2.892,135.74506,143.80658,1302.42139,162.69992,-47.8205,1316.12354,275.15051,158.36401,1327.89197,300.16977,-8.17452,1323.5116,327.69348,140.0753,1254.77405
349,2.9,130.5537,143.34349,1302.07361,157.54355,-47.47558,1315.24609,271.22656,156.93251,1327.40234,294.33203,-9.30182,1323.95459,322.81802,139.71411,1253.82788
350,2.908,126.05661,142.48422,1300.90247,151.76399,-48.25421,1314.50977,263.58817,158.42554,1326.48254,288.9545,-7.82169,1323.48535,317.5968,138.86832,1253.74231
351,2.917,120.75327,142.6422,1300.22314,146.93327,-48.13328,1313.40454,258.89471,157.56766,1325.15869,284.08246,-9.05129,1321.07117,312.48599,138.02083,1253.54126
352,2.925,115.54234,142.13914,1298.33838,142.16078,-47.96648,1313.03125,254.57381,156.84901,1325.56885,278.84225,-9.58314,1320.70044,307.3718,137.42726,1253.19507
353,2.933,109.85281,140.90193,1297.42444,136.21844,-48.3741,1311.41687,248.69975,156.30251,1324.04114,273.5238,-11.4521,1320.66736,302.55667,137.10594,1252.55945
354,2.942,105.09186,141.19888,1296.90955,131.66974,-50.13146,1310.89722,243.68033,154.96268,1323.10315,268.79465,-13.17891,1319.40149,297.65628,136.01227,1251.66479
355,2.95,99.44355,139.02406,1296.11072,126.28039,-50.53877,1310.11499,238.00667,155.16881,1322.41797,262.51276,-11.63287,1318.54309,292.04572,134.91557,1250.02393
356,2.958,94.89024,139.03348,1295.14941,121.09142,-51.75879,1309.51807,233.70079,154.68648,1321.93774,258.19873,-12.77819,1317.92065,287.54095,133.5237,1249.73682
357,2.967,90.1833,137.68526,1294.2113,115.19626,-53.26015,1308.15002,228.28548,153.52255,1321.47498,252.46664,-15.81102,1316.90857,282.02905,133.43082,1248.56775
358,2.975,84.54356,137.06551,1293.23584,110.53406,-53.8541,1307.42737,223.56862,151.04243,1320.93433,247.19452,-15.88811,1315.63867,277.20309,131.65601,1247.97473
359,2.983,79.91908,137.31403,1293.05872,104.48726,-54.00137,1306.38525,219.87604,149.957,1319.81726,241.23413,-17.27687,1315.11047,272.44409,129.55624,1247.02075
360,2.992,74.31285,135.71162,1292.28247,99.08739,-54.68222,1305.24243,212.99095,149.13832,1318.2439,235.95851,-18.23744,1314.37732,266.99411,129.76355,1245.86255
361,3,69.16766,134.67348,1290.46948,92.53231,-57.37984,1304.42847,207.91472,147.29575,1317.48962,230.8569,-21.16232,1313.12402,261.53494,126.97763,1244.74988
362,3.008,64.23345,133.66771,1290.02979,87.72694,-57.65475,1303.39612,203.64977,147.04555,1317.11218,225.06985,-20.4398,1312.83423,256.91382,126.32869,1243.31958
363,3.017,58.76532,131.24132,1289.42529,82.36357,-59.15141,1302.70239,198.99408,144.3163,1315.69019,219.48274,-22.02693,1310.93494,251.48502,124.12653,1242.48132
364,3.025,53.4823,130.15379,1289.06995,76.51368,-61.39969,1301.9552,193.51007,142.26024,1314.45496,213.74455,-24.41323,1309.40405,246.64644,121.7644,1241.4231
365,3.033,48.52525,129.81497,1287.2561,70.58233,-61.7753,1299.81262,187.78986,141.18346,1313.32092,207.98955,-26.56989,1309.16138,240.93721,120.49239,1240.41736
366,3.042,43.14579,128.15816,1286.49829,65.26096,-63.57763,1299.64185,183.00806,139.51614,1312.12915,201.99141,-27.85313,1307.41492,234.88789,118.89162,1239.02942
367,3.05,37.97605,126.50533,1286.21155,58.99528,-64.21096,1299.02332,177.87146,137.5668,1310.31897,197.04356,-29.84237,1306.35779,229.70076,117.38625,1237.98413
368,3.058,32.93882,126.00586,1285.83118,54.33075,-65.83829,1297.67041,171.88866,133.59784,1308.99097,192.64786,-32.2228,1305.22791,224.49872,114.70232,1236.54236
369,3.067,27.06646,123.95857,1283.91699,49.52195,-67.56026,1295.87549,167.90331,133.52687,1308.38184,185.7281,-34.28791,1303.8385,219.19621,113.01395,1235.53247
370,3.075,22.39152,121.46272,1283.4259,42.78906,-70.18903,1294.2821,162.70023,132.09294,1308.16418,181.09732,-35.82015,1301.93628,213.07878,110.37891,1234.44922
371,3.083,16.91743,119.93488,1282.86707,37.27797,-72.37888,1293.23523,156.29819,129.66928,1305.50037,174.04578,-38.58083,1301.92847,207.16396,108.89641,1233.37524
372,3.092,11.57444,117.43971,1281.95032,32.09983,-73.75985,1292.43896,150.64249,126.26471,1304.96008,169.70407,-40.80282,1299.88562,202.3101,105.58929,1232.29932
373,3.1,6.16482,116.98177,1281.81763,25.87525,-76.09557,1291.90381,146.57645,124.76648,1305.0376,164.19441,-42.75477,1299.88879,197.20161,103.39457,1231.69604
374,3.108,0.24791,115.22475,1280.94739,19.78451,-76.95868,1291.74927,141.24657,123.69688,1305.57642,158.09039,-44.0314,1299.23022,191.58272,101.55685,1231.26929
375,3.117,-5.67106,112.14545,1280.69836,13.23383,-80.00683,1290.93701,135.34903,121.10123,1303.86047,152.03436,-46.99787,1298.42212,185.85844,99.14302,1230.599
376,3.125,-11.43433,110.66711,1280.6377,8.55977,-81.97945,1290.33777,128.99446,118.39837,1303.39233,145.84395,-49.95834,1298.89746,179.83296,96.53747,1230.10413
377,3.133,-17.03503,107.55444,1281.12769,1.76636,-84.37138,1289.82117,123.83323,116.57017,1303.13025,140.5018,-51.95664,1299.14429,174.23389,94.27869,1229.93506
378,3.142,-22.12344,105.57421,1281.76282,-4.14105,-85.89506,1290.80273,117.18992,114.50966,1304.15356,133.25081,-54.13439,1299.33838,168.48578,92.51659,1230.88538
379,3.15,-28.02633,103.99442,1281.53906,-10.68844,-89.14135,1291.7179,110.8389,113.5284,1304.93689,128.90414,-56.63242,1299.8103,163.493,90.62804,1231.15137
380,3.158,-33.88851,101.98022,1282.23254,-14.7991,-89.36546,1291.25049,105.76859,110.10762,1305.19873,123.96397,-57.71571,1299.81775,157.46931,88.40091,1231.19299
381,3.167,-39.66562,99.6711,1282.48486,-21.30321,-92.29613,1292.93591,100.42823,107.83103,1305.97595,117.49368,-60.39999,1299.22229,151.44708,85.98817,1231.1001
382,3.175,-45.22734,98.0869,1282.81824,-26.50142,-93.80202,1293.24927,95.56375,105.77415,1305.80334,112.09438,-62.78688,1299.40503,144.94031,83.98033,1231.97778
383,3.183,-51.34388,94.67059,1283.5426,-32.92408,-97.24468,1294.70422,88.70412,104.9028,1306.88171,106.38403,-65.54292,1300.17224,139.35675,81.77854,1232.71252
384,3.192,-56.01286,92.25753,1284.94934,-38.31954,-97.21555,1295.41199,84.34435,100.49065,1307.39893,100.47762,-68.17175,1301.53577,134.26176,79.83807,1232.96216
385,3.2,-61.6186,90.76952,1286.17358,-44.44013,-100.87839,1296.02014,78.70383,98.95647,1308.84546,94.15237,-70.64762,1302.59082,128.59824,78.07495,1233.25464
386,3.208,-67.48637,89.33634,1286.66663,-49.8269,-102.27878,1297.41626,74.71911,96.76094,1308.07751,89.25601,-71.62177,1302.72156,123.15781,75.65352,1233.3822
387,3.217,-72.75558,86.69941,1286.7854,-56.2005,-104.69091,1298.59314,67.42966,94.75482,1308.97107,83.93608,-73.31685,1303.40076,117.67823,72.17007,1234.71106
388,3.225,-78.8489,84.89721,1289.03796,-60.83503,-105.8243,1299.41919,62.13103,91.2011,1309.10974,78.58533,-76.90409,1304.72522,111.83701,69.64024,1235.18945
389,3.233,-84.03061,82.25748,1290.04626,-67.4199,-109.52849,1301.30359,56.40422,88.05505,1310.55078,72.0772,-78.96691,1306.06384,106.28259,67.70151,1235.83252
390,3.242,-88.93116,80.16319,1290.94189,-73.05151,-112.25062,1301.78088,52.75369,87.11321,1310.91187,66.43369,-81.27236,1306.08398,101.06494,66.04019,1236.17114
391,3.25,-94.45848,77.88927,1291.65186,-78.3317,-113.22138,1302.33057,48.39993,84.59662,1312.67847,60.41417,-83.64222,1307.28174,95.64827,62.79755,1236.80029
392,3.258,-99.4212,77.69061,1293.03162,-83.8776,-114.94543,1303.26575,41.44253,83.19807,1312.57715,55.42445,-85.90804,1307.45789,90.44866,60.58458,1238.08118
393,3.267,-105.0449,74.27962,1293.40552,-89.67892,-117.42624,1304.8147,36.05486,80.26414,1313.90723,49.35043,-87.91254,1308.32397,84.92003,57.85374,1238.25269
394,3.275,-110.57273,73.08988,1293.69446,-95.13335,-118.09617,1305.84998,31.37751,78.24042,1314.53247,43.5429,-90.29888,1308.51868,79.35236,55.47727,1238.79858
395,3.283,-114.25145,70.60239,1295.3905,-101.05312,-120.64808,1305.56665,26.25863,75.68243,1314.66394,36.67152,-91.07043,1308.8573,75.03107,52.83345,1239.63135
396,3.292,-119.95762,68.2129,1295.35608,-107.24772,-122.90997,1306.86414,21.0445,73.4786,1314.44092,31.037,-94.18545,1309.43091,69.66347,50.78526,1240.42078
397,3.3,-125.13042,66.54372,1295.94824,-112.57813,-124.04614,1307.67065,15.16678,73.25884,1315.18848,24.98965,-96.74729,1309.6178,64.14811,48.74832,1240.17078
398,3.308,-130.42628,65.37561,1296.4895,-118.91382,-126.66163,1308.05408,10.2664,70.68261,1314.91895,20.06498,-98.81271,1309.61597,59.15,46.05518,1240.64355
399,3.317,-135.59286,64.11707,1297.19678,-123.6688,-127.18371,1308.83093,5.54607,67.20278,1317.04565,15.36484,-100.83549,1310.74402,53.97097,43.95601,1241.67761
400,3.325,-140.3676,62.14542,1297.25806,-129.48064,-128.85013,1308.78552,1.15145,64.79912,1316.39038,9.67415,-103.93533,1311.82764,49.44159,42.25833,1241.81824
401,3.333,-145.07175,61.00098,1298.55493,-134.82933,-130.42372,1309.60071,-2.76293,63.89144,1317.47778,3.86308,-105.29153,1312.17053,43.65953,40.06978,1242.72668
402,3.342,-150.26997,60.5128,1298.89246,-139.76376,-131.32059,1309.9021,-8.98986,63.45728,1318.47107,-1.28448,-107.90222,1312.01904,38.89247,37.80455,1243.61035
403,3.35,-154.89792,57.40871,1298.00366,-145.84604,-133.55502,1309.69165,-14.4402,60.443,1318.07068,-5.87904,-107.95905,1312.37244,34.03135,36.06049,1243.3031
404,3.358,-159.83752,56.8669,1299.70911,-150.8846,-133.575,1309.63672,-19.26138,59.26093,1319.04529,-11.77006,-109.74566,1312.70264,29.26567,34.83026,1243.61829
405,3.367,-165.40498,55.4447,1299.84839,-156.90395,-136.93108,1310.26135,-22.04759,57.06224,1320.38611,-18.45168,-110.73692,1313.51147,24.21995,32.8586,1244.27441
406,3.375,-169.97636,53.93529,1300.13184,-162.53629,-137.7122,1310.32214,-28.75893,56.43734,1320.42957,-22.93983,-113.47469,1313.74023,18.98453,30.77339,1244.97546
407,3.383,-174.50476,53.05376,1300.34021,-168.00424,-137.80365,1311.14209,-33.72543,54.51424,1321.521,-28.15416,-115.65808,1313.97253,14.36577,28.98164,1245.77673
408,3.392,-179.25734,52.94534,1301.06458,-174.10162,-139.21046,1310.30872,-38.60045,52.98886,1322.46155,-34.62845,-116.50259,1313.29041,9.56181,26.78281,1246.20959
409,3.4,-184.50955,50.36206,1300.48511,-178.4673,-140.08203,1310.89465,-42.19935,50.80458,1321.67871,-40.34567,-119.07796,1314.36121,5.11104,25.43167,1246.73328
410,3.408,-189.17703,50.11292,1300.79749,-184.53757,-140.43689,1310.6958,-48.52234,46.51655,1322.03137,-45.98714,-119.97818,1315.42371,-0.1288,23.85873,1247.09229
411,3.417,-194.41785,48.77032,1300.46375,-190.38306,-143.82591,1310.3584,-52.11266,46.68374,1322.63989,-50.13908,-122.36778,1315.74719,-5.71524,22.11318,1247.70569
412,3.425,-199.41748,46.77867,1301.67993,-195.75279,-144.07899,1310.35535,-57.68032,45.56585,1323.71326,-56.00943,-123.74203,1316.10657,-10.44224,19.58939,1248.50525
413,3.433,-204.59563,46.66812,1301.49597,-201.84424,-145.64091,1310.56787,-62.35033,42.67385,1323.77539,-61.87054,-126.29428,1316.17444,-15.08678,18.65833,1248.67761
414,3.442,-209.47606,46.37389,1301.16418,-206.61932,-145.22435,1310.41626,-67.67095,42.30771,1323.45972,-67.72157,-126.87746,1316.56982,-20.68172,17.03743,1249.33398
415,3.45,-213.39244,45.3384,1301.67224,-212.78964,-146.44688,1310.28076,-74.56565,41.53504,1323.9082,-72.65968,-128.47879,1316.54834,-24.22561,15.33735,1249.53442
416,3.458,-218.54756,43.31641,1301.38867,-218.41982,-147.70981,1310.06653,-77.25321,40.56977,1323.77271,-77.99844,-130.13086,1316.21814,-29.54887,13.31194,1249.90686
417,3.467,-223.30328,43.74192,1301.91516,-223.2471,-148.1812,1310.44275,-82.29595,37.97079,1324.38489,-83.1499,-130.40363,1316.09985,-34.62522,11.82006,1250.24255
418,3.475,-228.55836,41.97151,1302.18054,-229.0619,-149.36845,1309.46667,-87.32494,37.12693,1324.4873,-89.41241,-131.91092,1316.44067,-38.87362,10.164,1250.526
419,3.483,-232.70374,41.59999,1300.97754,-234.72618,-149.76651,1308.58716,-91.00074,35.36525,1325.73889,-95.47649,-133.16098,1316.91162,-43.43323,9.14206,1250.42786
420,3.492,-237.87625,40.6595,1301.0481,-240.02492,-150.77425,1308.61194,-96.23138,34.56509,1323.47485,-99.90105,-134.41479,1317.0155,-49.36949,7.13341,1250.34082
421,3.5,-242.98203,40.9603,1301.22278,-245.18469,-150.86328,1308.4856,-102.77071,32.16781,1325.19226,-104.67928,-137.73795,1317.12585,-54.0546,6.25945,1250.61597
422,3.508,-246.52542,40.46325,1300.47986,-251.32193,-152.10602,1307.79053,-107.57988,34.50451,1325.15955,-109.98377,-137.0816,1316.35083,-58.95716,5.33257,1250.41284
423,3.517,-252.0063,39.83764,1299.94641,-255.40636,-151.08482,1308.04932,-110.87435,31.84392,1324.59729,-115.20756,-138.07881,1315.93445,-63.14596,4.55308,1250.62854
424,3.525,-256.65967,38.31492,1299.96631,-260.94128,-152.68936,1306.79016,-116.58221,30.17418,1324.86572,-120.63424,-138.94359,1316.39417,-67.73899,3.48019,1250.49573
425,3.533,-261.42731,37.69662,1300.11462,-266.47446,-153.86961,1307.06799,-119.87525,29.69881,1324.29797,-125.09279,-139.28899,1315.79309,-72.01374,2.59799,1250.56616
426,3.542,-265.57645,36.90954,1299.55457,-271.1593,-153.40889,1306.62219,-125.05188,28.48901,1324.42798,-131.57716,-140.06946,1315.7301,-77.33245,2.47562,1250.1134
427,3.55,-270.85812,37.45804,1299.0459,-276.66202,-153.49347,1305.39856,-131.44023,28.88867,1323.68579,-136.49026,-140.3315,1315.11694,-82.53876,1.28324,1249.39734
428,3.558,-275.565,37.44832,1298.76624,-281.6871,-154.23183,1304.77063,-136.18146,28.10588,1323.88513,-141.70715,-141.71742,1314.19214,-87.15371,0.19858,1249.30176
429,3.567,-280.43597,36.63764,1297.66028,-286.96109,-154.22473,1304.5896,-140.77838,27.72594,1323.71838,-146.22638,-140.60719,1314.29565,-92.55946,-0.49435,1249.41296
430,3.575,-284.89539,35.45123,1297.36145,-292.04459,-154.72675,1304.02136,-144.4514,26.37877,1323.08032,-152.6277,-142.15228,1314.61694,-96.91145,-0.96605,1248.95044
431,3.583,-290.41196,35.60395,1296.90637,-296.4704,-153.54309,1303.50342,-150.09026,28.15825,1322.98877,-156.11298,-142.10252,1314.42297,-101.29588,-1.12226,1248.41138
432,3.592,-295.30347,36.10198,1296.83716,-301.97852,-155.19197,1302.46777,-154.78137,25.76563,1322.26062,-162.51929,-142.50021,1314.20166,-106.55309,-0.95911,1248.73279
433,3.6,-300.06796,36.26133,1296.27588,-307.59769,-155.48997,1302.39063,-159.70313,25.10018,1321.61707,-167.14345,-142.21497,1312.94775,-111.60179,-1.62689,1248.54504
434,3.608,-305.37643,35.91661,1295.79724,-312.26334,-154.69458,1301.92651,-166.55966,25.9334,1321.3125,-172.28578,-143.98311,1312.34631,-116.64049,-1.66118,1247.9928
435,3.617,-310.33392,35.9516,1294.7887,-317.57852,-155.46558,1301.02173,-169.74823,27.03446,1321.0321,-177.1869,-142.34071,1311.93127,-121.6884,-0.2463,1247.35547
436,3.625,-315.547,35.51335,1294.20813,-321.75098,-155.1236,1300.31677,-176.9599,25.80085,1321.34912,-182.41539,-143.42422,1311.7157,-127.63587,-1.10587,1245.73376
437,3.633,-320.33582,36.2896,1293.45618,-326.89182,-155.64006,1299.97778,-180.95724,27.04137,1319.86963,-186.47998,-143.758,1310.3374,-132.92235,-0.46942,1245.80017
438,3.642,-325.61539,36.89003,1293.00244,-331.31171,-155.15649,1299.46191,-186.18153,27.4904,1319.95569,-192.07959,-142.50504,1309.50122,-137.43082,-1.28224,1245.3833
439,3.65,-331.4621,36.5546,1292.33459,-336.92395,-154.85457,1297.8999,-191.89586,27.26606,1318.51624,-196.9993,-143.36243,1309.03687,-143.05852,-0.26342,1244.63232
440,3.658,-336.19736,37.40573,1292.04041,-341.73099,-154.26239,1297.54346,-195.9697,27.22826,1316.63611,-202.36296,-142.18727,1308.49683,-147.86148,-0.16787,1243.91577
441,3.667,-342.06424,36.73408,1290.58862,-346.95035,-154.0768,1297.0907,-203.15331,28.87012,1316.98303,-208.13866,-141.63591,1307.61157,-152.66861,0.72036,1243.33667
442,3.675,-346.91177,37.49735,1289.96313,-351.88321,-152.6329,1296.24695,-206.89604,29.86366,1315.9823,-212.85501,-141.81999,1306.7782,-158.17253,1.73827,1242.51453
443,3.683,-352.44019,38.13695,1289.16077,-357.46854,-153.46358,1295.40479,-212.65205,27.57283,1314.13367,-217.36043,-140.9767,1305.58862,-163.37151,1.58409,1241.30591
444,3.692,-358.13248,38.73003,1288.75122,-362.1301,-153.21703,1295.07019,-216.05859,29.18167,1314.43994,-222.80014,-140.54861,1304.68091,-169.47235,2.7059,1240.09045
445,3.7,-363.77429,39.17624,1287.41162,-366.95801,-152.15656,1294.38379,-222.84874,29.68967,1313.45752,-227.2383,-139.34189,1303.11328,-174.94093,3.27889,1239.41626
446,3.708,-369.12662,39.54271,1286.97583,-372.50043,-151.67775,1293.32397,-228.25096,29.96248,1312.88501,-232.58232,-137.90819,1303.13184,-179.59868,5.11095,1239.2677
447,3.717,-374.37567,40.05168,1286.11121,-377.29065,-150.75491,1292.42383,-234.62909,34.06586,1312.46313,-238.73924,-137.51544,1302.2406,-185.40219,6.19827,1237.42688
448,3.725,-380.34149,40.4371,1285.36548,-383.49084,-151.03882,1291.60413,-239.47134,32.53998,1310.88025,-244.10396,-135.37111,1301.64746,-191.0284,6.18013,1236.43005
449,3.733,-385.84048,41.90998,1284.62109,-388.1647,-150.30719,1291.33875,-244.55258,32.28011,1309.03577,-249.63002,-135.64514,1301.31543,-196.44136,7.96208,1236.08948
450,3.742,-391.4776,42.05174,1283.42883,-393.68954,-150.40851,1290.36987,-249.44794,35.01667,1309.39136,-254.42043,-136.47601,1299.80737,-201.84906,8.49952,1236.11096
451,3.75,-396.92838,43.07135,1283.0769,-398.86746,-148.8656,1290.00427,-256.05643,34.33746,1308.30945,-260.22928,-134.83569,1299.44849,-208.31599,9.51875,1234.10913
452,3.758,-402.53943,43.90494,1282.43372,-404.36078,-148.45285,1289.57837,-262.16263,37.67897,1307.58215,-265.5408,-132.28362,1298.22986,-213.21147,11.52138,1232.52393
453,3.767,-408.97745,44.53548,1282.29663,-409.39508,-147.21075,1288.4978,-267.0462,37.93933,1306.63611,-270.09711,-130.21581,1297.51245,-218.86218,12.14341,1232.25684
454,3.775,-413.85446,46.20028,1281.79297,-414.56107,-145.84703,1287.8562,-273.99896,39.09228,1305.47461,-275.2037,-130.03381,1296.57349,-224.33275,12.97042,1231.19641
455,3.783,-420.11395,47.45725,1281.02466,-420.70093,-145.04961,1287.60999,-280.2597,41.30009,1305.07251,-282.40668,-127.6596,1296.6156,-230.74104,13.83081,1231.00134
456,3.792,-425.90488,48.07242,1279.94006,-425.76709,-144.19038,1287.27979,-286.0213,42.32796,1304.55078,-287.00015,-127.40278,1295.34082,-237.56906,16.39245,1229.98425
457,3.8,-430.78259,48.09633,1279.49951,-431.85745,-143.92523,1286.88501,-291.85452,43.38041,1304.05408,-292.39221,-126.65172,1295.2915,-242.52882,17.937,1229.92139
458,3.808,-437.17868,49.43539,1279.94116,-437.74374,-143.14789,1287.30066,-296.6803,45.01707,1304.7041,-297.28143,-123.88251,1295.18567,-248.23587,19.9342,1230.1842
459,3.817,-443.68176,51.15654,1278.85974,-442.47845,-141.69542,1287.92896,-302.71436,45.93351,1304.77478,-303.37839,-121.9361,1295.00391,-254.07565,20.24328,1230.84705
460,3.825,-450.92215,52.93045,1280.28882,-448.51031,-140.06088,1287.9574,-308.41678,47.36839,1304.32422,-309.0809,-122.3355,1295.16821,-260.61584,22.31619,1231.19763
461,3.833,-455.63644,54.2659,1280.33875,-454.59631,-138.67561,1288.42505,-315.52145,50.79618,1304.83459,-315.63406,-119.56435,1296.91467,-265.87729,24.33992,1231.33508
462,3.842,-461.85855,54.56743,1280.87061,-460.08133,-137.24353,1288.6333,-321.06207,50.09533,1304.51123,-320.34967,-119.21103,1296.8667,-272.23557,25.51269,1231.09277
463,3.85,-467.40958,56.64013,1281.65491,-466.57092,-136.20784,1289.04517,-328.33871,53.39914,1306.24731,-327.94751,-117.65691,1297.05542,-278.58963,26.96361,1231.6394
464,3.858,-473.62442,57.62163,1282.55139,-472.20349,-134.52422,1289.84717,-332.83936,54.21357,1305.79834,-332.61404,-115.13436,1296.55444,-284.23474,29.04159,1232.32739
465,3.867,-479.702,58.7367,1283.58118,-478.43704,-132.58464,1290.83142,-338.7142,55.31305,1306.33313,-338.26288,-113.75012,1298.87781,-291.16812,30.29207,1232.2146
466,3.875,-486.21948,59.75095,1284.03723,-483.75116,-132.07054,1291.68677,-344.36777,55.82384,1307.00122,-344.07791,-113.3888,1299.42139,-296.6709,32.03247,1233.20837
467,3.883,-491.71176,61.03624,1285.18896,-488.89243,-130.81499,1292.7489,-351.8548,59.85674,1309.7002,-349.9223,-111.64949,1299.79224,-302.32779,33.46597,1233.64343
468,3.892,-497.56848,63.39362,1286.75415,-494.41443,-128.44626,1294.38708,-357.36935,60.25827,1310.42212,-355.2886,-108.481,1301.6084,-308.42828,35.02682,1234.87231
469,3.9,-504.25021,64.24657,1287.51099,-499.95346,-126.52849,1295.25574,-363.65665,61.61944,1311.55273,-360.92285,-105.64627,1302.09668,-314.03207,37.27836,1235.02417
470,3.908,-509.56073,65.33597,1288.8158,-505.36017,-126.65295,1296.66785,-368.43744,63.86488,1311.87842,-366.52222,-104.90463,1302.65991,-321.54187,38.17713,1235.65271
471,3.917,-515.19189,67.62158,1290.26135,-510.94803,-124.95358,1298.42175,-374.41537,65.26366,1312.59045,-371.68317,-104.20333,1303.23706,-326.88242,39.84685,1236.66907
472,3.925,-521.93018,68.59656,1291.57239,-516.49414,-123.02644,1299.43274,-380.27451,66.17704,1313.42065,-376.48563,-101.10419,1304.83484,-331.89233,42.53655,1237.57288
473,3.933,-526.50922,70.72129,1292.38672,-521.62994,-122.06937,1300.73926,-385.16623,68.47851,1313.72412,-382.47644,-100.64378,1305.01648,-338.39578,42.86308,1238.7395
474,3.942,-532.26129,71.51897,1293.85547,-526.08881,-120.40664,1302.2583,-391.3371,70.00974,1314.21509,-388.40314,-98.82629,1306.62488,-343.8132,45.01301,1238.96008
475,3.95,-538.54456,73.40867,1295.08228,-531.42297,-119.64843,1302.68433,-396.48422,70.16079,1314.72327,-393.909,-97.19181,1307.59863,-348.82617,47.32232,1239.6748
476,3.958,-544.42902,74.20753,1296.01367,-536.0365,-117.77446,1304.3175,-402.01968,73.18002,1316.09729,-399.12463,-94.09068,1307.68408,-355.7576,49.27433,1240.20203
477,3.967,-549.79144,75.64085,1296.74463,-542.28571,-116.51427,1305.53076,-406.24274,75.10143,1316.27649,-403.13446,-92.6043,1307.80835,-361.46359,50.98492,1241.06055
478,3.975,-555.42511,76.96046,1297.44775,-546.82135,-114.90245,1305.77209,-415.73593,77.0673,1318.30969,-410.20737,-90.55904,1308.96387,-366.89478,52.576,1241.40588
479,3.983,-561.17877,78.77454,1298.5979,-552.35754,-113.28694,1306.47156,-418.70819,76.60692,1315.91101,-413.14789,-89.73502,1310.13367,-372.52432,55.83495,1241.8667
480,3.992,-566.76721,80.27917,1298.6012,-556.6062,-112.7822,1307.92419,-424.26785,81.76013,1318.0968,-418.83612,-87.7491,1310.35327,-378.32538,56.88358,1242.06738
481,4,-572.05817,80.85057,1298.88025,-562.35016,-111.16083,1308.35132,-432.19312,79.49071,1317.11719,-423.49939,-86.78013,1310.24756,-383.88214,58.8251,1242.58069
482,4.008,-577.22021,82.34378,1298.92554,-567.45612,-109.3344,1308.44788,-437.28018,82.37373,1318.50696,-429.21851,-84.32383,1310.82031,-389.42688,59.97182,1243.19116
483,4.017,-583.18665,83.76227,1299.25281,-572.4812,-108.37954,1308.47095,-442.48947,85.62,1318.21411,-434.28497,-84.20513,1311.7345,-395.11209,62.0638,1243.5127
484,4.025,-588.70862,84.76393,1299.53247,-576.38873,-107.6983,1309.27917,-447.49884,88.39627,1319.53381,-438.66318,-80.9498,1311.99976,-400.10574,63.48106,1242.96155
485,4.033,-593.35419,85.4869,1299.83191,-581.0766,-107.38556,1310.15027,-452.59219,88.01453,1319.20837,-443.95819,-80.41224,1312.44946,-405.88046,65.74496,1243.51025
486,4.042,-597.63354,85.57401,1299.14551,-586.31262,-106.17641,1310.63867,-458.97665,90.26197,1320.03015,-448.2652,-79.26433,1312.53357,-410.34119,67.00838,1243.50439
487,4.05,-603.51672,86.8539,1299.49341,-591.81201,-104.57076,1310.85059,-464.38638,92.9621,1320.71729,-453.56207,-76.99829,1312.86438,-415.88971,68.48557,1244.08521
488,4.058,-609.91077,88.67871,1299.54883,-596.28064,-103.34594,1310.26343,-468.5141,92.88058,1320.48535,-458.50336,-77.29009,1312.77246,-420.94507,69.41445,1244.18811
489,4.067,-614.38251,89.09914,1300.00903,-600.76294,-103.17575,1310.18726,-473.2251,92.75259,1320.65344,-463.11105,-75.46558,1313.87976,-425.9325,70.3848,1245.15735
490,4.075,-620.31964,89.26095,1299.41992,-605.46051,-102.12449,1310.04346,-479.62189,95.2863,1320.4071,-467.12766,-72.7952,1314.77039,-431.06726,73.76724,1245.51489
491,4.083,-624.81299,89.9106,1299.56812,-610.30377,-101.86383,1310.12488,-483.99509,97.78272,1319.27441,-472.12656,-69.79755,1314.66223,-436.62787,73.90101,1245.90271
492,4.092,-629.87775,90.29262,1299.05798,-615.06183,-100.8784,1310.36792,-490.47232,95.22018,1319.02478,-477.56586,-72.49191,1315.26697,-441.52289,74.8355,1246.28857
493,4.1,-635.55157,90.9404,1299.21399,-619.31061,-100.61539,1310.52051,-494.53632,98.51413,1319.29114,-480.5289,-70.47417,1315.61584,-446.08624,75.97121,1247.16406
494,4.108,-639.91986,92.19319,1299.59802,-624.02478,-99.34257,1310.30652,-500.28818,100.6941,1320.18774,-485.52911,-68.45391,1316.72839,-451.2377,76.5597,1247.25256
495,4.117,-645.63055,92.33834,1300.05347,-629.22522,-98.91624,1310.39246,-506.27411,99.50613,1320.83887,-489.86041,-67.05252,1316.46667,-455.97525,78.45089,1248.01001
496,4.125,-650.19458,92.29845,1299.77869,-633.12988,-98.66386,1310.4248,-509.52783,100.51357,1322.16406,-495.17435,-68.62707,1316.69434,-460.77481,79.35915,1248.41675
497,4.133,-654.97906,92.77963,1299.92041,-637.84949,-97.73899,1310.79504,-514.82965,102.95634,1322.40979,-498.94272,-66.16299,1316.7113,-465.40112,79.81904,1248.80249
498,4.142,-660.08978,92.36913,1299.77686,-642.58038,-96.87618,1310.66736,-519.5611,103.11671,1323.49854,-504.30954,-65.11031,1316.23035,-469.7196,79.61201,1250.07825
499,4.15,-665.38196,92.98022,1300.64819,-646.57776,-97.51681,1311.13,-525.64142,103.37474,1323.73193,-508.76825,-63.92785,1316.60974,-475.36441,82.18279,1248.8457
500,4.158,-669.41754,93.94955,1300.44849,-650.62341,-96.82724,1311.099,-530.16016,105.37428,1324.47327,-513.74347,-62.9799,1317.21375,-479.60208,82.69084,1249.29419
501,4.167,-674.67346,93.61302,1300.82813,-655.79498,-95.98715,1311.22571,-535.21967,104.4836,1323.73743,-519.94409,-61.90105,1318.00354,-484.72635,84.62233,1248.90222
502,4.175,-679.60687,95.034,1300.75488,-659.69934,-96.15281,1311.24634,-541.31464,104.48631,1323.44495,-521.71912,-61.95959,1318.19275,-490.06564,84.47932,1249.58704
503,4.183,-684.0741,95.18104,1301.20984,-664.51715,-96.6943,1312.14514,-543.50531,105.81012,1324.56775,-527.55969,-63.57431,1318.04321,-494.55151,84.81609,1250.26978
504,4.192,-688.97992,95.36407,1301.23425,-668.83337,-96.41445,1311.87256,-549.4447,105.18012,1324.59192,-532.69739,-61.31023,1317.59778,-498.32388,85.06966,1249.84229
505,4.2,-693.41376,94.99996,1301.33423,-672.74481,-96.56076,1312.33362,-554.42291,105.83533,1324.2533,-536.53619,-61.29982,1317.51306,-503.79257,86.05068,1250.17957
506,4.208,-698.45349,95.69765,1301.45935,-676.85669,-95.94534,1311.65845,-558.41486,107.32412,1323.65491,-539.14703,-60.74896,1316.45667,-508.05139,86.14545,1250.79578
507,4.217,-703.28711,95.37862,1300.87598,-681.86145,-95.48234,1311.98181,-564.40857,107.10618,1324.2417,-546.12012,-60.6625,1318.17554,-512.73175,86.95995,1250.48486
508,4.225,-707.31769,95.75659,1300.64917,-686.31805,-95.10805,1311.6864,-568.8429,106.98083,1324.21106,-551.65118,-60.29553,1318.68262,-517.62885,85.63495,1250.53101
509,4.233,-712.328,94.90097,1300.599,-690.41772,-95.14927,1311.44214,-572.59308,108.13734,1324.71143,-553.88483,-59.91728,1318.3606,-522.42676,85.99664,1249.42224
510,4.242,-716.92566,94.88269,1300.82495,-695.35736,-96.12542,1312.08325,-577.38324,107.74501,1323.64087,-558.52258,-59.87741,1317.45496,-527.42157,87.6685,1249.87451
511,4.25,-721.75482,95.39606,1300.3999,-700.15546,-96.36088,1311.45325,-581.83636,106.43478,1323.25049,-562.99097,-61.0647,1319.09229,-531.15851,87.45335,1249.95667
512,4.258,-726.24445,94.98497,1299.92444,-703.81384,-95.87219,1310.55481,-587.4079,107.60769,1321.22339,-569.3808,-61.03028,1317.61548,-535.74481,87.02045,1249.10706
513,4.267,-730.60114,95.04455,1299.61841,-708.83917,-96.19022,1310.50476,-593.42896,106.24354,1322.59814,-573.41931,-60.51756,1317.50586,-541.29407,85.69688,1249.51135
514,4.275,-735.38995,95.85451,1298.82251,-712.71606,-96.02216,1309.90906,-596.30084,107.83715,1323.25378,-576.34216,-61.27108,1316.44202,-544.73175,86.55848,1248.86365
515,4.283,-740.83911,95.03256,1298.64441,-718.62695,-96.53809,1309.79626,-599.82227,107.34029,1322.69885,-582.35181,-60.50623,1316.39075,-549.63428,87.05193,1248.6394
516,4.292,-745.05682,94.32887,1298.07092,-723.25262,-96.7395,1309.40332,-605.91138,106.59212,1322.73425,-588.0907,-60.248,1314.84131,-554.93347,86.85501,1247.99524
517,4.3,-749.54279,94.42716,1297.84961,-727.97662,-97.41947,1308.68372,-611.57031,109.27229,1323.53687,-588.78125,-61.10526,1315.27454,-557.73334,85.96066,1247.43652
518,4.308,-754.34552,94.02568,1296.80884,-732.54034,-97.11311,1307.60059,-614.31665,103.29489,1320.27686,-595.88202,-62.64114,1314.61963,-563.8335,84.67325,1247.75549
519,4.317,-757.8988,93.93852,1295.79346,-737.81427,-97.34609,1306.76721,-619.70721,104.90207,1320.22424,-600.73462,-60.56392,1315.31494,-568.02997,84.92309,1246.77258
520,4.325,-762.41364,93.47552,1295.35205,-742.27625,-97.38431,1306.54736,-623.60608,105.40824,1319.39404,-605.33356,-63.28252,1314.12219,-572.19525,84.29984,1246.2301
521,4.333,-768.12195,92.72995,1294.83191,-746.69476,-98.44124,1305.44885,-629.89386,102.96366,1319.32605,-610.10876,-64.19994,1313.34241,-576.82574,82.98043,1245.53943
522,4.342,-773.00854,92.68729,1293.96448,-751.16718,-98.31998,1304.76563,-631.91766,104.29065,1319.09607,-614.58844,-64.89009,1313.03528,-581.5036,81.52225,1245.98364
523,4.35,-777.242,92.3259,1293.1543,-756.84747,-99.7692,1304.19055,-637.8847,102.6119,1318.93237,-618.65845,-64.98246,1312.33203,-586.43237,81.95267,1244.72778
524,4.358,-782.17401,91.86581,1292.66809,-761.16541,-100.15276,1303.87988,-642.98956,102.57938,1316.40503,-624.05908,-64.67899,1312.46753,-589.69708,79.99816,1244.13464
525,4.367,-786.46094,90.91716,1291.7406,-766.38312,-101.40573,1302.66785,-646.23486,96.98779,1314.9198,-629.1991,-67.05827,1311.80273,-595.77271,78.76446,1242.58435
526,4.375,-791.12,89.72992,1291.10718,-771.28638,-102.36767,1301.96863,-650.40527,98.76081,1314.30481,-634.46552,-67.75835,1309.90637,-599.78174,79.05039,1242.16882
527,4.383,-795.10443,89.31961,1290.48499,-775.93463,-103.26767,1301.77759,-656.05408,99.70982,1314.40601,-639.27368,-69.42129,1309.32031,-604.57751,78.17943,1242.08264
528,4.392,-799.02234,88.21243,1289.75342,-781.20465,-104.3347,1300.75586,-658.84479,95.14735,1312.55176,-643.30994,-71.08595,1308.18958,-609.03241,75.56829,1240.45898
529,4.4,-805.76306,87.58652,1288.45032,-786.36462,-104.35098,1299.62585,-664.79285,96.45976,1311.34204,-648.82782,-71.39769,1307.22083,-613.43555,73.82616,1239.552
530,4.408,-810.10126,86.46135,1288.02808,-790.96863,-106.12819,1298.72009,-670.39459,94.3131,1311.74585,-653.68115,-73.44874,1306.49133,-618.79578,72.68616,1238.41528
531,4.417,-814.25989,85.05701,1287.75635,-795.72559,-107.25574,1298.05481,-672.78644,93.76057,1310.83289,-658.36914,-74.78087,1305.26123,-622.47186,70.50883,1238.10266
532,4.425,-818.70978,84.46346,1286.63232,-800.56635,-108.89053,1297.24231,-677.38086,90.22271,1310.48718,-663.12811,-77.05824,1303.83704,-627.0824,69.05331,1235.67603
533,4.433,-822.33588,83.57693,1285.83984,-805.42322,-110.47875,1296.24988,-681.13947,87.43899,1308.24146,-667.31732,-78.31551,1303.28186,-631.39423,66.75163,1235.10571
534,4.442,-827.19196,81.51228,1284.92322,-810.51398,-111.28854,1295.3197,-685.9151,87.31857,1306.83752,-673.1366,-80.51572,1301.95544,-635.80176,65.70145,1234.2179
535,4.45,-831.46606,80.81796,1284.83594,-815.45599,-113.05018,1294.58276,-691.52271,88.44951,1307.33521,-676.98596,-81.56505,1300.44873,-640.02582,63.13747,1232.63184
536,4.458,-836.59656,78.59878,1283.86987,-820.1723,-113.6447,1293.52405,-689.41986,79.30133,1305.77466,-682.78912,-83.48495,1299.75842,-644.97662,62.47536,1231.00769
537,4.467,-841.20837,77.81042,1283.49304,-825.48981,-115.61374,1292.25684,-697.63922,83.03011,1305.26807,-687.81128,-86.40208,1297.22217,-649.70844,58.86968,1230.65784
538,4.475,-845.8465,75.77212,1282.82031,-830.76978,-117.95863,1291.62866,-701.65308,78.17975,1302.35596,-692.70953,-86.61209,1296.43152,-654.24774,58.14281,1229.61035
539,4.483,-850.61737,74.67404,1281.66968,-835.8269,-119.75964,1290.2395,-707.29889,77.66785,1302.63354,-697.79498,-89.81825,1293.92896,-659.86285,55.73932,1228.28955
540,4.492,-855.28906,73.23964,1281.39221,-840.57648,-121.38241,1288.65515,-710.50323,75.04781,1301.63794,-701.8844,-92.40575,1292.83643,-663.9632,53.37535,1227.19995
541,4.5,-859.97705,71.54164,1281.05542,-845.65405,-122.4027,1287.83398,-716.31885,75.62448,1301.8689,-707.73602,-94.17332,1292.08008,-668.62488,50.20118,1225.91797
542,4.508,-864.85187,70.3754,1280.39636,-850.91437,-124.59248,1286.70215,-721.09344,71.70574,1299.20654,-712.05597,-94.54523,1290.49768,-673.72382,47.39978,1223.43042
543,4.517,-869.03888,68.25315,1279.76062,-856.40448,-126.56272,1286.18481,-724.8584,68.7757,1298.73096,-718.27722,-98.60162,1290.33899,-678.04761,45.11892,1223.0675
544,4.525,-870.93555,65.79723,1278.52954,-861.32336,-128.07213,1285.47705,-731.03674,69.93114,1299.02283,-723.43365,-102.31235,1288.59973,-682.72614,43.38955,1221.64124
545,4.533,-875.73602,63.74158,1278.40295,-866.54248,-130.50821,1284.46362,-733.32483,64.0812,1297.44495,-727.86072,-104.30946,1288.6925,-687.19208,40.3101,1221.7749
546,4.542,-880.50079,61.57558,1278.65662,-872.44354,-132.85832,1284.54358,-740.68945,61.92596,1296.73193,-734.31836,-106.59075,1288.32727,-692.9953,39.34612,1221.39795
547,4.55,-885.58759,60.02527,1278.44421,-877.40179,-134.68602,1284.32544,-746.40295,61.38708,1297.72144,-738.83997,-109.25838,1288.26257,-697.89276,35.59328,1220.20947
548,4.558,-890.98389,57.90372,1279.32532,-883.34534,-136.75275,1284.08484,-749.68365,54.53271,1296.33435,-744.4632,-109.99933,1287.51526,-702.4472,34.46064,1220.55945
549,4.567,-895.64227,56.05213,1279.64673,-888.83582,-137.95576,1284.04761,-755.09283,56.84031,1296.85425,-749.40497,-113.17995,1287.93384,-708.33954,30.74207,1220.39722
550,4.575,-901.5675,54.53582,1280.21179,-894.35101,-139.57341,1284.03467,-759.65662,52.593,1297.54822,-755.32318,-115.89714,1287.24084,-713.55023,28.19304,1220.9054
551,4.583,-905.19543,51.43915,1280.45642,-899.08148,-141.49214,1284.68555,-765.82703,55.32241,1298.94043,-760.87207,-117.10176,1288.25562,-719.03699,25.61419,1221.83582
552,4.592,-911.49634,50.46478,1281.30872,-905.16754,-143.55824,1286.88513,-769.92285,49.66902,1298.64893,-766.10547,-119.64768,1288.38928,-724.30811,24.22968,1221.26282
553,4.6,-916.7157,48.2231,1281.58887,-910.6178,-144.9837,1286.96545,-777.39069,47.21648,1300.4624,-771.46997,-123.19676,1289.4541,-730.0517,22.13373,1222.21387
554,4.608,-920.98914,45.61529,1282.71924,-915.65497,-148.01135,1288.0614,-778.91388,45.83639,1300.09558,-776.00806,-122.82628,1289.5188,-734.24957,21.67946,1223.48706
555,4.617,-926.44476,44.6295,1283.75793,-921.79767,-149.27847,1288.52893,-786.24487,42.25407,1301.90625,-782.81183,-126.49012,1290.27368,-740.18622,18.63268,1223.82788
556,4.625,-931.10828,41.96492,1284.52283,-926.61975,-150.83253,1289.42212,-789.81787,40.05267,1301.85681,-787.44708,-127.91453,1290.1189,-745.01044,16.32749,1224.49719
557,4.633,-936.88397,40.74174,1285.75562,-931.85022,-153.84151,1290.92322,-795.29993,38.58911,1302.78625,-791.80988,-128.7433,1292.43066,-750.99097,13.68329,1225.0979
558,4.642,-941.54614,38.34211,1287.11133,-937.81653,-155.26906,1292.18311,-801.77521,34.85415,1303.60205,-799.03339,-132.78358,1292.18445,-755.21198,10.98352,1225.42249
559,4.65,-946.3139,35.8656,1288.05615,-942.58209,-156.67902,1292.97107,-807.81006,37.40241,1304.71362,-804.0321,-133.29907,1293.54907,-760.59546,10.97577,1225.85071
560,4.658,-951.97363,34.22894,1289.15344,-948.33472,-159.28517,1294.04993,-811.31226,31.07437,1304.56287,-808.33185,-137.57097,1294.49731,-766.40021,8.86909,1227.07837
561,4.667,-957.00714,32.32352,1289.35669,-954.37439,-160.89919,1295.08337,-816.69305,32.96362,1305.79431,-814.87677,-138.26628,1293.52856,-771.66058,6.09953,1227.55261
562,4.675,-961.95343,30.73039,1290.17065,-958.86475,-162.50745,1296.12781,-821.43848,28.01601,1306.79224,-820.10657,-139.25574,1293.88159,-775.77814,4.12864,1227.66675
563,4.683,-967.57733,29.27775,1291.17163,-964.38385,-164.21117,1296.45911,-826.29663,23.03063,1306.42749,-825.68738,-144.14258,1295.50964,-781.83496,-0.17444,1229.50415
